Workbook
Name Slicer_Reporting_Period_Name: #N/A
Name Slicer_Reporting_unit_name: #N/A
Name Slicer_Scope: #N/A
Name Slicer_Scope_Category: #N/A

Sheet hierarchy
A1: Name | B1: Parent Name | C1: Reporting Unit Type | D1: Open Date | E1: Close Date | F1: Country | G1: Sub-region | H1: Region | I1: State | J1: Postcode | K1: Latitude | L1: Longitude | M1: Viewers | N1: Data Managers | O1: Approvers | P1: Column1
A2: Asia Pacific | B2: Top of Hierarchy | C2: Region | D2: 36526 | E2: 31/12/2100 | H2: Asia | M2: jrohde.env@gmail.com | P2: 3279
A3: Europe | B3: Top of Hierarchy | C3: Region | D3: 36526 | E3: 31/12/2100 | H3: Europe | M3: jrohde.env@gmail.com | P3: 3278
A4: Middle East / Africa | B4: Top of Hierarchy | C4: Region | D4: 36526 | E4: 31/12/2100 | H4: Africa | M4: jrohde.env@gmail.com | P4: 3280
A5: North America | B5: Top of Hierarchy | C5: Region | D5: 36526 | E5: 31/12/2100 | H5: Americas | M5: jrohde.env@gmail.com | P5: 3276
A6: South America | B6: Top of Hierarchy | C6: Region | D6: 36526 | E6: 31/12/2100 | H6: Americas | M6: jrohde.env@gmail.com | P6: 3277
A7: Vantage_Granollers | B7: Europe | C7: Labratory | D7: 44197 | E7: 31/12/2022 | F7: Spain | G7: Southern Europe | H7: Europe | P7: 3300
A8: Vantage_South Africa | B8: Middle East / Africa | C8: Labratory | D8: 44197 | E8: 31/12/2022 | F8: South Africa | G8: Sub-Saharan Africa | H8: Africa | O8: jordyn.dean@anthesisgroup.com | P8: 3313
A9: Vantage_Chicago | B9: North America | C9: Labratory | D9: 44197 | E9: 31/12/2022 | F9: United States of America | G9: Northern America | H9: Americas | I9: IL | J9: 60609 | P9: 3294
A10: Vantage_Dateland | B10: North America | C10: Labratory | D10: 44197 | E10: 31/12/2022 | F10: United States of America | G10: Northern America | H10: Americas | I10: AZ | J10: 85333 | P10: 3296
A11: Vantage_Argentina Farm (Agrinsa) | B11: South America | C11: Labratory | D11: 44197 | E11: 31/12/2022 | F11: Argentina | G11: Latin America and the Caribbean | H11: Americas | P11: 3290
A12: Vantage_Shanghai | B12: Asia Pacific | C12: Warehouse | D12: 44197 | E12: 31/12/2022 | F12: China | G12: Eastern Asia | H12: Asia | P12: 3312
A13: Vantage_Linden | B13: North America | C13: Warehouse | D13: 44197 | E13: 31/12/2022 | F13: United States of America | G13: Northern America | H13: Americas | I13: NJ | J13: 7036 | P13: 3306
A14: Vantage_Tlalnepantla de Baz | B14: North America | C14: Warehouse | D14: 44197 | E14: 31/12/2022 | F14: Mexico | G14: Latin America and the Caribbean | H14: Americas | P14: 3314
A15: Vantage_Mumbai | B15: Asia Pacific | C15: Office | D15: 44197 | E15: 31/12/2022 | F15: India | G15: Southern Asia | H15: Asia | P15: 3307
A16: Vantage_Les Borges | B16: Europe | C16: Office | D16: 44197 | E16: 31/12/2022 | F16: Spain | G16: Southern Europe | H16: Europe | P16: 3303
A17: Vantage_Carnegie | B17: North America | C17: Office | D17: 44197 | E17: 31/12/2022 | F17: United States of America | G17: Northern America | H17: Americas | I17: PA | J17: 15106 | P17: 3293
A18: Vantage_Deerfield | B18: North America | C18: Office | D18: 44197 | E18: 31/12/2022 | F18: United States of America | G18: Northern America | H18: Americas | I18: IL | J18: 60015 | P18: 3297
A19: Vantage_Englewood | B19: North America | C19: Office | D19: 44197 | E19: 31/12/2022 | F19: United States of America | G19: Northern America | H19: Americas | I19: OH | P19: 3298
A20: Vantage_Fairfield | B20: North America | C20: Office | D20: 44197 | E20: 31/12/2022 | F20: United States of America | G20: Northern America | H20: Americas | I20: NJ | J20: 7004 | P20: 3299
A21: Vantage_Gurnee | B21: North America | C21: Office | D21: 44197 | E21: 31/12/2022 | F21: United States of America | G21: Northern America | H21: Americas | I21: IL | P21: 3302
A22: Vantage_Pittsburgh | B22: North America | C22: Office | D22: 44197 | E22: 31/12/2022 | F22: United States of America | G22: Northern America | H22: Americas | I22: PA | J22: 15205 | P22: 3309
A23: Vantage_Tucson | B23: North America | C23: Office | D23: 44197 | E23: 31/12/2022 | F23: United States of America | G23: Northern America | H23: Americas | I23: AZ | P23: 3315
A24: Vantage_Warren | B24: North America | C24: Office | D24: 44197 | E24: 31/12/2022 | F24: United States of America | G24: Northern America | H24: Americas | I24: NJ | J24: 7059 | P24: 3316
A25: Vantage_Bogotá | B25: South America | C25: Office | D25: 44197 | E25: 31/12/2022 | F25: Colombia | G25: Latin America and the Caribbean | H25: Americas | P25: 3291
A26: Vantage_Lima | B26: South America | C26: Office | D26: 44197 | E26: 31/12/2022 | F26: Peru | G26: Latin America and the Caribbean | H26: Americas | P26: 3305
A27: Vantage_Delta | B27: North America | C27: Factory | D27: 44562 | E27: 15/10/2022 | F27: United States of America | G27: Northern America | H27: Americas | I27: CO | P27: 8698
A28: Vantage_Buenos Aires | B28: South America | C28: Factory | D28: 44197 | E28: 31/12/2022 | F28: Argentina | G28: Latin America and the Caribbean | H28: Americas | P28: 3292
A29: Vantage_Paris | B29: Europe | C29: Unspecified Facility Type | D29: 44197 | E29: 31/12/2022 | F29: France | G29: Western Europe | H29: Europe | P29: 3308
A30: Vantage_Costa_Rica | B30: North America | C30: Unspecified Facility Type | D30: 44197 | E30: 31/12/2022 | F30: Costa Rica | G30: Latin America and the Caribbean | H30: Americas | P30: 3295
A31: Vantage_Guatemala City | B31: South America | C31: Unspecified Facility Type | D31: 44197 | E31: 31/12/2022 | F31: Guatemala | G31: Latin America and the Caribbean | H31: Americas | P31: 3301
A32: Vantage_Santiago | B32: South America | C32: Unspecified Facility Type | D32: 44197 | E32: 31/12/2022 | F32: Chile | G32: Latin America and the Caribbean | H32: Americas | P32: 3310
A33: Vantage_Sao Paulo | B33: South America | C33: Unspecified Facility Type | D33: 44197 | E33: 31/12/2022 | F33: Brazil | G33: Latin America and the Caribbean | H33: Americas | P33: 3311
A34: Vantage_Leuna | B34: Europe | C34: Office (with heat & steam) | D34: 44197 | E34: 31/12/2022 | F34: Germany | G34: Western Europe | H34: Europe | P34: 3304
A35: Top of Hierarchy | C35: Organisation | P35: 9410
A36: Scope 3 Inventory | B36: Top of Hierarchy | C36: Scope 3 Inventory | D36: 31/01/1900 | E36: 31/12/2099 | P36: 22402
A37: Category 2 (Capital Goods) | B37: Scope 3 Inventory | C37: Category 2 (Capital Goods) | D37: 31/01/1900 | E37: 31/12/2099 | F37: United States of America | G37: Northern America | H37: Americas | P37: 22405
A38: Category 4 (Upstream Transportation and Distribution) | B38: Scope 3 Inventory | C38: Category 4 (Upstream Transportation and Distribution) | D38: 31/01/1900 | E38: 31/12/2099 | F38: United States of America | G38: Northern America | H38: Americas | P38: 22406
A39: Category 6 (Business Travel) | B39: Scope 3 Inventory | C39: Category 6 (Business Travel) | D39: 31/01/1900 | E39: 31/12/2099 | F39: United States of America | G39: Northern America | H39: Americas | P39: 22404
A40: Category 5 (Waste Generated in Operations) | B40: Scope 3 Inventory | C40: Category 5 (Waste Generated in Operations) | D40: 31/01/1900 | E40: 31/12/2099 | F40: United States of America | G40: Northern America | H40: Americas | P40: 22407
A41: Category 1 (Purchased Goods and Services) | B41: Scope 3 Inventory | C41: Category 1 (Purchased Goods and Services) | D41: 31/01/1900 | E41: 31/12/2099 | F41: United States of America | G41: Northern America | H41: Americas | P41: 22403

Sheet data
A1: ID2 | B1: Reporting Unit Name | C1: Reporting Period Name | D1: Activity Group | E1: Start Period | F1: End Period | G1: Activity | H1: Quantity | I1: Unit | J1: Data Quality | K1: User | L1: Created Date | M1: Calculation Status | N1: Calculation Date | O1: Note | P1: Evidence | Q1: Column1 | R1: Column2 | S1: Column3
C2: 1676931 | D2: Top of Hierarchy > Scope 3 Inventory | E2: FY22 (Jan. 1, 2022 - Dec. 31, 2022) | F2: 12. End-of-life treatment of sold products | G2: 01-Oct-22 | H2: 31-Dec-22 | I2: 12. End-of-life treatment of sold products | J2: 113738.1 | K2: metric tonnes | L2: Estimated | M2: Daniella Giardetti | N2: 03-Aug-23, 19:32 | P2: Calculated | Q2: 03-Aug-23, 19:32
C3: 1676920 | D3: Top of Hierarchy > Scope 3 Inventory | E3: FY22 (Jan. 1, 2022 - Dec. 31, 2022) | F3: 1. Purchased goods and services | G3: 01-Jan-22 | H3: 31-Dec-22 | I3: 1. Purchased goods and services | J3: 805776.03 | K3: metric tonnes | L3: Estimated | M3: Daniella Giardetti | N3: 03-Aug-23, 19:29 | P3: Calculated | Q3: 08-Aug-23, 19:56
C4: 1676924 | D4: Top of Hierarchy > Scope 3 Inventory | E4: FY22 (Jan. 1, 2022 - Dec. 31, 2022) | F4: 2. Capital goods | G4: 01-Jan-22 | H4: 31-Dec-22 | I4: 2. Capital goods | J4: 2257.37 | K4: metric tonnes | L4: Estimated | M4: Daniella Giardetti | N4: 03-Aug-23, 19:30 | P4: Calculated | Q4: 08-Aug-23, 19:56
C5: 1676929 | D5: Top of Hierarchy > Scope 3 Inventory | E5: FY22 (Jan. 1, 2022 - Dec. 31, 2022) | F5: 4. Upstream transportation and distribution | G5: 01-Jan-22 | H5: 31-Dec-22 | I5: 4. Upstream transportation and distribution | J5: 22199.47 | K5: metric tonnes | L5: Estimated | M5: Daniella Giardetti | N5: 03-Aug-23, 19:31 | P5: Calculated | Q5: 03-Aug-23, 19:31
C6: 1676927 | D6: Top of Hierarchy > Scope 3 Inventory | E6: FY22 (Jan. 1, 2022 - Dec. 31, 2022) | F6: 5. Waste generated in operations | G6: 01-Jan-22 | H6: 31-Dec-22 | I6: 5. Waste generated in operations | J6: 4060.75 | K6: metric tonnes | L6: Estimated | M6: Daniella Giardetti | N6: 03-Aug-23, 19:31 | P6: Calculated | Q6: 08-Aug-23, 19:57
C7: 1676933 | D7: Top of Hierarchy > Scope 3 Inventory | E7: FY22 (Jan. 1, 2022 - Dec. 31, 2022) | F7: 11. Use of sold products | G7: 01-Jan-22 | H7: 31-Dec-22 | I7: 11. Use of sold products | J7: 2622.48 | K7: metric tonnes | L7: Estimated | M7: Daniella Giardetti | N7: 03-Aug-23, 19:32 | P7: Calculated | Q7: 03-Aug-23, 19:32
C8: 1676938 | D8: Top of Hierarchy > Scope 3 Inventory | E8: FY21 (Jan. 1, 2021 - Dec. 31, 2021) | F8: 2. Capital goods | G8: 01-Oct-21 | H8: 31-Dec-21 | I8: 2. Capital goods | J8: 1836.64 | K8: metric tonnes | L8: Estimated | M8: Daniella Giardetti | N8: 03-Aug-23, 20:01 | P8: Calculated | Q8: 08-Aug-23, 19:58
C9: 1677403 | D9: Top of Hierarchy > Scope 3 Inventory | E9: FY21 (Jan. 1, 2021 - Dec. 31, 2021) | F9: 4. Upstream transportation and distribution | G9: 01-Oct-21 | H9: 31-Dec-21 | I9: 4. Upstream transportation and distribution | J9: 17021.04 | K9: metric tonnes | L9: Estimated | M9: Daniella Giardetti | N9: 04-Aug-23, 16:27 | P9: Calculated | Q9: 08-Aug-23, 19:59
C10: 1677405 | D10: Top of Hierarchy > Scope 3 Inventory | E10: FY21 (Jan. 1, 2021 - Dec. 31, 2021) | F10: 5. Waste generated in operations | G10: 01-Oct-21 | H10: 31-Dec-21 | I10: 5. Waste generated in operations | J10: 2522.25 | K10: metric tonnes | L10: Estimated | M10: Daniella Giardetti | N10: 04-Aug-23, 16:28 | P10: Calculated | Q10: 08-Aug-23, 19:58
C11: 1677407 | D11: Top of Hierarchy > Scope 3 Inventory | E11: FY21 (Jan. 1, 2021 - Dec. 31, 2021) | F11: 11. Use of sold products | G11: 01-Oct-21 | H11: 31-Dec-21 | I11: 11. Use of sold products | J11: 740.94 | K11: metric tonnes | L11: Estimated | M11: Daniella Giardetti | N11: 04-Aug-23, 16:28 | P11: Calculated | Q11: 04-Aug-23, 16:28
C12: 1677409 | D12: Top of Hierarchy > Scope 3 Inventory | E12: FY21 (Jan. 1, 2021 - Dec. 31, 2021) | F12: 12. End-of-life treatment of sold products | G12: 01-Oct-21 | H12: 31-Dec-21 | I12: 12. End-of-life treatment of sold products | J12: 105039.06 | K12: metric tonnes | L12: Estimated | M12: Daniella Giardetti | N12: 04-Aug-23, 16:29 | P12: Calculated | Q12: 04-Aug-23, 16:29
C13: 1676922 | D13: Top of Hierarchy > Scope 3 Inventory | E13: FY21 (Jan. 1, 2021 - Dec. 31, 2021) | F13: 1. Purchased goods and services | G13: 01-Jan-21 | H13: 31-Dec-21 | I13: 1. Purchased goods and services | J13: 741930.79 | K13: metric tonnes | L13: Estimated | M13: Daniella Giardetti | N13: 03-Aug-23, 19:29 | P13: Calculated | Q13: 08-Aug-23, 19:58
C14: 294640 | D14: Top of Hierarchy > Middle East / Africa > Vantage_South Africa | E14: FY22 (Jan. 1, 2022 - Dec. 31, 2022) | F14: Electricity (non-renewable) | G14: 01-Jan-22 | H14: 31-Dec-22 | I14: Electricity (non-renewable) | J14: 41510.999 | K14: Kilowatt hours | L14: Actual Data | M14: Frank Greene | N14: 09-May-23, 16:29 | P14: Calculated | Q14: 20-Jul-23, 00:40 | R14: landlord invoice | S14: Vantage South Africa 2022 Sustainability Electricity and Water Data.pdf
C15: 1590451 | D15: Top of Hierarchy > Middle East / Africa > Vantage_South Africa | E15: FY22 (Jan. 1, 2022 - Dec. 31, 2022) | F15: Refrigerant gasses | G15: 01-Jan-22 | H15: 31-Dec-22 | I15: R-134A | J15: 4.8781995 | K15: kilograms | L15: Estimated | M15: Daniella Giardetti | N15: 25-Jul-23, 17:50 | P15: Calculated | Q15: 25-Jul-23, 17:50 | R15: Estimated from square footage. Assumed R134a.
C16: 294642 | D16: Top of Hierarchy > Middle East / Africa > Vantage_South Africa | E16: FY22 (Jan. 1, 2022 - Dec. 31, 2022) | F16: Gaseous fuel activities | G16: 01-Jan-22 | H16: 31-Dec-22 | I16: LPG | J16: 228 | K16: kilograms | L16: Estimated | M16: Frank Greene | N16: 09-May-23, 17:15 | P16: Calculated | Q16: 20-Jul-23, 00:40 | R16: Estimated based off last year
C17: 4963 | D17: Top of Hierarchy > Middle East / Africa > Vantage_South Africa | E17: FY21 (Jan. 1, 2021 - Dec. 31, 2021) | F17: Electricity (non-renewable) | G17: 01-Jan-21 | H17: 31-Dec-21 | I17: Electricity (non-renewable) | J17: 43695.568 | K17: Kilowatt hours | L17: Actual Data | M17: Frank Greene | N17: 27-Feb-23, 16:27 | P17: Calculated | Q17: 03-Aug-23, 20:20 | S17: Vantage South Africa 2021 Sustainability Electricity and Water Data, South Africa electricity and natural gas accounting (2).xlsx
C18: 5048 | D18: Top of Hierarchy > Middle East / Africa > Vantage_South Africa | E18: FY21 (Jan. 1, 2021 - Dec. 31, 2021) | F18: Refrigerant gasses | G18: 01-Jan-21 | H18: 31-Dec-21 | I18: HFC-134a | J18: 4.8782 | K18: kilograms | L18: Estimated | M18: Jordyn Dean | N18: 27-Feb-23, 16:27 | P18: Calculated | Q18: 20-Jul-23, 00:40
C19: 1230929 | D19: Top of Hierarchy > Middle East / Africa > Vantage_South Africa | E19: FY21 (Jan. 1, 2021 - Dec. 31, 2021) | F19: Gaseous fuel activities | G19: 01-Jan-21 | H19: 31-Dec-21 | I19: LPG | J19: 228 | K19: kilograms | L19: Actual Data | M19: Frank Greene | N19: 18-Jul-23, 19:37 | P19: Calculated | Q19: 20-Jul-23, 00:40 | S19: South Africa electricity and natural gas accounting (1).xlsx
C20: 283987 | D20: Top of Hierarchy > Asia Pacific > Vantage_Shanghai | E20: FY22 (Jan. 1, 2022 - Dec. 31, 2022) | F20: Electricity (non-renewable) | G20: 01-Jan-22 | H20: 31-Dec-22 | I20: Electricity (non-renewable) | J20: 29409 | K20: Kilowatt hours | L20: Actual Data | M20: Frank Greene | N20: 28-Apr-23, 19:46 | P20: Calculated | Q20: 20-Jul-23, 00:40 | S20: Bill of eletronic and water of office (1).pdf, Shanghai electricity accounting.xlsx
C21: 1590441 | D21: Top of Hierarchy > Asia Pacific > Vantage_Shanghai | E21: FY22 (Jan. 1, 2022 - Dec. 31, 2022) | F21: Natural gas | G21: 01-Jan-22 | H21: 31-Dec-22 | I21: Natural gas | J21: 3788.4519 | K21: Hundred Thousand BTUs | L21: Estimated | M21: Daniella Giardetti | N21: 25-Jul-23, 17:50 | P21: Calculated | Q21: 25-Jul-23, 17:50 | R21: Estimated from square footage (CBECS 2012)
C22: 1590449 | D22: Top of Hierarchy > Asia Pacific > Vantage_Shanghai | E22: FY22 (Jan. 1, 2022 - Dec. 31, 2022) | F22: Refrigerant gasses | G22: 44562 | H22: 31-Dec-22 | I22: R-134A | J22: 2.7555584 | K22: kilograms | L22: Estimated | M22: Daniella Giardetti | N22: 25-Jul-23, 17:50 | P22: Calculated | Q22: 25-Jul-23, 17:50 | R22: Estimated from square footage. Assumed R134a.
C23: 4962 | D23: Top of Hierarchy > Asia Pacific > Vantage_Shanghai | E23: FY21 (Jan. 1, 2021 - Dec. 31, 2021) | F23: Electricity (non-renewable) | G23: 01-Jan-21 | H23: 31-Dec-21 | I23: Electricity (non-renewable) | J23: 32374 | K23: Kilowatt hours | L23: Estimated | M23: Frank Greene | N23: 27-Feb-23, 16:27 | P23: Calculated | Q23: 03-Aug-23, 20:59 | S23: Y2021Vantage Shanghai (1).xlsx, Electronic and water bill Y2021 (1).PDF
C24: 4988 | D24: Top of Hierarchy > Asia Pacific > Vantage_Shanghai | E24: FY21 (Jan. 1, 2021 - Dec. 31, 2021) | F24: Natural gas | G24: 01-Jan-21 | H24: 31-Dec-21 | I24: Natural gas | J24: 2.3422269e+08 | K24: British Thermal Units | L24: Estimated | M24: Jordyn Dean | N24: 27-Feb-23, 16:27 | P24: Calculated | Q24: 20-Jul-23, 00:40
C25: 5021 | D25: Top of Hierarchy > Asia Pacific > Vantage_Shanghai | E25: FY21 (Jan. 1, 2021 - Dec. 31, 2021) | F25: Liquid fuel activities | G25: 01-Jan-21 | H25: 31-Dec-21 | I25: Diesel (100% mineral diesel) | J25: 0 | K25: litres | L25: Estimated | M25: Jordyn Dean | N25: 27-Feb-23, 16:27 | P25: Calculated | Q25: 20-Jul-23, 00:40
C26: 5047 | D26: Top of Hierarchy > Asia Pacific > Vantage_Shanghai | E26: FY21 (Jan. 1, 2021 - Dec. 31, 2021) | F26: Refrigerant gasses | G26: 01-Jan-21 | H26: 31-Dec-21 | I26: HFC-134a | J26: 2.7556 | K26: kilograms | L26: Estimated | M26: Jordyn Dean | N26: 27-Feb-23, 16:27 | P26: Calculated | Q26: 20-Jul-23, 00:40
C27: 293319 | D27: Top of Hierarchy > Asia Pacific > Vantage_Mumbai | E27: FY22 (Jan. 1, 2022 - Dec. 31, 2022) | F27: Electricity (non-renewable) | G27: 01-Jan-22 | H27: 31-Dec-22 | I27: Electricity (non-renewable) | J27: 1000 | K27: Kilowatt hours | L27: Estimated | M27: Frank Greene | N27: 08-May-23, 17:22 | P27: Calculated | Q27: 20-Jul-23, 00:40 | R27: shared facility; not sure actual value but have estimation
C28: 293321 | D28: Top of Hierarchy > Asia Pacific > Vantage_Mumbai | E28: FY22 (Jan. 1, 2022 - Dec. 31, 2022) | F28: Liquid fuel activities | G28: 01-Jan-22 | H28: 31-Dec-22 | I28: Diesel (average biofuel blend) | J28: 0 | K28: US liquid gallons | L28: Actual Data | M28: Frank Greene | N28: 08-May-23, 17:23 | P28: Calculated | Q28: 20-Jul-23, 00:40
C29: 293323 | D29: Top of Hierarchy > Asia Pacific > Vantage_Mumbai | E29: FY22 (Jan. 1, 2022 - Dec. 31, 2022) | F29: Gaseous fuel activities | G29: 01-Jan-22 | H29: 31-Dec-22 | I29: Propane | J29: 0 | K29: US liquid gallons | L29: Actual Data | M29: Frank Greene | N29: 08-May-23, 17:23 | P29: Calculated | Q29: 20-Jul-23, 00:40
C30: 4957 | D30: Top of Hierarchy > Asia Pacific > Vantage_Mumbai | E30: FY21 (Jan. 1, 2021 - Dec. 31, 2021) | F30: Electricity (non-renewable) | G30: 01-Jan-21 | H30: 31-Dec-21 | I30: Electricity (non-renewable) | J30: 2441.65 | K30: Kilowatt hours | L30: Estimated | M30: Jordyn Dean | N30: 27-Feb-23, 16:27 | P30: Calculated | Q30: 20-Jul-23, 00:40
C31: 4984 | D31: Top of Hierarchy > Asia Pacific > Vantage_Mumbai | E31: FY21 (Jan. 1, 2021 - Dec. 31, 2021) | F31: Natural gas | G31: 01-Jan-21 | H31: 31-Dec-21 | I31: Natural gas | J31: 0 | K31: British Thermal Units | L31: Estimated | M31: Jordyn Dean | N31: 27-Feb-23, 16:27 | P31: Calculated | Q31: 20-Jul-23, 00:40
C32: 5018 | D32: Top of Hierarchy > Asia Pacific > Vantage_Mumbai | E32: FY21 (Jan. 1, 2021 - Dec. 31, 2021) | F32: Liquid fuel activities | G32: 01-Jan-21 | H32: 31-Dec-21 | I32: Diesel (100% mineral diesel) | J32: 0 | K32: litres | L32: Estimated | M32: Jordyn Dean | N32: 27-Feb-23, 16:27 | P32: Calculated | Q32: 20-Jul-23, 00:40
C33: 5043 | D33: Top of Hierarchy > Asia Pacific > Vantage_Mumbai | E33: FY21 (Jan. 1, 2021 - Dec. 31, 2021) | F33: Refrigerant gasses | G33: 01-Jan-21 | H33: 31-Dec-21 | I33: HFC-134a | J33: 0.0646 | K33: kilograms | L33: Estimated | M33: Jordyn Dean | N33: 27-Feb-23, 16:27 | P33: Calculated | Q33: 20-Jul-23, 00:40
C34: 11229 | D34: Top of Hierarchy > Europe > Vantage_Paris | E34: FY22 (Jan. 1, 2022 - Dec. 31, 2022) | F34: Electricity (non-renewable) | G34: 01-Jan-22 | H34: 31-Dec-22 | I34: Electricity (non-renewable) | J34: 0 | K34: Kilowatt hours | L34: Actual Data | M34: Frank Greene | N34: 16-Mar-23, 21:16 | P34: Calculated | Q34: 20-Jul-23, 00:40 | R34: This site closed Dec 31 2021
C35: 232861 | D35: Top of Hierarchy > Europe > Vantage_Paris | E35: FY22 (Jan. 1, 2022 - Dec. 31, 2022) | F35: Natural gas | G35: 01-Jan-22 | H35: 31-Dec-22 | I35: Natural gas | J35: 0 | K35: joules | L35: Actual Data | M35: Frank Greene | N35: 18-Apr-23, 21:48 | P35: Calculated | Q35: 20-Jul-23, 00:40 | R35: This site closed Dec 31 2021
C36: 232859 | D36: Top of Hierarchy > Europe > Vantage_Paris | E36: FY22 (Jan. 1, 2022 - Dec. 31, 2022) | F36: Liquid fuel activities | G36: 01-Jan-22 | H36: 31-Dec-22 | I36: Aviation spirit | J36: 0 | K36: British Thermal Units | L36: Actual Data | M36: Frank Greene | N36: 18-Apr-23, 21:47 | P36: Calculated | Q36: 20-Jul-23, 00:40 | R36: This site closed Dec 31 2021
C37: 232863 | D37: Top of Hierarchy > Europe > Vantage_Paris | E37: FY22 (Jan. 1, 2022 - Dec. 31, 2022) | F37: Refrigerant gasses | G37: 01-Jan-22 | H37: 31-Dec-22 | I37: HFC-23 | J37: 0 | K37: Kilotonne | L37: Actual Data | M37: Frank Greene | N37: 18-Apr-23, 21:48 | P37: Calculated | Q37: 20-Jul-23, 00:40 | R37: This site closed Dec 31 2021
C38: 294648 | D38: Top of Hierarchy > Europe > Vantage_Paris | E38: FY22 (Jan. 1, 2022 - Dec. 31, 2022) | F38: Gaseous fuel activities | G38: 01-Jan-22 | H38: 31-Dec-22 | I38: LPG | J38: 0 | K38: cubic feet | L38: Actual Data | M38: Frank Greene | N38: 09-May-23, 19:25 | P38: Calculated | Q38: 20-Jul-23, 00:40
C39: 4958 | D39: Top of Hierarchy > Europe > Vantage_Paris | E39: FY21 (Jan. 1, 2021 - Dec. 31, 2021) | F39: Electricity (non-renewable) | G39: 01-Jan-21 | H39: 31-Dec-21 | I39: Electricity (non-renewable) | J39: 23387 | K39: Kilowatt hours | L39: Actual Data | M39: Dylan Stogsdill | N39: 27-Feb-23, 16:27 | P39: Calculated | Q39: 20-Jul-23, 00:40 | S39: Paris Electricity Accounting
C40: 255499 | D40: Top of Hierarchy > Europe > Vantage_Leuna | E40: FY22 (Jan. 1, 2022 - Dec. 31, 2022) | F40: Electricity (non-renewable) | G40: 01-Jan-22 | H40: 31-Dec-22 | I40: Electricity (non-renewable) | J40: 15237808 | K40: Kilowatt hours | L40: Actual Data | M40: Frank Greene | N40: 26-Apr-23, 17:34 | P40: Calculated | Q40: 20-Jul-23, 00:40 | S40: InfraLeuna_Strom_Dampf_2022.zip, Energieträger 2022.xls
C41: 255501 | D41: Top of Hierarchy > Europe > Vantage_Leuna | E41: FY22 (Jan. 1, 2022 - Dec. 31, 2022) | F41: Natural gas | G41: 01-Jan-22 | H41: 31-Dec-22 | I41: Natural gas | J41: 333 | K41: Kilowatt hours | L41: Actual Data | M41: Frank Greene | N41: 26-Apr-23, 17:35 | P41: Calculated | Q41: 20-Jul-23, 00:40 | S41: InfraLeuna_Strom_Dampf_2022.zip, Energieträger 2022.xls
C42: 255503 | D42: Top of Hierarchy > Europe > Vantage_Leuna | E42: FY22 (Jan. 1, 2022 - Dec. 31, 2022) | F42: Liquid fuel activities | G42: 01-Jan-22 | H42: 31-Dec-22 | I42: Petrol (average biofuel blend) | J42: 5895.22 | K42: litres | L42: Actual Data | M42: Frank Greene | N42: 26-Apr-23, 17:35 | P42: Calculated | Q42: 20-Jul-23, 00:40 | S42: OneDrive_2023-05-02 (1).zip, Auswertung für Betankung 2022.xlsx
C43: 255506 | D43: Top of Hierarchy > Europe > Vantage_Leuna | E43: FY22 (Jan. 1, 2022 - Dec. 31, 2022) | F43: Liquid fuel activities | G43: 01-Jan-22 | H43: 31-Dec-22 | I43: Diesel (average biofuel blend) | J43: 9842.58 | K43: litres | L43: Actual Data | M43: Frank Greene | N43: 26-Apr-23, 17:39 | P43: Calculated | Q43: 20-Jul-23, 00:40 | S43: OneDrive_2023-05-02 (1).zip, Auswertung für Betankung 2022.xlsx
C44: 290088 | D44: Top of Hierarchy > Europe > Vantage_Leuna | E44: FY22 (Jan. 1, 2022 - Dec. 31, 2022) | F44: Liquid fuel activities | G44: 01-Jan-22 | H44: 31-Dec-22 | I44: Gas oil | J44: 48.14 | K44: litres | L44: Actual Data | M44: Frank Greene | N44: 02-May-23, 21:57 | P44: Calculated | Q44: 20-Jul-23, 00:40 | S44: OneDrive_2023-05-02 (1).zip, Auswertung für Betankung 2022.xlsx
C45: 290090 | D45: Top of Hierarchy > Europe > Vantage_Leuna | E45: FY22 (Jan. 1, 2022 - Dec. 31, 2022) | F45: Liquid fuel activities | G45: 01-Jan-22 | H45: 31-Dec-22 | I45: Petrol (average biofuel blend) | J45: 89.92 | K45: litres | L45: Actual Data | M45: Frank Greene | N45: 02-May-23, 22:08 | P45: Calculated | Q45: 20-Jul-23, 00:40 | S45: OneDrive_2023-05-02 (1).zip, Auswertung für Betankung 2022.xlsx
C46: 290092 | D46: Top of Hierarchy > Europe > Vantage_Leuna | E46: FY22 (Jan. 1, 2022 - Dec. 31, 2022) | F46: Liquid fuel activities | G46: 01-Jan-22 | H46: 31-Dec-22 | I46: Petrol (average biofuel blend) | J46: 55.95 | K46: litres | L46: Actual Data | M46: Frank Greene | N46: 02-May-23, 22:09 | P46: Calculated | Q46: 20-Jul-23, 00:40 | S46: OneDrive_2023-05-02 (1).zip, Auswertung für Betankung 2022.xlsx
C47: 290094 | D47: Top of Hierarchy > Europe > Vantage_Leuna | E47: FY22 (Jan. 1, 2022 - Dec. 31, 2022) | F47: Liquid fuel activities | G47: 01-Jan-22 | H47: 31-Dec-22 | I47: Petrol (average biofuel blend) | J47: 53.18 | K47: litres | L47: Actual Data | M47: Frank Greene | N47: 02-May-23, 22:09 | P47: Calculated | Q47: 20-Jul-23, 00:40 | S47: OneDrive_2023-05-02 (1).zip, Auswertung für Betankung 2022.xlsx
C48: 255510 | D48: Top of Hierarchy > Europe > Vantage_Leuna | E48: FY22 (Jan. 1, 2022 - Dec. 31, 2022) | F48: Refrigerant gasses | G48: 01-Jan-22 | H48: 31-Dec-22 | I48: R410A | J48: 18.4 | K48: kilograms | L48: Actual Data | M48: Frank Greene | N48: 26-Apr-23, 17:41 | P48: Calculated | Q48: 20-Jul-23, 00:40 | S48: Alexander AR2-22-07-197_Kältemittel.pdf, Alexander_AR2-22-02-034.pdf
C49: 261753 | D49: Top of Hierarchy > Europe > Vantage_Leuna | E49: FY22 (Jan. 1, 2022 - Dec. 31, 2022) | F49: Refrigerant gasses | G49: 01-Jan-22 | H49: 31-Dec-22 | I49: R407C | J49: 6.4 | K49: kilograms | L49: Actual Data | M49: Frank Greene | N49: 27-Apr-23, 16:49 | P49: Calculated | Q49: 20-Jul-23, 00:40 | S49: Alexander AR2-22-07-198_Kältemittel.pdf
C50: 255508 | D50: Top of Hierarchy > Europe > Vantage_Leuna | E50: FY22 (Jan. 1, 2022 - Dec. 31, 2022) | F50: Heat, Steam and Chilled Water | G50: 01-Jan-22 | H50: 31-Dec-22 | I50: Purchased Heat/Steam | J50: 37799992 | K50: Kilowatt hours | L50: Actual Data | M50: Frank Greene | N50: 26-Apr-23, 17:41 | P50: Calculated | Q50: 20-Jul-23, 00:40 | S50: InfraLeuna_Strom_Dampf_2022.zip, Energieträger 2022.xlsx
... C53: 5014 | D53: Top of Hierarchy > Europe > Vantage_Leuna | E53: FY21 (Jan. 1, 2021 - Dec. 31, 2021) | F53: Liquid fuel activities | G53: 01-Jan-21 | H53: 31-Dec-21 | I53: Diesel (100% mineral diesel) | J53: 10606.83 | K53: litres | L53: Actual Data | M53: Dylan Stogsdill | N53: 27-Feb-23, 16:27 | P53: Calculated | Q53: 20-Jul-23, 00:40 | S53: Missing Diesel Receipt
C54: 5015 | D54: Top of Hierarchy > Europe > Vantage_Leuna | E54: FY21 (Jan. 1, 2021 - Dec. 31, 2021) | F54: Liquid fuel activities | G54: 01-Jan-21 | H54: 31-Dec-21 | I54: Petrol (100% mineral petrol) | J54: 2679.19 | K54: litres | L54: Actual Data | M54: Jordyn Dean | N54: 27-Feb-23, 16:27 | P54: Calculated | Q54: 20-Jul-23, 00:40
C55: 5040 | D55: Top of Hierarchy > Europe > Vantage_Leuna | E55: FY21 (Jan. 1, 2021 - Dec. 31, 2021) | F55: Refrigerant gasses | G55: 01-Jan-21 | H55: 31-Dec-21 | I55: R410A | J55: 34.4 | K55: kilograms | L55: Actual Data | M55: Jordyn Dean | N55: 27-Feb-23, 16:27 | P55: Calculated | Q55: 20-Jul-23, 00:40
C56: 1257574 | D56: Top of Hierarchy > Europe > Vantage_Leuna | E56: FY21 (Jan. 1, 2021 - Dec. 31, 2021) | F56: Refrigerant gasses | G56: 01-Jan-21 | H56: 31-Dec-21 | I56: R407C | J56: 0 | K56: kilograms | L56: Actual Data | M56: Dylan Stogsdill | N56: 19-Jul-23, 19:31 | P56: Calculated | Q56: 20-Jul-23, 00:40
C57: 5169 | D57: Top of Hierarchy > Europe > Vantage_Leuna | E57: FY21 (Jan. 1, 2021 - Dec. 31, 2021) | F57: Heat, Steam and Chilled Water | G57: 01-Jan-21 | H57: 31-Dec-21 | I57: Purchased Heat/Steam | J57: 37497000 | K57: Kilowatt hours | L57: Actual Data | M57: Dylan Stogsdill | N57: 27-Feb-23, 18:18 | P57: Calculated | Q57: 20-Jul-23, 00:40 | S57: Energietrager 2021
C58: 295023 | D58: Top of Hierarchy > Europe > Vantage_Les Borges | E58: FY22 (Jan. 1, 2022 - Dec. 31, 2022) | F58: Electricity (non-renewable) | G58: 01-Jan-22 | H58: 31-Dec-22 | I58: Electricity (non-renewable) | J58: 138430 | K58: Kilowatt hours | L58: Actual Data | M58: Frank Greene | N58: 10-May-23, 17:16 | P58: Calculated | Q58: 20-Jul-23, 00:40 | R58: See december invoice it says last year use is 138430 kWh | S58: OneDrive_2023-05-10.zip, WATER, ELECTRICITY AND GAS.xlsx
C59: 295038 | D59: Top of Hierarchy > Europe > Vantage_Les Borges | E59: FY22 (Jan. 1, 2022 - Dec. 31, 2022) | F59: Natural gas | G59: 01-Jan-22 | H59: 31-Dec-22 | I59: Natural gas | J59: 476.679 | K59: Megawatt hours | L59: Actual Data | M59: Frank Greene | N59: 10-May-23, 17:42 | P59: Calculated | Q59: 20-Jul-23, 00:40 | R59: MWh GNL - not sure what GNL means | S59: OneDrive_2023-05-10 (1).zip, WATER, ELECTRICITY AND GAS.xlsx
C60: 295025 | D60: Top of Hierarchy > Europe > Vantage_Les Borges | E60: FY22 (Jan. 1, 2022 - Dec. 31, 2022) | F60: Liquid fuel activities | G60: 01-Jan-22 | H60: 31-Dec-22 | I60: Diesel (average biofuel blend) | J60: 0 | K60: cubic feet | L60: Actual Data | M60: Frank Greene | N60: 10-May-23, 17:17 | P60: Calculated | Q60: 20-Jul-23, 00:40
C61: 1230923 | D61: Top of Hierarchy > Europe > Vantage_Les Borges | E61: FY22 (Jan. 1, 2022 - Dec. 31, 2022) | F61: Refrigerant gasses | G61: 01-Jan-22 | H61: 31-Dec-22 | I61: R410A | J61: 0.3 | K61: kilograms | L61: Estimated | M61: Dylan Stogsdill | N61: 18-Jul-23, 19:02 | P61: Calculated | Q61: 20-Jul-23, 00:40 | S61: VTG220501833
C62: 295029 | D62: Top of Hierarchy > Europe > Vantage_Les Borges | E62: FY22 (Jan. 1, 2022 - Dec. 31, 2022) | F62: Gaseous fuel activities | G62: 01-Jan-22 | H62: 31-Dec-22 | I62: Propane | J62: 0 | K62: Hundred Thousand BTUs | L62: Actual Data | M62: Frank Greene | N62: 10-May-23, 17:17 | P62: Calculated | Q62: 20-Jul-23, 00:40
C63: 4953 | D63: Top of Hierarchy > Europe > Vantage_Les Borges | E63: FY21 (Jan. 1, 2021 - Dec. 31, 2021) | F63: Electricity (non-renewable) | G63: 01-Jan-21 | H63: 31-Dec-21 | I63: Electricity (non-renewable) | J63: 208000 | K63: Kilowatt hours | L63: Actual Data | M63: Dylan Stogsdill | N63: 27-Feb-23, 16:27 | P63: Calculated | Q63: 20-Jul-23, 00:40 | R63: Was confirmed 208 MWh from site; attached invoices allow you estimate using histogram, comes around ~208 | S63: Les Borges Electricity Invoices 2021.pdf, Les Borges accounting.xlsx, Les Borges electricity accounting
C64: 4980 | D64: Top of Hierarchy > Europe > Vantage_Les Borges | E64: FY21 (Jan. 1, 2021 - Dec. 31, 2021) | F64: Natural gas | G64: 01-Jan-21 | H64: 31-Dec-21 | I64: Natural gas | J64: 604.1 | K64: Megawatt hours | L64: Estimated | M64: Dylan Stogsdill | N64: 27-Feb-23, 16:27 | P64: Calculated | Q64: 20-Jul-23, 00:40 | S64: Les Borges Natural Gas Proofs.zip
C65: 5013 | D65: Top of Hierarchy > Europe > Vantage_Les Borges | E65: FY21 (Jan. 1, 2021 - Dec. 31, 2021) | F65: Liquid fuel activities | G65: 01-Jan-21 | H65: 31-Dec-21 | I65: Diesel (100% mineral diesel) | J65: 0 | K65: litres | L65: Estimated | M65: Jordyn Dean | N65: 27-Feb-23, 16:27 | P65: Calculated | Q65: 20-Jul-23, 00:40
C66: 5039 | D66: Top of Hierarchy > Europe > Vantage_Les Borges | E66: FY21 (Jan. 1, 2021 - Dec. 31, 2021) | F66: Refrigerant gasses | G66: 01-Jan-21 | H66: 31-Dec-21 | I66: R410A | J66: 10.5737 | K66: kilograms | L66: Estimated | M66: Dylan Stogsdill | N66: 27-Feb-23, 16:27 | P66: Calculated | Q66: 20-Jul-23, 00:40
C67: 291428 | D67: Top of Hierarchy > Europe > Vantage_Granollers | E67: FY22 (Jan. 1, 2022 - Dec. 31, 2022) | F67: Electricity (non-renewable) | G67: 01-Jan-22 | H67: 31-Dec-22 | I67: Electricity (non-renewable) | J67: 24291 | K67: Kilowatt hours | L67: Actual Data | M67: Frank Greene | N67: 04-May-23, 20:10 | P67: Calculated | Q67: 20-Jul-23, 00:40 | S67: Granollers electricity accounting 2022.xlsx, VTG230500652.pdf, VTG230500215.pdf, 2022_1064.pdf
C68: 1590442 | D68: Top of Hierarchy > Europe > Vantage_Granollers | E68: FY22 (Jan. 1, 2022 - Dec. 31, 2022) | F68: Natural gas | G68: 01-Jan-22 | H68: 31-Dec-22 | I68: Natural gas | J68: 976.71026 | K68: Hundred Thousand BTUs | L68: Estimated | M68: Daniella Giardetti | N68: 25-Jul-23, 17:50 | P68: Calculated | Q68: 25-Jul-23, 17:50 | R68: Estimated from square footage (CBECS 2012)
C69: 291430 | D69: Top of Hierarchy > Europe > Vantage_Granollers | E69: FY22 (Jan. 1, 2022 - Dec. 31, 2022) | F69: Liquid fuel activities | G69: 01-Jan-22 | H69: 31-Dec-22 | I69: Diesel (average biofuel blend) | J69: 0 | K69: gigajoules | L69: Actual Data | M69: Frank Greene | N69: 04-May-23, 20:10 | P69: Calculated | Q69: 20-Jul-23, 00:40
C70: 1590450 | D70: Top of Hierarchy > Europe > Vantage_Granollers | E70: FY22 (Jan. 1, 2022 - Dec. 31, 2022) | F70: Refrigerant gasses | G70: 01-Jan-22 | H70: 31-Dec-22 | I70: R-134A | J70: 0.7104174 | K70: kilograms | L70: Estimated | M70: Daniella Giardetti | N70: 25-Jul-23, 17:50 | P70: Calculated | Q70: 25-Jul-23, 17:50 | R70: Estimated from square footage. Assumed R134a.
C71: 291432 | D71: Top of Hierarchy > Europe > Vantage_Granollers | E71: FY22 (Jan. 1, 2022 - Dec. 31, 2022) | F71: Gaseous fuel activities | G71: 01-Jan-22 | H71: 31-Dec-22 | I71: Propane | J71: 0 | K71: gigajoules | L71: Actual Data | M71: Frank Greene | N71: 04-May-23, 20:10 | P71: Calculated | Q71: 20-Jul-23, 00:40
C72: 4950 | D72: Top of Hierarchy > Europe > Vantage_Granollers | E72: FY21 (Jan. 1, 2021 - Dec. 31, 2021) | F72: Electricity (non-renewable) | G72: 01-Jan-21 | H72: 31-Dec-21 | I72: Electricity (non-renewable) | J72: 22298 | K72: Kilowatt hours | L72: Actual Data | M72: Dylan Stogsdill | N72: 27-Feb-23, 16:27 | P72: Calculated | Q72: 20-Jul-23, 00:40 | S72: Granollers electricity accounting
C73: 4977 | D73: Top of Hierarchy > Europe > Vantage_Granollers | E73: FY21 (Jan. 1, 2021 - Dec. 31, 2021) | F73: Natural gas | G73: 01-Jan-21 | H73: 31-Dec-21 | I73: Natural gas | J73: 60385537 | K73: British Thermal Units | L73: Estimated | M73: Jordyn Dean | N73: 27-Feb-23, 16:27 | P73: Calculated | Q73: 20-Jul-23, 00:40
C74: 5010 | D74: Top of Hierarchy > Europe > Vantage_Granollers | E74: FY21 (Jan. 1, 2021 - Dec. 31, 2021) | F74: Liquid fuel activities | G74: 01-Jan-21 | H74: 31-Dec-21 | I74: Petrol (100% mineral petrol) | J74: 0 | K74: cubic metres | L74: Actual Data | M74: Jordyn Dean | N74: 27-Feb-23, 16:27 | P74: Calculated | Q74: 20-Jul-23, 00:40
C75: 5036 | D75: Top of Hierarchy > Europe > Vantage_Granollers | E75: FY21 (Jan. 1, 2021 - Dec. 31, 2021) | F75: Refrigerant gasses | G75: 01-Jan-21 | H75: 31-Dec-21 | I75: HFC-134a | J75: 0.7104 | K75: kilograms | L75: Estimated | M75: Jordyn Dean | N75: 27-Feb-23, 16:27 | P75: Calculated | Q75: 20-Jul-23, 00:40
C76: 237670 | D76: Top of Hierarchy > South America > Vantage_Sao Paulo | E76: FY22 (Jan. 1, 2022 - Dec. 31, 2022) | F76: Electricity (non-renewable) | G76: 01-Jan-22 | H76: 31-Dec-22 | I76: Electricity (non-renewable) | J76: 24867 | K76: Kilowatt hours | L76: Actual Data | M76: Frank Greene | N76: 20-Apr-23, 19:15 | P76: Calculated | Q76: 20-Jul-23, 00:40 | S76: 510015674695.pdf, Sao Paulo electricity accoutning 2022.xlsx
C77: 237668 | D77: Top of Hierarchy > South America > Vantage_Sao Paulo | E77: FY22 (Jan. 1, 2022 - Dec. 31, 2022) | F77: Natural gas | G77: 01-Jan-22 | H77: 31-Dec-22 | I77: Natural gas | J77: 0 | K77: gigajoules | L77: Actual Data | M77: Frank Greene | N77: 20-Apr-23, 19:10 | P77: Calculated | Q77: 20-Jul-23, 00:40
C78: 237666 | D78: Top of Hierarchy > South America > Vantage_Sao Paulo | E78: FY22 (Jan. 1, 2022 - Dec. 31, 2022) | F78: Liquid fuel activities | G78: 01-Jan-22 | H78: 31-Dec-22 | I78: Diesel (100% mineral diesel) | J78: 0 | K78: joules | L78: Actual Data | M78: Frank Greene | N78: 20-Apr-23, 19:09 | P78: Calculated | Q78: 20-Jul-23, 00:40
C79: 237672 | D79: Top of Hierarchy > South America > Vantage_Sao Paulo | E79: FY22 (Jan. 1, 2022 - Dec. 31, 2022) | F79: Refrigerant gasses | G79: 01-Jan-22 | H79: 31-Dec-22 | I79: R410A | J79: 0 | K79: pounds | L79: Actual Data | M79: Frank Greene | N79: 20-Apr-23, 19:18 | P79: Calculated | Q79: 20-Jul-23, 00:40 | R79: We know it is R410A but do not know the total refilled by the vendor in 2022
C80: 1590436 | D80: Top of Hierarchy > South America > Vantage_Sao Paulo | E80: FY22 (Jan. 1, 2022 - Dec. 31, 2022) | F80: Refrigerant gasses | G80: 01-Jan-22 | H80: 31-Dec-22 | I80: R-410A | J80: 7.2454179 | K80: kilograms | L80: Estimated | M80: Daniella Giardetti | N80: 25-Jul-23, 17:50 | P80: Calculated | Q80: 25-Jul-23, 17:50 | R80: We know it is R410A but do not know the total refilled by the vendor in 2022 - ESTIMATED BY ANTHESIS
C81: 4961 | D81: Top of Hierarchy > South America > Vantage_Sao Paulo | E81: FY21 (Jan. 1, 2021 - Dec. 31, 2021) | F81: Electricity (non-renewable) | G81: 01-Jan-21 | H81: 31-Dec-21 | I81: Electricity (non-renewable) | J81: 24450 | K81: Kilowatt hours | L81: Actual Data | M81: Frank Greene | N81: 27-Feb-23, 16:27 | P81: Calculated | Q81: 20-Jul-23, 00:40 | S81: Brazil electricity accounting (1).xlsx
C82: 4987 | D82: Top of Hierarchy > South America > Vantage_Sao Paulo | E82: FY21 (Jan. 1, 2021 - Dec. 31, 2021) | F82: Natural gas | G82: 01-Jan-21 | H82: 31-Dec-21 | I82: Natural gas | J82: 0 | K82: cubic metres | L82: Actual Data | M82: Jordyn Dean | N82: 27-Feb-23, 16:27 | P82: Calculated | Q82: 20-Jul-23, 00:40
C83: 5020 | D83: Top of Hierarchy > South America > Vantage_Sao Paulo | E83: FY21 (Jan. 1, 2021 - Dec. 31, 2021) | F83: Liquid fuel activities | G83: 01-Jan-21 | H83: 31-Dec-21 | I83: Petrol (100% mineral petrol) | J83: 0 | K83: litres | L83: Actual Data | M83: Jordyn Dean | N83: 27-Feb-23, 16:27 | P83: Calculated | Q83: 20-Jul-23, 00:40
C84: 5046 | D84: Top of Hierarchy > South America > Vantage_Sao Paulo | E84: FY21 (Jan. 1, 2021 - Dec. 31, 2021) | F84: Refrigerant gasses | G84: 01-Jan-21 | H84: 31-Dec-21 | I84: R410A | J84: 7.2454 | K84: kilograms | L84: Estimated | M84: Dylan Stogsdill | N84: 27-Feb-23, 16:27 | P84: Calculated | Q84: 20-Jul-23, 00:40
C85: 237705 | D85: Top of Hierarchy > South America > Vantage_Santiago | E85: FY22 (Jan. 1, 2022 - Dec. 31, 2022) | F85: Electricity (non-renewable) | G85: 01-Jan-22 | H85: 31-Dec-22 | I85: Electricity (non-renewable) | J85: 12116 | K85: Kilowatt hours | L85: Actual Data | M85: Frank Greene | N85: 20-Apr-23, 21:02 | P85: Calculated | Q85: 20-Jul-23, 00:40 | S85: OneDrive_2023-04-20 (1).zip, Chile electricity accounting 2022 FINAL.xls
C86: 237700 | D86: Top of Hierarchy > South America > Vantage_Santiago | E86: FY22 (Jan. 1, 2022 - Dec. 31, 2022) | F86: Natural gas | G86: 01-Jan-22 | H86: 31-Dec-22 | I86: Natural gas | J86: 0 | K86: gigajoules | L86: Actual Data | M86: Frank Greene | N86: 20-Apr-23, 20:28 | P86: Calculated | Q86: 20-Jul-23, 00:40
C87: 1590460 | D87: Top of Hierarchy > South America > Vantage_Santiago | E87: FY22 (Jan. 1, 2022 - Dec. 31, 2022) | F87: Refrigerant gasses | G87: 01-Jan-22 | H87: 31-Dec-22 | I87: R-134A | J87: 1.3476403 | K87: kilograms | L87: Estimated | M87: Daniella Giardetti | N87: 25-Jul-23, 17:50 | P87: Calculated | Q87: 25-Jul-23, 17:50 | R87: Estimated from square footage. Assumed R134a.
C88: 4960 | D88: Top of Hierarchy > South America > Vantage_Santiago | E88: FY21 (Jan. 1, 2021 - Dec. 31, 2021) | F88: Electricity (non-renewable) | G88: 01-Jan-21 | H88: 31-Dec-21 | I88: Electricity (non-renewable) | J88: 16408 | K88: Kilowatt hours | L88: Actual Data | M88: Frank Greene | N88: 27-Feb-23, 16:27 | P88: Calculated | Q88: 20-Jul-23, 00:40 | S88: Chile electricity accounting.xlsx
C89: 4986 | D89: Top of Hierarchy > South America > Vantage_Santiago | E89: FY21 (Jan. 1, 2021 - Dec. 31, 2021) | F89: Natural gas | G89: 01-Jan-21 | H89: 31-Dec-21 | I89: Natural gas | J89: 0 | K89: Hundred Thousand BTUs | L89: Actual Data | M89: Jordyn Dean | N89: 27-Feb-23, 16:27 | P89: Calculated | Q89: 20-Jul-23, 00:40
C90: 5045 | D90: Top of Hierarchy > South America > Vantage_Santiago | E90: FY21 (Jan. 1, 2021 - Dec. 31, 2021) | F90: Refrigerant gasses | G90: 01-Jan-21 | H90: 31-Dec-21 | I90: HFC-134a | J90: 1.3476 | K90: kilograms | L90: Estimated | M90: Jordyn Dean | N90: 27-Feb-23, 16:27 | P90: Calculated | Q90: 20-Jul-23, 00:40
C91: 1590448 | D91: Top of Hierarchy > South America > Vantage_Lima | E91: FY22 (Jan. 1, 2022 - Dec. 31, 2022) | F91: Electricity (non-renewable) | G91: 01-Jan-22 | H91: 31-Dec-22 | I91: Electricity (non-renewable) | J91: 645.22072 | K91: Kilowatt hours | L91: Estimated | M91: Daniella Giardetti | N91: 25-Jul-23, 17:50 | P91: Calculated | Q91: 25-Jul-23, 17:50 | R91: Estimated from square footage (CBECS 2012)
C92: 237696 | D92: Top of Hierarchy > South America > Vantage_Lima | E92: FY22 (Jan. 1, 2022 - Dec. 31, 2022) | F92: Natural gas | G92: 01-Jan-22 | H92: 31-Dec-22 | I92: Natural gas | J92: 0 | K92: British Thermal Units | L92: Actual Data | M92: Frank Greene | N92: 20-Apr-23, 20:23 | P92: Calculated | Q92: 20-Jul-23, 00:40
C93: 237698 | D93: Top of Hierarchy > South America > Vantage_Lima | E93: FY22 (Jan. 1, 2022 - Dec. 31, 2022) | F93: Liquid fuel activities | G93: 01-Jan-22 | H93: 31-Dec-22 | I93: Diesel (100% mineral diesel) | J93: 0 | K93: British Thermal Units | L93: Actual Data | M93: Frank Greene | N93: 20-Apr-23, 20:24 | P93: Calculated | Q93: 20-Jul-23, 00:40
C94: 1590459 | D94: Top of Hierarchy > South America > Vantage_Lima | E94: FY22 (Jan. 1, 2022 - Dec. 31, 2022) | F94: Refrigerant gasses | G94: 01-Jan-22 | H94: 31-Dec-22 | I94: R-134A | J94: 0.46930604 | K94: kilograms | L94: Estimated | M94: Daniella Giardetti | N94: 25-Jul-23, 17:50 | P94: Calculated | Q94: 25-Jul-23, 17:50 | R94: Estimated from square footage. Assumed R134a.
C95: 4955 | D95: Top of Hierarchy > South America > Vantage_Lima | E95: FY21 (Jan. 1, 2021 - Dec. 31, 2021) | F95: Electricity (non-renewable) | G95: 01-Jan-21 | H95: 31-Dec-21 | I95: Electricity (non-renewable) | J95: 26820.33 | K95: Kilowatt hours | L95: Estimated | M95: Jordyn Dean | N95: 27-Feb-23, 16:27 | P95: Calculated | Q95: 20-Jul-23, 00:40
C96: 4982 | D96: Top of Hierarchy > South America > Vantage_Lima | E96: FY21 (Jan. 1, 2021 - Dec. 31, 2021) | F96: Natural gas | G96: 01-Jan-21 | H96: 31-Dec-21 | I96: Natural gas | J96: 0 | K96: Hundred Thousand BTUs | L96: Estimated | M96: Jordyn Dean | N96: 27-Feb-23, 16:27 | P96: Calculated | Q96: 20-Jul-23, 00:40
C97: 5016 | D97: Top of Hierarchy > South America > Vantage_Lima | E97: FY21 (Jan. 1, 2021 - Dec. 31, 2021) | F97: Liquid fuel activities | G97: 01-Jan-21 | H97: 31-Dec-21 | I97: Diesel (100% mineral diesel) | J97: 0 | K97: litres | L97: Estimated | M97: Jordyn Dean | N97: 27-Feb-23, 16:27 | P97: Calculated | Q97: 20-Jul-23, 00:40
C98: 5041 | D98: Top of Hierarchy > South America > Vantage_Lima | E98: FY21 (Jan. 1, 2021 - Dec. 31, 2021) | F98: Refrigerant gasses | G98: 01-Jan-21 | H98: 31-Dec-21 | I98: HFC-134a | J98: 0.47 | K98: kilograms | L98: Estimated | M98: Jordyn Dean | N98: 27-Feb-23, 16:27 | P98: Calculated | Q98: 20-Jul-23, 00:40
C99: 237709 | D99: Top of Hierarchy > South America > Vantage_Guatemala City | E99: FY22 (Jan. 1, 2022 - Dec. 31, 2022) | F99: Electricity (non-renewable) | G99: 01-Jan-22 | H99: 31-Dec-22 | I99: Electricity (non-renewable) | J99: 15649 | K99: Kilowatt hours | L99: Actual Data | M99: Frank Greene | N99: 20-Apr-23, 21:41 | P99: Calculated | Q99: 20-Jul-23, 00:40 | S99: OneDrive_2023-04-20 (2).zip, Guatemala electricity accounting 2022.xlsx
C100: 237707 | D100: Top of Hierarchy > South America > Vantage_Guatemala City | E100: FY22 (Jan. 1, 2022 - Dec. 31, 2022) | F100: Natural gas | G100: 01-Jan-22 | H100: 31-Dec-22 | I100: Natural gas | J100: 0 | K100: British Thermal Units | L100: Actual Data | M100: Frank Greene | N100: 20-Apr-23, 21:39 | P100: Calculated | Q100: 20-Jul-23, 00:40
C101: 1590458 | D101: Top of Hierarchy > South America > Vantage_Guatemala City | E101: FY22 (Jan. 1, 2022 - Dec. 31, 2022) | F101: Refrigerant gasses | G101: 01-Jan-22 | H101: 31-Dec-22 | I101: R-134A | J101: 0.7104174 | K101: kilograms | L101: Estimated | M101: Daniella Giardetti | N101: 25-Jul-23, 17:50 | P101: Calculated | Q101: 25-Jul-23, 17:50 | R101: Estimated from square footage. Assumed R134a.
C102: 4951 | D102: Top of Hierarchy > South America > Vantage_Guatemala City | E102: FY21 (Jan. 1, 2021 - Dec. 31, 2021) | F102: Electricity (non-renewable) | G102: 01-Jan-21 | H102: 31-Dec-21 | I102: Electricity (non-renewable) | J102: 18731 | K102: Kilowatt hours | L102: Actual Data | M102: Frank Greene | N102: 27-Feb-23, 16:27 | P102: Calculated | Q102: 03-Aug-23, 20:18 | S102: Guatemala electricity accounting, OneDrive_2023-08-03.zip
...

Sheet emissions
A1: Record ID | B1: Reporting Unit | C1: Reporting Unit Type | D1: Reporting Period Name | E1: Reporting Period Start Date | F1: Reporting Period End Date | G1: Activity Group | H1: Record Start Date | I1: Record End Date | J1: Activity | K1: Quantity | L1: Unit | M1: Data Quality | N1: Note | O1: Calculation Created At | P1: Calculation Updated At | Q1: Reporting Period Year | R1: Model Name | S1: Model Alias | T1: Model type | U1: Custom Factor | V1: Emission Factor Name | W1: Scope | X1: Scope Category | Y1: Matched Region | Z1: Matched Sub-region | AA1: Matched Country Code | AB1: Matched Country Region | AC1: Market-based | AD1: Impact Type | AE1: kgCO2e | AF1: EF Impact Value | AG1: EF Impact Unit | AH1: Consumption Value Multiplier | AI1: Consumption Value in EF Unit | AJ1: Assessment Report | AK1: Author | AL1: Source | AM1: Published Year | AN1: Data Year | AO1: Location tCO2e | AP1: Market tCO2e | AQ1: Reporting unit name | AR1: Reporting unit type2
A2: 293319 | B2: Top of Hierarchy > Asia Pacific > Vantage_Mumbai | C2: Office | D2: FY22 | E2: 44562 | F2: 44926 | G2: Electricity (non-renewable) | H2: 44562 | I2: 44926 | J2: Electricity (non-renewable) | K2: 1000 | L2: Kilowatt hours | M2: Estimated | N2: shared facility; not sure actual value but have estimation | O2: 2023-05-08, 17:22 | P2: 2023-07-20, 00:40 | Q2: 2022 | R2: electricity | S2: Electricity | T2: model | U2: FALSE | V2: ELECTRICITY; INDIA | W2: Scope 2 | X2: N/A | Y2: Asia | Z2: Southern Asia | AA2: IN | AC2: 0 | AD2: CH4 | AE2: 0.3 | AF2: RESTRICTED | AG2: KWH | AH2: 1 | AI2: 1000 | AJ2: AR4 | AK2: IEA | AL2: IEA (2022) | AM2: 2022 | AN2: 2020 | AO2: =IF(AND(emissions[[#This Row],[Market-based]]=0,emissions[[#This Row],[Impact Type]]="CO2E"),emissions[[#This Row],[kgCO2e]],0)/1000 -> 0 | AP2: =IF(AND(emissions[[#This Row],[Market-based]]=1,OR(emissions[[#This Row],[Impact Type]]="CO2E",emissions[[#This Row],[Impact Type]]="CO2E MKT")),emissions[[#This Row],[kgCO2e]],0)/1000 -> 0 | AQ2: =_xlfn.TEXTAFTER(emissions[[#This Row],[Reporting Unit]]," > ",LEN(emissions[[#This Row],[Reporting Unit]])-LEN(SUBSTITUTE(emissions[[#This Row],[Reporting Unit]],">",""))) -> Vantage_Mumbai | AR2: =_xlfn.XLOOKUP(emissions[[#This Row],[Reporting unit name]],hierarchy!$A:$A,hierarchy!$C:$C) -> Office
A3: 293319 | B3: Top of Hierarchy > Asia Pacific > Vantage_Mumbai | C3: Office | D3: FY22 | E3: 44562 | F3: 44926 | G3: Electricity (non-renewable) | H3: 44562 | I3: 44926 | J3: Electricity (non-renewable) | K3: 1000 | L3: Kilowatt hours | M3: Estimated | N3: shared facility; not sure actual value but have estimation | O3: 2023-05-08, 17:22 | P3: 2023-07-20, 00:40 | Q3: 2022 | R3: electricity | S3: Electricity | T3: model | U3: FALSE | V3: ELECTRICITY; INDIA | W3: Scope 2 | X3: N/A | Y3: Asia | Z3: Southern Asia | AA3: IN | AC3: 0 | AD3: CO2 | AE3: 689.3 | AF3: RESTRICTED | AG3: KWH | AH3: 1 | AI3: 1000 | AJ3: AR4 | AK3: IEA | AL3: IEA (2022) | AM3: 2022 | AN3: 2020 | AO3: =IF(AND(emissions[[#This Row],[Market-based]]=0,emissions[[#This Row],[Impact Type]]="CO2E"),emissions[[#This Row],[kgCO2e]],0)/1000 -> 0 | AP3: =IF(AND(emissions[[#This Row],[Market-based]]=1,OR(emissions[[#This Row],[Impact Type]]="CO2E",emissions[[#This Row],[Impact Type]]="CO2E MKT")),emissions[[#This Row],[kgCO2e]],0)/1000 -> 0 | AQ3: =_xlfn.TEXTAFTER(emissions[[#This Row],[Reporting Unit]]," > ",LEN(emissions[[#This Row],[Reporting Unit]])-LEN(SUBSTITUTE(emissions[[#This Row],[Reporting Unit]],">",""))) -> Vantage_Mumbai | AR3: =_xlfn.XLOOKUP(emissions[[#This Row],[Reporting unit name]],hierarchy!$A:$A,hierarchy!$C:$C) -> Office
A4: 293319 | B4: Top of Hierarchy > Asia Pacific > Vantage_Mumbai | C4: Office | D4: FY22 | E4: 44562 | F4: 44926 | G4: Electricity (non-renewable) | H4: 44562 | I4: 44926 | J4: Electricity (non-renewable) | K4: 1000 | L4: Kilowatt hours | M4: Estimated | N4: shared facility; not sure actual value but have estimation | O4: 2023-05-08, 17:22 | P4: 2023-07-20, 00:40 | Q4: 2022 | R4: electricity | S4: Electricity | T4: model | U4: FALSE | V4: ELECTRICITY; INDIA | W4: Scope 2 | X4: N/A | Y4: Asia | Z4: Southern Asia | AA4: IN | AC4: 0 | AD4: CO2E | AE4: 692.9 | AF4: RESTRICTED | AG4: KWH | AH4: 1 | AI4: 1000 | AJ4: AR4 | AK4: IEA | AL4: IEA (2022) | AM4: 2022 | AN4: 2020 | AO4: =IF(AND(emissions[[#This Row],[Market-based]]=0,emissions[[#This Row],[Impact Type]]="CO2E"),emissions[[#This Row],[kgCO2e]],0)/1000 -> 0.6929 | AP4: =IF(AND(emissions[[#This Row],[Market-based]]=1,OR(emissions[[#This Row],[Impact Type]]="CO2E",emissions[[#This Row],[Impact Type]]="CO2E MKT")),emissions[[#This Row],[kgCO2e]],0)/1000 -> 0 | AQ4: =_xlfn.TEXTAFTER(emissions[[#This Row],[Reporting Unit]]," > ",LEN(emissions[[#This Row],[Reporting Unit]])-LEN(SUBSTITUTE(emissions[[#This Row],[Reporting Unit]],">",""))) -> Vantage_Mumbai | AR4: =_xlfn.XLOOKUP(emissions[[#This Row],[Reporting unit name]],hierarchy!$A:$A,hierarchy!$C:$C) -> Office
A5: 293319 | B5: Top of Hierarchy > Asia Pacific > Vantage_Mumbai | C5: Office | D5: FY22 | E5: 44562 | F5: 44926 | G5: Electricity (non-renewable) | H5: 44562 | I5: 44926 | J5: Electricity (non-renewable) | K5: 1000 | L5: Kilowatt hours | M5: Estimated | N5: shared facility; not sure actual value but have estimation | O5: 2023-05-08, 17:22 | P5: 2023-07-20, 00:40 | Q5: 2022 | R5: electricity | S5: Electricity | T5: model | U5: FALSE | V5: ELECTRICITY; INDIA | W5: Scope 2 | X5: N/A | Y5: Asia | Z5: Southern Asia | AA5: IN | AC5: 0 | AD5: N2O | AE5: 3.3 | AF5: RESTRICTED | AG5: KWH | AH5: 1 | AI5: 1000 | AJ5: AR4 | AK5: IEA | AL5: IEA (2022) | AM5: 2022 | AN5: 2020 | AO5: =IF(AND(emissions[[#This Row],[Market-based]]=0,emissions[[#This Row],[Impact Type]]="CO2E"),emissions[[#This Row],[kgCO2e]],0)/1000 -> 0 | AP5: =IF(AND(emissions[[#This Row],[Market-based]]=1,OR(emissions[[#This Row],[Impact Type]]="CO2E",emissions[[#This Row],[Impact Type]]="CO2E MKT")),emissions[[#This Row],[kgCO2e]],0)/1000 -> 0 | AQ5: =_xlfn.TEXTAFTER(emissions[[#This Row],[Reporting Unit]]," > ",LEN(emissions[[#This Row],[Reporting Unit]])-LEN(SUBSTITUTE(emissions[[#This Row],[Reporting Unit]],">",""))) -> Vantage_Mumbai | AR5: =_xlfn.XLOOKUP(emissions[[#This Row],[Reporting unit name]],hierarchy!$A:$A,hierarchy!$C:$C) -> Office
A6: 293319 | B6: Top of Hierarchy > Asia Pacific > Vantage_Mumbai | C6: Office | D6: FY22 | E6: 44562 | F6: 44926 | G6: Electricity (non-renewable) | H6: 44562 | I6: 44926 | J6: Electricity (non-renewable) | K6: 1000 | L6: Kilowatt hours | M6: Estimated | N6: shared facility; not sure actual value but have estimation | O6: 2023-05-08, 17:22 | P6: 2023-07-20, 00:40 | Q6: 2022 | R6: electricity | S6: Electricity | T6: model | U6: FALSE | V6: ELECTRICITY; INDIA | W6: Scope 2 | X6: N/A | Y6: Asia | Z6: Southern Asia | AA6: IN | AC6: 1 | AD6: CH4 | AE6: 0.3 | AF6: RESTRICTED | AG6: KWH | AH6: 1 | AI6: 1000 | AJ6: AR4 | AK6: IEA | AL6: IEA (2022) | AM6: 2022 | AN6: 2020 | AO6: =IF(AND(emissions[[#This Row],[Market-based]]=0,emissions[[#This Row],[Impact Type]]="CO2E"),emissions[[#This Row],[kgCO2e]],0)/1000 -> 0 | AP6: =IF(AND(emissions[[#This Row],[Market-based]]=1,OR(emissions[[#This Row],[Impact Type]]="CO2E",emissions[[#This Row],[Impact Type]]="CO2E MKT")),emissions[[#This Row],[kgCO2e]],0)/1000 -> 0 | AQ6: =_xlfn.TEXTAFTER(emissions[[#This Row],[Reporting Unit]]," > ",LEN(emissions[[#This Row],[Reporting Unit]])-LEN(SUBSTITUTE(emissions[[#This Row],[Reporting Unit]],">",""))) -> Vantage_Mumbai | AR6: =_xlfn.XLOOKUP(emissions[[#This Row],[Reporting unit name]],hierarchy!$A:$A,hierarchy!$C:$C) -> Office
A7: 293319 | B7: Top of Hierarchy > Asia Pacific > Vantage_Mumbai | C7: Office | D7: FY22 | E7: 44562 | F7: 44926 | G7: Electricity (non-renewable) | H7: 44562 | I7: 44926 | J7: Electricity (non-renewable) | K7: 1000 | L7: Kilowatt hours | M7: Estimated | N7: shared facility; not sure actual value but have estimation | O7: 2023-05-08, 17:22 | P7: 2023-07-20, 00:40 | Q7: 2022 | R7: electricity | S7: Electricity | T7: model | U7: FALSE | V7: ELECTRICITY; INDIA | W7: Scope 2 | X7: N/A | Y7: Asia | Z7: Southern Asia | AA7: IN | AC7: 1 | AD7: CO2 | AE7: 689.3 | AF7: RESTRICTED | AG7: KWH | AH7: 1 | AI7: 1000 | AJ7: AR4 | AK7: IEA | AL7: IEA (2022) | AM7: 2022 | AN7: 2020 | AO7: =IF(AND(emissions[[#This Row],[Market-based]]=0,emissions[[#This Row],[Impact Type]]="CO2E"),emissions[[#This Row],[kgCO2e]],0)/1000 -> 0 | AP7: =IF(AND(emissions[[#This Row],[Market-based]]=1,OR(emissions[[#This Row],[Impact Type]]="CO2E",emissions[[#This Row],[Impact Type]]="CO2E MKT")),emissions[[#This Row],[kgCO2e]],0)/1000 -> 0 | AQ7: =_xlfn.TEXTAFTER(emissions[[#This Row],[Reporting Unit]]," > ",LEN(emissions[[#This Row],[Reporting Unit]])-LEN(SUBSTITUTE(emissions[[#This Row],[Reporting Unit]],">",""))) -> Vantage_Mumbai | AR7: =_xlfn.XLOOKUP(emissions[[#This Row],[Reporting unit name]],hierarchy!$A:$A,hierarchy!$C:$C) -> Office
A8: 293319 | B8: Top of Hierarchy > Asia Pacific > Vantage_Mumbai | C8: Office | D8: FY22 | E8: 44562 | F8: 44926 | G8: Electricity (non-renewable) | H8: 44562 | I8: 44926 | J8: Electricity (non-renewable) | K8: 1000 | L8: Kilowatt hours | M8: Estimated | N8: shared facility; not sure actual value but have estimation | O8: 2023-05-08, 17:22 | P8: 2023-07-20, 00:40 | Q8: 2022 | R8: electricity | S8: Electricity | T8: model | U8: FALSE | V8: ELECTRICITY; INDIA | W8: Scope 2 | X8: N/A | Y8: Asia | Z8: Southern Asia | AA8: IN | AC8: 1 | AD8: CO2E | AE8: 692.9 | AF8: RESTRICTED | AG8: KWH | AH8: 1 | AI8: 1000 | AJ8: AR4 | AK8: IEA | AL8: IEA (2022) | AM8: 2022 | AN8: 2020 | AO8: =IF(AND(emissions[[#This Row],[Market-based]]=0,emissions[[#This Row],[Impact Type]]="CO2E"),emissions[[#This Row],[kgCO2e]],0)/1000 -> 0 | AP8: =IF(AND(emissions[[#This Row],[Market-based]]=1,OR(emissions[[#This Row],[Impact Type]]="CO2E",emissions[[#This Row],[Impact Type]]="CO2E MKT")),emissions[[#This Row],[kgCO2e]],0)/1000 -> 0.6929 | AQ8: =_xlfn.TEXTAFTER(emissions[[#This Row],[Reporting Unit]]," > ",LEN(emissions[[#This Row],[Reporting Unit]])-LEN(SUBSTITUTE(emissions[[#This Row],[Reporting Unit]],">",""))) -> Vantage_Mumbai | AR8: =_xlfn.XLOOKUP(emissions[[#This Row],[Reporting unit name]],hierarchy!$A:$A,hierarchy!$C:$C) -> Office
A9: 293319 | B9: Top of Hierarchy > Asia Pacific > Vantage_Mumbai | C9: Office | D9: FY22 | E9: 44562 | F9: 44926 | G9: Electricity (non-renewable) | H9: 44562 | I9: 44926 | J9: Electricity (non-renewable) | K9: 1000 | L9: Kilowatt hours | M9: Estimated | N9: shared facility; not sure actual value but have estimation | O9: 2023-05-08, 17:22 | P9: 2023-07-20, 00:40 | Q9: 2022 | R9: electricity | S9: Electricity | T9: model | U9: FALSE | V9: ELECTRICITY; INDIA | W9: Scope 2 | X9: N/A | Y9: Asia | Z9: Southern Asia | AA9: IN | AC9: 1 | AD9: N2O | AE9: 3.3 | AF9: RESTRICTED | AG9: KWH | AH9: 1 | AI9: 1000 | AJ9: AR4 | AK9: IEA | AL9: IEA (2022) | AM9: 2022 | AN9: 2020 | AO9: =IF(AND(emissions[[#This Row],[Market-based]]=0,emissions[[#This Row],[Impact Type]]="CO2E"),emissions[[#This Row],[kgCO2e]],0)/1000 -> 0 | AP9: =IF(AND(emissions[[#This Row],[Market-based]]=1,OR(emissions[[#This Row],[Impact Type]]="CO2E",emissions[[#This Row],[Impact Type]]="CO2E MKT")),emissions[[#This Row],[kgCO2e]],0)/1000 -> 0 | AQ9: =_xlfn.TEXTAFTER(emissions[[#This Row],[Reporting Unit]]," > ",LEN(emissions[[#This Row],[Reporting Unit]])-LEN(SUBSTITUTE(emissions[[#This Row],[Reporting Unit]],">",""))) -> Vantage_Mumbai | AR9: =_xlfn.XLOOKUP(emissions[[#This Row],[Reporting unit name]],hierarchy!$A:$A,hierarchy!$C:$C) -> Office
A10: 293319 | B10: Top of Hierarchy > Asia Pacific > Vantage_Mumbai | C10: Office | D10: FY22 | E10: 44562 | F10: 44926 | G10: Electricity (non-renewable) | H10: 44562 | I10: 44926 | J10: Electricity (non-renewable) | K10: 1000 | L10: Kilowatt hours | M10: Estimated | N10: shared facility; not sure actual value but have estimation | O10: 2023-05-08, 17:22 | P10: 2023-07-20, 00:40 | Q10: 2022 | R10: electricity__t+d__wtt | S10: Electricity T&D WTT | T10: t+d_wtt | U10: FALSE | V10: ELECTRICITY T&D WTT; INDIA | W10: Scope 3 | X10: 3: Fuel- and Energy-Related Activities | Y10: Asia | Z10: Southern Asia | AA10: IN | AC10: 0 | AD10: CO2E | AE10: 28.27896 | AF10: 0.02827896 | AG10: KWH | AH10: 1 | AI10: 1000 | AJ10: AR4 | AK10: Anthesis | AL10: Anthesis (2022) | AM10: 2022 | AN10: 2020 | AO10: =IF(AND(emissions[[#This Row],[Market-based]]=0,emissions[[#This Row],[Impact Type]]="CO2E"),emissions[[#This Row],[kgCO2e]],0)/1000 -> 0.02827896 | AP10: =IF(AND(emissions[[#This Row],[Market-based]]=1,OR(emissions[[#This Row],[Impact Type]]="CO2E",emissions[[#This Row],[Impact Type]]="CO2E MKT")),emissions[[#This Row],[kgCO2e]],0)/1000 -> 0 | AQ10: =_xlfn.TEXTAFTER(emissions[[#This Row],[Reporting Unit]]," > ",LEN(emissions[[#This Row],[Reporting Unit]])-LEN(SUBSTITUTE(emissions[[#This Row],[Reporting Unit]],">",""))) -> Vantage_Mumbai | AR10: =_xlfn.XLOOKUP(emissions[[#This Row],[Reporting unit name]],hierarchy!$A:$A,hierarchy!$C:$C) -> Office
A11: 293319 | B11: Top of Hierarchy > Asia Pacific > Vantage_Mumbai | C11: Office | D11: FY22 | E11: 44562 | F11: 44926 | G11: Electricity (non-renewable) | H11: 44562 | I11: 44926 | J11: Electricity (non-renewable) | K11: 1000 | L11: Kilowatt hours | M11: Estimated | N11: shared facility; not sure actual value but have estimation | O11: 2023-05-08, 17:22 | P11: 2023-07-20, 00:40 | Q11: 2022 | R11: electricity__t+d__wtt | S11: Electricity T&D WTT | T11: t+d_wtt | U11: FALSE | V11: ELECTRICITY T&D WTT; INDIA | W11: Scope 3 | X11: 3: Fuel- and Energy-Related Activities | Y11: Asia | Z11: Southern Asia | AA11: IN | AC11: 1 | AD11: CO2E | AE11: 28.27896 | AF11: 0.02827896 | AG11: KWH | AH11: 1 | AI11: 1000 | AJ11: AR4 | AK11: Anthesis | AL11: Anthesis (2022) | AM11: 2022 | AN11: 2020 | AO11: =IF(AND(emissions[[#This Row],[Market-based]]=0,emissions[[#This Row],[Impact Type]]="CO2E"),emissions[[#This Row],[kgCO2e]],0)/1000 -> 0 | AP11: =IF(AND(emissions[[#This Row],[Market-based]]=1,OR(emissions[[#This Row],[Impact Type]]="CO2E",emissions[[#This Row],[Impact Type]]="CO2E MKT")),emissions[[#This Row],[kgCO2e]],0)/1000 -> 0.02827896 | AQ11: =_xlfn.TEXTAFTER(emissions[[#This Row],[Reporting Unit]]," > ",LEN(emissions[[#This Row],[Reporting Unit]])-LEN(SUBSTITUTE(emissions[[#This Row],[Reporting Unit]],">",""))) -> Vantage_Mumbai | AR11: =_xlfn.XLOOKUP(emissions[[#This Row],[Reporting unit name]],hierarchy!$A:$A,hierarchy!$C:$C) -> Office
A12: 293319 | B12: Top of Hierarchy > Asia Pacific > Vantage_Mumbai | C12: Office | D12: FY22 | E12: 44562 | F12: 44926 | G12: Electricity (non-renewable) | H12: 44562 | I12: 44926 | J12: Electricity (non-renewable) | K12: 1000 | L12: Kilowatt hours | M12: Estimated | N12: shared facility; not sure actual value but have estimation | O12: 2023-05-08, 17:22 | P12: 2023-07-20, 00:40 | Q12: 2022 | R12: electricity__wtt | S12: Electricity WTT | T12: wtt | U12: FALSE | V12: ELECTRICITY WTT; INDIA | W12: Scope 3 | X12: 3: Fuel- and Energy-Related Activities | Y12: Asia | Z12: Southern Asia | AA12: IN | AC12: 0 | AD12: CO2E | AE12: 159.82457 | AF12: 0.15982457 | AG12: KWH | AH12: 1 | AI12: 1000 | AJ12: AR4 | AK12: Anthesis | AL12: Anthesis (2022) | AM12: 2022 | AN12: 2020 | AO12: =IF(AND(emissions[[#This Row],[Market-based]]=0,emissions[[#This Row],[Impact Type]]="CO2E"),emissions[[#This Row],[kgCO2e]],0)/1000 -> 0.15982457 | AP12: =IF(AND(emissions[[#This Row],[Market-based]]=1,OR(emissions[[#This Row],[Impact Type]]="CO2E",emissions[[#This Row],[Impact Type]]="CO2E MKT")),emissions[[#This Row],[kgCO2e]],0)/1000 -> 0 | AQ12: =_xlfn.TEXTAFTER(emissions[[#This Row],[Reporting Unit]]," > ",LEN(emissions[[#This Row],[Reporting Unit]])-LEN(SUBSTITUTE(emissions[[#This Row],[Reporting Unit]],">",""))) -> Vantage_Mumbai | AR12: =_xlfn.XLOOKUP(emissions[[#This Row],[Reporting unit name]],hierarchy!$A:$A,hierarchy!$C:$C) -> Office
A13: 293319 | B13: Top of Hierarchy > Asia Pacific > Vantage_Mumbai | C13: Office | D13: FY22 | E13: 44562 | F13: 44926 | G13: Electricity (non-renewable) | H13: 44562 | I13: 44926 | J13: Electricity (non-renewable) | K13: 1000 | L13: Kilowatt hours | M13: Estimated | N13: shared facility; not sure actual value but have estimation | O13: 2023-05-08, 17:22 | P13: 2023-07-20, 00:40 | Q13: 2022 | R13: electricity__wtt | S13: Electricity WTT | T13: wtt | U13: FALSE | V13: ELECTRICITY WTT; INDIA | W13: Scope 3 | X13: 3: Fuel- and Energy-Related Activities | Y13: Asia | Z13: Southern Asia | AA13: IN | AC13: 1 | AD13: CO2E | AE13: 159.82457 | AF13: 0.15982457 | AG13: KWH | AH13: 1 | AI13: 1000 | AJ13: AR4 | AK13: Anthesis | AL13: Anthesis (2022) | AM13: 2022 | AN13: 2020 | AO13: =IF(AND(emissions[[#This Row],[Market-based]]=0,emissions[[#This Row],[Impact Type]]="CO2E"),emissions[[#This Row],[kgCO2e]],0)/1000 -> 0 | AP13: =IF(AND(emissions[[#This Row],[Market-based]]=1,OR(emissions[[#This Row],[Impact Type]]="CO2E",emissions[[#This Row],[Impact Type]]="CO2E MKT")),emissions[[#This Row],[kgCO2e]],0)/1000 -> 0.15982457 | AQ13: =_xlfn.TEXTAFTER(emissions[[#This Row],[Reporting Unit]]," > ",LEN(emissions[[#This Row],[Reporting Unit]])-LEN(SUBSTITUTE(emissions[[#This Row],[Reporting Unit]],">",""))) -> Vantage_Mumbai | AR13: =_xlfn.XLOOKUP(emissions[[#This Row],[Reporting unit name]],hierarchy!$A:$A,hierarchy!$C:$C) -> Office
A14: 293319 | B14: Top of Hierarchy > Asia Pacific > Vantage_Mumbai | C14: Office | D14: FY22 | E14: 44562 | F14: 44926 | G14: Electricity (non-renewable) | H14: 44562 | I14: 44926 | J14: Electricity (non-renewable) | K14: 1000 | L14: Kilowatt hours | M14: Estimated | N14: shared facility; not sure actual value but have estimation | O14: 2023-05-08, 17:22 | P14: 2023-07-20, 00:40 | Q14: 2022 | R14: electricity__t+d | S14: Electricity T&D | T14: t+d | U14: FALSE | V14: ELECTRICITY; TRANSMISSION AND DISTRIBUTION; INDIA | W14: Scope 3 | X14: 3: Fuel- and Energy-Related Activities | Y14: Asia | Z14: Southern Asia | AA14: IN | AC14: 0 | AD14: CO2E | AE14: 122.6 | AF14: RESTRICTED | AG14: KWH | AH14: 1 | AI14: 1000 | AJ14: AR4 | AK14: IEA | AL14: IEA (2022) | AM14: 2022 | AN14: 2020 | AO14: =IF(AND(emissions[[#This Row],[Market-based]]=0,emissions[[#This Row],[Impact Type]]="CO2E"),emissions[[#This Row],[kgCO2e]],0)/1000 -> 0.1226 | AP14: =IF(AND(emissions[[#This Row],[Market-based]]=1,OR(emissions[[#This Row],[Impact Type]]="CO2E",emissions[[#This Row],[Impact Type]]="CO2E MKT")),emissions[[#This Row],[kgCO2e]],0)/1000 -> 0 | AQ14: =_xlfn.TEXTAFTER(emissions[[#This Row],[Reporting Unit]]," > ",LEN(emissions[[#This Row],[Reporting Unit]])-LEN(SUBSTITUTE(emissions[[#This Row],[Reporting Unit]],">",""))) -> Vantage_Mumbai | AR14: =_xlfn.XLOOKUP(emissions[[#This Row],[Reporting unit name]],hierarchy!$A:$A,hierarchy!$C:$C) -> Office
A15: 293319 | B15: Top of Hierarchy > Asia Pacific > Vantage_Mumbai | C15: Office | D15: FY22 | E15: 44562 | F15: 44926 | G15: Electricity (non-renewable) | H15: 44562 | I15: 44926 | J15: Electricity (non-renewable) | K15: 1000 | L15: Kilowatt hours | M15: Estimated | N15: shared facility; not sure actual value but have estimation | O15: 2023-05-08, 17:22 | P15: 2023-07-20, 00:40 | Q15: 2022 | R15: electricity__t+d | S15: Electricity T&D | T15: t+d | U15: FALSE | V15: ELECTRICITY; TRANSMISSION AND DISTRIBUTION; INDIA | W15: Scope 3 | X15: 3: Fuel- and Energy-Related Activities | Y15: Asia | Z15: Southern Asia | AA15: IN | AC15: 1 | AD15: CO2E | AE15: 122.6 | AF15: RESTRICTED | AG15: KWH | AH15: 1 | AI15: 1000 | AJ15: AR4 | AK15: IEA | AL15: IEA (2022) | AM15: 2022 | AN15: 2020 | AO15: =IF(AND(emissions[[#This Row],[Market-based]]=0,emissions[[#This Row],[Impact Type]]="CO2E"),emissions[[#This Row],[kgCO2e]],0)/1000 -> 0 | AP15: =IF(AND(emissions[[#This Row],[Market-based]]=1,OR(emissions[[#This Row],[Impact Type]]="CO2E",emissions[[#This Row],[Impact Type]]="CO2E MKT")),emissions[[#This Row],[kgCO2e]],0)/1000 -> 0.1226 | AQ15: =_xlfn.TEXTAFTER(emissions[[#This Row],[Reporting Unit]]," > ",LEN(emissions[[#This Row],[Reporting Unit]])-LEN(SUBSTITUTE(emissions[[#This Row],[Reporting Unit]],">",""))) -> Vantage_Mumbai | AR15: =_xlfn.XLOOKUP(emissions[[#This Row],[Reporting unit name]],hierarchy!$A:$A,hierarchy!$C:$C) -> Office
A16: 293321 | B16: Top of Hierarchy > Asia Pacific > Vantage_Mumbai | C16: Office | D16: FY22 | E16: 44562 | F16: 44926 | G16: Liquid fuel activities | H16: 44562 | I16: 44926 | J16: Diesel (average biofuel blend) | K16: 0 | L16: US liquid gallons | M16: Actual Data | O16: 2023-05-08, 17:23 | P16: 2023-07-20, 00:40 | Q16: 2022 | R16: diesel_avg_biofuel_blend | S16: Diesel (Average Biofuel Blend) | T16: model | U16: FALSE | V16: FUELS; LIQUID FUELS; DIESEL (AVERAGE BIOFUEL BLEND) | W16: Scope 1 | X16: N/A | AC16: 0 | AD16: CH4 | AE16: 0 | AF16: 0.00026 | AG16: LITRES | AH16: 3.78541 | AI16: 0 | AJ16: AR4 | AK16: Defra | AL16: Defra (2022) | AM16: 2022 | AN16: 2020 | AO16: =IF(AND(emissions[[#This Row],[Market-based]]=0,emissions[[#This Row],[Impact Type]]="CO2E"),emissions[[#This Row],[kgCO2e]],0)/1000 -> 0 | AP16: =IF(AND(emissions[[#This Row],[Market-based]]=1,OR(emissions[[#This Row],[Impact Type]]="CO2E",emissions[[#This Row],[Impact Type]]="CO2E MKT")),emissions[[#This Row],[kgCO2e]],0)/1000 -> 0 | AQ16: =_xlfn.TEXTAFTER(emissions[[#This Row],[Reporting Unit]]," > ",LEN(emissions[[#This Row],[Reporting Unit]])-LEN(SUBSTITUTE(emissions[[#This Row],[Reporting Unit]],">",""))) -> Vantage_Mumbai | AR16: =_xlfn.XLOOKUP(emissions[[#This Row],[Reporting unit name]],hierarchy!$A:$A,hierarchy!$C:$C) -> Office
A17: 293321 | B17: Top of Hierarchy > Asia Pacific > Vantage_Mumbai | C17: Office | D17: FY22 | E17: 44562 | F17: 44926 | G17: Liquid fuel activities | H17: 44562 | I17: 44926 | J17: Diesel (average biofuel blend) | K17: 0 | L17: US liquid gallons | M17: Actual Data | O17: 2023-05-08, 17:23 | P17: 2023-07-20, 00:40 | Q17: 2022 | R17: diesel_avg_biofuel_blend | S17: Diesel (Average Biofuel Blend) | T17: model | U17: FALSE | V17: FUELS; LIQUID FUELS; DIESEL (AVERAGE BIOFUEL BLEND) | W17: Scope 1 | X17: N/A | AC17: 0 | AD17: CO2 | AE17: 0 | AF17: 2.52058 | AG17: LITRES | AH17: 3.78541 | AI17: 0 | AJ17: AR4 | AK17: Defra | AL17: Defra (2022) | AM17: 2022 | AN17: 2020 | AO17: =IF(AND(emissions[[#This Row],[Market-based]]=0,emissions[[#This Row],[Impact Type]]="CO2E"),emissions[[#This Row],[kgCO2e]],0)/1000 -> 0 | AP17: =IF(AND(emissions[[#This Row],[Market-based]]=1,OR(emissions[[#This Row],[Impact Type]]="CO2E",emissions[[#This Row],[Impact Type]]="CO2E MKT")),emissions[[#This Row],[kgCO2e]],0)/1000 -> 0 | AQ17: =_xlfn.TEXTAFTER(emissions[[#This Row],[Reporting Unit]]," > ",LEN(emissions[[#This Row],[Reporting Unit]])-LEN(SUBSTITUTE(emissions[[#This Row],[Reporting Unit]],">",""))) -> Vantage_Mumbai | AR17: =_xlfn.XLOOKUP(emissions[[#This Row],[Reporting unit name]],hierarchy!$A:$A,hierarchy!$C:$C) -> Office
A18: 293321 | B18: Top of Hierarchy > Asia Pacific > Vantage_Mumbai | C18: Office | D18: FY22 | E18: 44562 | F18: 44926 | G18: Liquid fuel activities | H18: 44562 | I18: 44926 | J18: Diesel (average biofuel blend) | K18: 0 | L18: US liquid gallons | M18: Actual Data | O18: 2023-05-08, 17:23 | P18: 2023-07-20, 00:40 | Q18: 2022 | R18: diesel_avg_biofuel_blend | S18: Diesel (Average Biofuel Blend) | T18: model | U18: FALSE | V18: FUELS; LIQUID FUELS; DIESEL (AVERAGE BIOFUEL BLEND) | W18: Scope 1 | X18: N/A | AC18: 0 | AD18: CO2E | AE18: 0 | AF18: 2.55784 | AG18: LITRES | AH18: 3.78541 | AI18: 0 | AJ18: AR4 | AK18: Defra | AL18: Defra (2022) | AM18: 2022 | AN18: 2020 | AO18: =IF(AND(emissions[[#This Row],[Market-based]]=0,emissions[[#This Row],[Impact Type]]="CO2E"),emissions[[#This Row],[kgCO2e]],0)/1000 -> 0 | AP18: =IF(AND(emissions[[#This Row],[Market-based]]=1,OR(emissions[[#This Row],[Impact Type]]="CO2E",emissions[[#This Row],[Impact Type]]="CO2E MKT")),emissions[[#This Row],[kgCO2e]],0)/1000 -> 0 | AQ18: =_xlfn.TEXTAFTER(emissions[[#This Row],[Reporting Unit]]," > ",LEN(emissions[[#This Row],[Reporting Unit]])-LEN(SUBSTITUTE(emissions[[#This Row],[Reporting Unit]],">",""))) -> Vantage_Mumbai | AR18: =_xlfn.XLOOKUP(emissions[[#This Row],[Reporting unit name]],hierarchy!$A:$A,hierarchy!$C:$C) -> Office
A19: 293321 | B19: Top of Hierarchy > Asia Pacific > Vantage_Mumbai | C19: Office | D19: FY22 | E19: 44562 | F19: 44926 | G19: Liquid fuel activities | H19: 44562 | I19: 44926 | J19: Diesel (average biofuel blend) | K19: 0 | L19: US liquid gallons | M19: Actual Data | O19: 2023-05-08, 17:23 | P19: 2023-07-20, 00:40 | Q19: 2022 | R19: diesel_avg_biofuel_blend | S19: Diesel (Average Biofuel Blend) | T19: model | U19: FALSE | V19: FUELS; LIQUID FUELS; DIESEL (AVERAGE BIOFUEL BLEND) | W19: Scope 1 | X19: N/A | AC19: 0 | AD19: N2O | AE19: 0 | AF19: 0.037 | AG19: LITRES | AH19: 3.78541 | AI19: 0 | AJ19: AR4 | AK19: Defra | AL19: Defra (2022) | AM19: 2022 | AN19: 2020 | AO19: =IF(AND(emissions[[#This Row],[Market-based]]=0,emissions[[#This Row],[Impact Type]]="CO2E"),emissions[[#This Row],[kgCO2e]],0)/1000 -> 0 | AP19: =IF(AND(emissions[[#This Row],[Market-based]]=1,OR(emissions[[#This Row],[Impact Type]]="CO2E",emissions[[#This Row],[Impact Type]]="CO2E MKT")),emissions[[#This Row],[kgCO2e]],0)/1000 -> 0 | AQ19: =_xlfn.TEXTAFTER(emissions[[#This Row],[Reporting Unit]]," > ",LEN(emissions[[#This Row],[Reporting Unit]])-LEN(SUBSTITUTE(emissions[[#This Row],[Reporting Unit]],">",""))) -> Vantage_Mumbai | AR19: =_xlfn.XLOOKUP(emissions[[#This Row],[Reporting unit name]],hierarchy!$A:$A,hierarchy!$C:$C) -> Office
A20: 293321 | B20: Top of Hierarchy > Asia Pacific > Vantage_Mumbai | C20: Office | D20: FY22 | E20: 44562 | F20: 44926 | G20: Liquid fuel activities | H20: 44562 | I20: 44926 | J20: Diesel (average biofuel blend) | K20: 0 | L20: US liquid gallons | M20: Actual Data | O20: 2023-05-08, 17:23 | P20: 2023-07-20, 00:40 | Q20: 2022 | R20: diesel_avg_biofuel_blend | S20: Diesel (Average Biofuel Blend) | T20: model | U20: FALSE | V20: FUELS; LIQUID FUELS; DIESEL (AVERAGE BIOFUEL BLEND) | W20: Scope 1 | X20: N/A | AC20: 1 | AD20: CH4 | AE20: 0 | AF20: 0.00026 | AG20: LITRES | AH20: 3.78541 | AI20: 0 | AJ20: AR4 | AK20: Defra | AL20: Defra (2022) | AM20: 2022 | AN20: 2020 | AO20: =IF(AND(emissions[[#This Row],[Market-based]]=0,emissions[[#This Row],[Impact Type]]="CO2E"),emissions[[#This Row],[kgCO2e]],0)/1000 -> 0 | AP20: =IF(AND(emissions[[#This Row],[Market-based]]=1,OR(emissions[[#This Row],[Impact Type]]="CO2E",emissions[[#This Row],[Impact Type]]="CO2E MKT")),emissions[[#This Row],[kgCO2e]],0)/1000 -> 0 | AQ20: =_xlfn.TEXTAFTER(emissions[[#This Row],[Reporting Unit]]," > ",LEN(emissions[[#This Row],[Reporting Unit]])-LEN(SUBSTITUTE(emissions[[#This Row],[Reporting Unit]],">",""))) -> Vantage_Mumbai | AR20: =_xlfn.XLOOKUP(emissions[[#This Row],[Reporting unit name]],hierarchy!$A:$A,hierarchy!$C:$C) -> Office
A21: 293321 | B21: Top of Hierarchy > Asia Pacific > Vantage_Mumbai | C21: Office | D21: FY22 | E21: 44562 | F21: 44926 | G21: Liquid fuel activities | H21: 44562 | I21: 44926 | J21: Diesel (average biofuel blend) | K21: 0 | L21: US liquid gallons | M21: Actual Data | O21: 2023-05-08, 17:23 | P21: 2023-07-20, 00:40 | Q21: 2022 | R21: diesel_avg_biofuel_blend | S21: Diesel (Average Biofuel Blend) | T21: model | U21: FALSE | V21: FUELS; LIQUID FUELS; DIESEL (AVERAGE BIOFUEL BLEND) | W21: Scope 1 | X21: N/A | AC21: 1 | AD21: CO2 | AE21: 0 | AF21: 2.52058 | AG21: LITRES | AH21: 3.78541 | AI21: 0 | AJ21: AR4 | AK21: Defra | AL21: Defra (2022) | AM21: 2022 | AN21: 2020 | AO21: =IF(AND(emissions[[#This Row],[Market-based]]=0,emissions[[#This Row],[Impact Type]]="CO2E"),emissions[[#This Row],[kgCO2e]],0)/1000 -> 0 | AP21: =IF(AND(emissions[[#This Row],[Market-based]]=1,OR(emissions[[#This Row],[Impact Type]]="CO2E",emissions[[#This Row],[Impact Type]]="CO2E MKT")),emissions[[#This Row],[kgCO2e]],0)/1000 -> 0 | AQ21: =_xlfn.TEXTAFTER(emissions[[#This Row],[Reporting Unit]]," > ",LEN(emissions[[#This Row],[Reporting Unit]])-LEN(SUBSTITUTE(emissions[[#This Row],[Reporting Unit]],">",""))) -> Vantage_Mumbai | AR21: =_xlfn.XLOOKUP(emissions[[#This Row],[Reporting unit name]],hierarchy!$A:$A,hierarchy!$C:$C) -> Office
A22: 293321 | B22: Top of Hierarchy > Asia Pacific > Vantage_Mumbai | C22: Office | D22: FY22 | E22: 44562 | F22: 44926 | G22: Liquid fuel activities | H22: 44562 | I22: 44926 | J22: Diesel (average biofuel blend) | K22: 0 | L22: US liquid gallons | M22: Actual Data | O22: 2023-05-08, 17:23 | P22: 2023-07-20, 00:40 | Q22: 2022 | R22: diesel_avg_biofuel_blend | S22: Diesel (Average Biofuel Blend) | T22: model | U22: FALSE | V22: FUELS; LIQUID FUELS; DIESEL (AVERAGE BIOFUEL BLEND) | W22: Scope 1 | X22: N/A | AC22: 1 | AD22: CO2E | AE22: 0 | AF22: 2.55784 | AG22: LITRES | AH22: 3.78541 | AI22: 0 | AJ22: AR4 | AK22: Defra | AL22: Defra (2022) | AM22: 2022 | AN22: 2020 | AO22: =IF(AND(emissions[[#This Row],[Market-based]]=0,emissions[[#This Row],[Impact Type]]="CO2E"),emissions[[#This Row],[kgCO2e]],0)/1000 -> 0 | AP22: =IF(AND(emissions[[#This Row],[Market-based]]=1,OR(emissions[[#This Row],[Impact Type]]="CO2E",emissions[[#This Row],[Impact Type]]="CO2E MKT")),emissions[[#This Row],[kgCO2e]],0)/1000 -> 0 | AQ22: =_xlfn.TEXTAFTER(emissions[[#This Row],[Reporting Unit]]," > ",LEN(emissions[[#This Row],[Reporting Unit]])-LEN(SUBSTITUTE(emissions[[#This Row],[Reporting Unit]],">",""))) -> Vantage_Mumbai | AR22: =_xlfn.XLOOKUP(emissions[[#This Row],[Reporting unit name]],hierarchy!$A:$A,hierarchy!$C:$C) -> Office
A23: 293321 | B23: Top of Hierarchy > Asia Pacific > Vantage_Mumbai | C23: Office | D23: FY22 | E23: 44562 | F23: 44926 | G23: Liquid fuel activities | H23: 44562 | I23: 44926 | J23: Diesel (average biofuel blend) | K23: 0 | L23: US liquid gallons | M23: Actual Data | O23: 2023-05-08, 17:23 | P23: 2023-07-20, 00:40 | Q23: 2022 | R23: diesel_avg_biofuel_blend | S23: Diesel (Average Biofuel Blend) | T23: model | U23: FALSE | V23: FUELS; LIQUID FUELS; DIESEL (AVERAGE BIOFUEL BLEND) | W23: Scope 1 | X23: N/A | AC23: 1 | AD23: N2O | AE23: 0 | AF23: 0.037 | AG23: LITRES | AH23: 3.78541 | AI23: 0 | AJ23: AR4 | AK23: Defra | AL23: Defra (2022) | AM23: 2022 | AN23: 2020 | AO23: =IF(AND(emissions[[#This Row],[Market-based]]=0,emissions[[#This Row],[Impact Type]]="CO2E"),emissions[[#This Row],[kgCO2e]],0)/1000 -> 0 | AP23: =IF(AND(emissions[[#This Row],[Market-based]]=1,OR(emissions[[#This Row],[Impact Type]]="CO2E",emissions[[#This Row],[Impact Type]]="CO2E MKT")),emissions[[#This Row],[kgCO2e]],0)/1000 -> 0 | AQ23: =_xlfn.TEXTAFTER(emissions[[#This Row],[Reporting Unit]]," > ",LEN(emissions[[#This Row],[Reporting Unit]])-LEN(SUBSTITUTE(emissions[[#This Row],[Reporting Unit]],">",""))) -> Vantage_Mumbai | AR23: =_xlfn.XLOOKUP(emissions[[#This Row],[Reporting unit name]],hierarchy!$A:$A,hierarchy!$C:$C) -> Office
A24: 293321 | B24: Top of Hierarchy > Asia Pacific > Vantage_Mumbai | C24: Office | D24: FY22 | E24: 44562 | F24: 44926 | G24: Liquid fuel activities | H24: 44562 | I24: 44926 | J24: Diesel (average biofuel blend) | K24: 0 | L24: US liquid gallons | M24: Actual Data | O24: 2023-05-08, 17:23 | P24: 2023-07-20, 00:40 | Q24: 2022 | R24: diesel_avg_biofuel_blend__wtt | S24: Diesel (Average Biofuel Blend) WTT | T24: wtt | U24: FALSE | V24: WTT- FUELS; LIQUID FUELS; DIESEL (AVERAGE BIOFUEL BLEND) | W24: Scope 3 | X24: 3: Fuel- and Energy-Related Activities | AC24: 0 | AD24: CO2E | AE24: 0 | AF24: 0.60986 | AG24: LITRES | AH24: 3.78541 | AI24: 0 | AJ24: AR4 | AK24: Defra | AL24: Defra (2022) | AM24: 2022 | AN24: 2020 | AO24: =IF(AND(emissions[[#This Row],[Market-based]]=0,emissions[[#This Row],[Impact Type]]="CO2E"),emissions[[#This Row],[kgCO2e]],0)/1000 -> 0 | AP24: =IF(AND(emissions[[#This Row],[Market-based]]=1,OR(emissions[[#This Row],[Impact Type]]="CO2E",emissions[[#This Row],[Impact Type]]="CO2E MKT")),emissions[[#This Row],[kgCO2e]],0)/1000 -> 0 | AQ24: =_xlfn.TEXTAFTER(emissions[[#This Row],[Reporting Unit]]," > ",LEN(emissions[[#This Row],[Reporting Unit]])-LEN(SUBSTITUTE(emissions[[#This Row],[Reporting Unit]],">",""))) -> Vantage_Mumbai | AR24: =_xlfn.XLOOKUP(emissions[[#This Row],[Reporting unit name]],hierarchy!$A:$A,hierarchy!$C:$C) -> Office
A25: 293321 | B25: Top of Hierarchy > Asia Pacific > Vantage_Mumbai | C25: Office | D25: FY22 | E25: 44562 | F25: 44926 | G25: Liquid fuel activities | H25: 44562 | I25: 44926 | J25: Diesel (average biofuel blend) | K25: 0 | L25: US liquid gallons | M25: Actual Data | O25: 2023-05-08, 17:23 | P25: 2023-07-20, 00:40 | Q25: 2022 | R25: diesel_avg_biofuel_blend__wtt | S25: Diesel (Average Biofuel Blend) WTT | T25: wtt | U25: FALSE | V25: WTT- FUELS; LIQUID FUELS; DIESEL (AVERAGE BIOFUEL BLEND) | W25: Scope 3 | X25: 3: Fuel- and Energy-Related Activities | AC25: 1 | AD25: CO2E | AE25: 0 | AF25: 0.60986 | AG25: LITRES | AH25: 3.78541 | AI25: 0 | AJ25: AR4 | AK25: Defra | AL25: Defra (2022) | AM25: 2022 | AN25: 2020 | AO25: =IF(AND(emissions[[#This Row],[Market-based]]=0,emissions[[#This Row],[Impact Type]]="CO2E"),emissions[[#This Row],[kgCO2e]],0)/1000 -> 0 | AP25: =IF(AND(emissions[[#This Row],[Market-based]]=1,OR(emissions[[#This Row],[Impact Type]]="CO2E",emissions[[#This Row],[Impact Type]]="CO2E MKT")),emissions[[#This Row],[kgCO2e]],0)/1000 -> 0 | AQ25: =_xlfn.TEXTAFTER(emissions[[#This Row],[Reporting Unit]]," > ",LEN(emissions[[#This Row],[Reporting Unit]])-LEN(SUBSTITUTE(emissions[[#This Row],[Reporting Unit]],">",""))) -> Vantage_Mumbai | AR25: =_xlfn.XLOOKUP(emissions[[#This Row],[Reporting unit name]],hierarchy!$A:$A,hierarchy!$C:$C) -> Office
A26: 293323 | B26: Top of Hierarchy > Asia Pacific > Vantage_Mumbai | C26: Office | D26: FY22 | E26: 44562 | F26: 44926 | G26: Gaseous fuel activities | H26: 44562 | I26: 44926 | J26: Propane | K26: 0 | L26: US liquid gallons | M26: Actual Data | O26: 2023-05-08, 17:23 | P26: 2023-07-20, 00:40 | Q26: 2022 | R26: propane | S26: Propane | T26: model | U26: FALSE | V26: FUELS; GASEOUS FUELS; PROPANE | W26: Scope 1 | X26: N/A | AC26: 0 | AD26: CH4 | AE26: 0 | AF26: 0.00119 | AG26: LITRES | AH26: 3.78541 | AI26: 0 | AJ26: AR4 | AK26: Defra | AL26: Defra (2022) | AM26: 2022 | AN26: 2020 | AO26: =IF(AND(emissions[[#This Row],[Market-based]]=0,emissions[[#This Row],[Impact Type]]="CO2E"),emissions[[#This Row],[kgCO2e]],0)/1000 -> 0 | AP26: =IF(AND(emissions[[#This Row],[Market-based]]=1,OR(emissions[[#This Row],[Impact Type]]="CO2E",emissions[[#This Row],[Impact Type]]="CO2E MKT")),emissions[[#This Row],[kgCO2e]],0)/1000 -> 0 | AQ26: =_xlfn.TEXTAFTER(emissions[[#This Row],[Reporting Unit]]," > ",LEN(emissions[[#This Row],[Reporting Unit]])-LEN(SUBSTITUTE(emissions[[#This Row],[Reporting Unit]],">",""))) -> Vantage_Mumbai | AR26: =_xlfn.XLOOKUP(emissions[[#This Row],[Reporting unit name]],hierarchy!$A:$A,hierarchy!$C:$C) -> Office
A27: 293323 | B27: Top of Hierarchy > Asia Pacific > Vantage_Mumbai | C27: Office | D27: FY22 | E27: 44562 | F27: 44926 | G27: Gaseous fuel activities | H27: 44562 | I27: 44926 | J27: Propane | K27: 0 | L27: US liquid gallons | M27: Actual Data | O27: 2023-05-08, 17:23 | P27: 2023-07-20, 00:40 | Q27: 2022 | R27: propane | S27: Propane | T27: model | U27: FALSE | V27: FUELS; GASEOUS FUELS; PROPANE | W27: Scope 1 | X27: N/A | AC27: 0 | AD27: CO2 | AE27: 0 | AF27: 1.5414 | AG27: LITRES | AH27: 3.78541 | AI27: 0 | AJ27: AR4 | AK27: Defra | AL27: Defra (2022) | AM27: 2022 | AN27: 2020 | AO27: =IF(AND(emissions[[#This Row],[Market-based]]=0,emissions[[#This Row],[Impact Type]]="CO2E"),emissions[[#This Row],[kgCO2e]],0)/1000 -> 0 | AP27: =IF(AND(emissions[[#This Row],[Market-based]]=1,OR(emissions[[#This Row],[Impact Type]]="CO2E",emissions[[#This Row],[Impact Type]]="CO2E MKT")),emissions[[#This Row],[kgCO2e]],0)/1000 -> 0 | AQ27: =_xlfn.TEXTAFTER(emissions[[#This Row],[Reporting Unit]]," > ",LEN(emissions[[#This Row],[Reporting Unit]])-LEN(SUBSTITUTE(emissions[[#This Row],[Reporting Unit]],">",""))) -> Vantage_Mumbai | AR27: =_xlfn.XLOOKUP(emissions[[#This Row],[Reporting unit name]],hierarchy!$A:$A,hierarchy!$C:$C) -> Office
... A35: 293323 | B35: Top of Hierarchy > Asia Pacific > Vantage_Mumbai | C35: Office | D35: FY22 | E35: 44562 | F35: 44926 | G35: Gaseous fuel activities | H35: 44562 | I35: 44926 | J35: Propane | K35: 0 | L35: US liquid gallons | M35: Actual Data | O35: 2023-05-08, 17:23 | P35: 2023-07-20, 00:40 | Q35: 2022 | R35: propane__wtt | S35: Propane WTT | T35: wtt | U35: FALSE | V35: WTT- FUELS; GASEOUS FUELS; PROPANE | W35: Scope 3 | X35: 3: Fuel- and Energy-Related Activities | AC35: 1 | AD35: CO2E | AE35: 0 | AF35: 0.18046 | AG35: LITRES | AH35: 3.78541 | AI35: 0 | AJ35: AR4 | AK35: Defra | AL35: Defra (2022) | AM35: 2022 | AN35: 2020 | AO35: =IF(AND(emissions[[#This Row],[Market-based]]=0,emissions[[#This Row],[Impact Type]]="CO2E"),emissions[[#This Row],[kgCO2e]],0)/1000 -> 0 | AP35: =IF(AND(emissions[[#This Row],[Market-based]]=1,OR(emissions[[#This Row],[Impact Type]]="CO2E",emissions[[#This Row],[Impact Type]]="CO2E MKT")),emissions[[#This Row],[kgCO2e]],0)/1000 -> 0 | AQ35: =_xlfn.TEXTAFTER(emissions[[#This Row],[Reporting Unit]]," > ",LEN(emissions[[#This Row],[Reporting Unit]])-LEN(SUBSTITUTE(emissions[[#This Row],[Reporting Unit]],">",""))) -> Vantage_Mumbai | AR35: =_xlfn.XLOOKUP(emissions[[#This Row],[Reporting unit name]],hierarchy!$A:$A,hierarchy!$C:$C) -> Office
A36: 4957 | B36: Top of Hierarchy > Asia Pacific > Vantage_Mumbai | C36: Office | D36: FY21 | E36: 44197 | F36: 44561 | G36: Electricity (non-renewable) | H36: 44197 | I36: 44561 | J36: Electricity (non-renewable) | K36: 2441.65 | L36: Kilowatt hours | M36: Estimated | O36: 2023-02-27, 16:27 | P36: 2023-07-20, 00:40 | Q36: 2021 | R36: electricity | S36: Electricity | T36: model | U36: FALSE | V36: ELECTRICITY; INDIA | W36: Scope 2 | X36: N/A | Y36: Asia | Z36: Southern Asia | AA36: IN | AC36: 0 | AD36: CH4 | AE36: 0.732495 | AF36: RESTRICTED | AG36: KWH | AH36: 1 | AI36: 2441.65 | AJ36: AR4 | AK36: IEA | AL36: IEA (2021) | AM36: 2021 | AN36: 2019 | AO36: =IF(AND(emissions[[#This Row],[Market-based]]=0,emissions[[#This Row],[Impact Type]]="CO2E"),emissions[[#This Row],[kgCO2e]],0)/1000 -> 0 | AP36: =IF(AND(emissions[[#This Row],[Market-based]]=1,OR(emissions[[#This Row],[Impact Type]]="CO2E",emissions[[#This Row],[Impact Type]]="CO2E MKT")),emissions[[#This Row],[kgCO2e]],0)/1000 -> 0 | AQ36: =_xlfn.TEXTAFTER(emissions[[#This Row],[Reporting Unit]]," > ",LEN(emissions[[#This Row],[Reporting Unit]])-LEN(SUBSTITUTE(emissions[[#This Row],[Reporting Unit]],">",""))) -> Vantage_Mumbai | AR36: =_xlfn.XLOOKUP(emissions[[#This Row],[Reporting unit name]],hierarchy!$A:$A,hierarchy!$C:$C) -> Office
A37: 4957 | B37: Top of Hierarchy > Asia Pacific > Vantage_Mumbai | C37: Office | D37: FY21 | E37: 44197 | F37: 44561 | G37: Electricity (non-renewable) | H37: 44197 | I37: 44561 | J37: Electricity (non-renewable) | K37: 2441.65 | L37: Kilowatt hours | M37: Estimated | O37: 2023-02-27, 16:27 | P37: 2023-07-20, 00:40 | Q37: 2021 | R37: electricity | S37: Electricity | T37: model | U37: FALSE | V37: ELECTRICITY; INDIA | W37: Scope 2 | X37: N/A | Y37: Asia | Z37: Southern Asia | AA37: IN | AC37: 0 | AD37: CO2 | AE37: 1763.848 | AF37: RESTRICTED | AG37: KWH | AH37: 1 | AI37: 2441.65 | AJ37: AR4 | AK37: IEA | AL37: IEA (2021) | AM37: 2021 | AN37: 2019 | AO37: =IF(AND(emissions[[#This Row],[Market-based]]=0,emissions[[#This Row],[Impact Type]]="CO2E"),emissions[[#This Row],[kgCO2e]],0)/1000 -> 0 | AP37: =IF(AND(emissions[[#This Row],[Market-based]]=1,OR(emissions[[#This Row],[Impact Type]]="CO2E",emissions[[#This Row],[Impact Type]]="CO2E MKT")),emissions[[#This Row],[kgCO2e]],0)/1000 -> 0 | AQ37: =_xlfn.TEXTAFTER(emissions[[#This Row],[Reporting Unit]]," > ",LEN(emissions[[#This Row],[Reporting Unit]])-LEN(SUBSTITUTE(emissions[[#This Row],[Reporting Unit]],">",""))) -> Vantage_Mumbai | AR37: =_xlfn.XLOOKUP(emissions[[#This Row],[Reporting unit name]],hierarchy!$A:$A,hierarchy!$C:$C) -> Office
A38: 4957 | B38: Top of Hierarchy > Asia Pacific > Vantage_Mumbai | C38: Office | D38: FY21 | E38: 44197 | F38: 44561 | G38: Electricity (non-renewable) | H38: 44197 | I38: 44561 | J38: Electricity (non-renewable) | K38: 2441.65 | L38: Kilowatt hours | M38: Estimated | O38: 2023-02-27, 16:27 | P38: 2023-07-20, 00:40 | Q38: 2021 | R38: electricity | S38: Electricity | T38: model | U38: FALSE | V38: ELECTRICITY; INDIA | W38: Scope 2 | X38: N/A | Y38: Asia | Z38: Southern Asia | AA38: IN | AC38: 0 | AD38: CO2E | AE38: 1772.8821 | AF38: RESTRICTED | AG38: KWH | AH38: 1 | AI38: 2441.65 | AJ38: AR4 | AK38: IEA | AL38: IEA (2021) | AM38: 2021 | AN38: 2019 | AO38: =IF(AND(emissions[[#This Row],[Market-based]]=0,emissions[[#This Row],[Impact Type]]="CO2E"),emissions[[#This Row],[kgCO2e]],0)/1000 -> 1.7728821 | AP38: =IF(AND(emissions[[#This Row],[Market-based]]=1,OR(emissions[[#This Row],[Impact Type]]="CO2E",emissions[[#This Row],[Impact Type]]="CO2E MKT")),emissions[[#This Row],[kgCO2e]],0)/1000 -> 0 | AQ38: =_xlfn.TEXTAFTER(emissions[[#This Row],[Reporting Unit]]," > ",LEN(emissions[[#This Row],[Reporting Unit]])-LEN(SUBSTITUTE(emissions[[#This Row],[Reporting Unit]],">",""))) -> Vantage_Mumbai | AR38: =_xlfn.XLOOKUP(emissions[[#This Row],[Reporting unit name]],hierarchy!$A:$A,hierarchy!$C:$C) -> Office
A39: 4957 | B39: Top of Hierarchy > Asia Pacific > Vantage_Mumbai | C39: Office | D39: FY21 | E39: 44197 | F39: 44561 | G39: Electricity (non-renewable) | H39: 44197 | I39: 44561 | J39: Electricity (non-renewable) | K39: 2441.65 | L39: Kilowatt hours | M39: Estimated | O39: 2023-02-27, 16:27 | P39: 2023-07-20, 00:40 | Q39: 2021 | R39: electricity | S39: Electricity | T39: model | U39: FALSE | V39: ELECTRICITY; INDIA | W39: Scope 2 | X39: N/A | Y39: Asia | Z39: Southern Asia | AA39: IN | AC39: 0 | AD39: N2O | AE39: 8.30161 | AF39: RESTRICTED | AG39: KWH | AH39: 1 | AI39: 2441.65 | AJ39: AR4 | AK39: IEA | AL39: IEA (2021) | AM39: 2021 | AN39: 2019 | AO39: =IF(AND(emissions[[#This Row],[Market-based]]=0,emissions[[#This Row],[Impact Type]]="CO2E"),emissions[[#This Row],[kgCO2e]],0)/1000 -> 0 | AP39: =IF(AND(emissions[[#This Row],[Market-based]]=1,OR(emissions[[#This Row],[Impact Type]]="CO2E",emissions[[#This Row],[Impact Type]]="CO2E MKT")),emissions[[#This Row],[kgCO2e]],0)/1000 -> 0 | AQ39: =_xlfn.TEXTAFTER(emissions[[#This Row],[Reporting Unit]]," > ",LEN(emissions[[#This Row],[Reporting Unit]])-LEN(SUBSTITUTE(emissions[[#This Row],[Reporting Unit]],">",""))) -> Vantage_Mumbai | AR39: =_xlfn.XLOOKUP(emissions[[#This Row],[Reporting unit name]],hierarchy!$A:$A,hierarchy!$C:$C) -> Office
A40: 4957 | B40: Top of Hierarchy > Asia Pacific > Vantage_Mumbai | C40: Office | D40: FY21 | E40: 44197 | F40: 44561 | G40: Electricity (non-renewable) | H40: 44197 | I40: 44561 | J40: Electricity (non-renewable) | K40: 2441.65 | L40: Kilowatt hours | M40: Estimated | O40: 2023-02-27, 16:27 | P40: 2023-07-20, 00:40 | Q40: 2021 | R40: electricity | S40: Electricity | T40: model | U40: FALSE | V40: ELECTRICITY; INDIA | W40: Scope 2 | X40: N/A | Y40: Asia | Z40: Southern Asia | AA40: IN | AC40: 1 | AD40: CH4 | AE40: 0.732495 | AF40: RESTRICTED | AG40: KWH | AH40: 1 | AI40: 2441.65 | AJ40: AR4 | AK40: IEA | AL40: IEA (2021) | AM40: 2021 | AN40: 2019 | AO40: =IF(AND(emissions[[#This Row],[Market-based]]=0,emissions[[#This Row],[Impact Type]]="CO2E"),emissions[[#This Row],[kgCO2e]],0)/1000 -> 0 | AP40: =IF(AND(emissions[[#This Row],[Market-based]]=1,OR(emissions[[#This Row],[Impact Type]]="CO2E",emissions[[#This Row],[Impact Type]]="CO2E MKT")),emissions[[#This Row],[kgCO2e]],0)/1000 -> 0 | AQ40: =_xlfn.TEXTAFTER(emissions[[#This Row],[Reporting Unit]]," > ",LEN(emissions[[#This Row],[Reporting Unit]])-LEN(SUBSTITUTE(emissions[[#This Row],[Reporting Unit]],">",""))) -> Vantage_Mumbai | AR40: =_xlfn.XLOOKUP(emissions[[#This Row],[Reporting unit name]],hierarchy!$A:$A,hierarchy!$C:$C) -> Office
A41: 4957 | B41: Top of Hierarchy > Asia Pacific > Vantage_Mumbai | C41: Office | D41: FY21 | E41: 44197 | F41: 44561 | G41: Electricity (non-renewable) | H41: 44197 | I41: 44561 | J41: Electricity (non-renewable) | K41: 2441.65 | L41: Kilowatt hours | M41: Estimated | O41: 2023-02-27, 16:27 | P41: 2023-07-20, 00:40 | Q41: 2021 | R41: electricity | S41: Electricity | T41: model | U41: FALSE | V41: ELECTRICITY; INDIA | W41: Scope 2 | X41: N/A | Y41: Asia | Z41: Southern Asia | AA41: IN | AC41: 1 | AD41: CO2 | AE41: 1763.848 | AF41: RESTRICTED | AG41: KWH | AH41: 1 | AI41: 2441.65 | AJ41: AR4 | AK41: IEA | AL41: IEA (2021) | AM41: 2021 | AN41: 2019 | AO41: =IF(AND(emissions[[#This Row],[Market-based]]=0,emissions[[#This Row],[Impact Type]]="CO2E"),emissions[[#This Row],[kgCO2e]],0)/1000 -> 0 | AP41: =IF(AND(emissions[[#This Row],[Market-based]]=1,OR(emissions[[#This Row],[Impact Type]]="CO2E",emissions[[#This Row],[Impact Type]]="CO2E MKT")),emissions[[#This Row],[kgCO2e]],0)/1000 -> 0 | AQ41: =_xlfn.TEXTAFTER(emissions[[#This Row],[Reporting Unit]]," > ",LEN(emissions[[#This Row],[Reporting Unit]])-LEN(SUBSTITUTE(emissions[[#This Row],[Reporting Unit]],">",""))) -> Vantage_Mumbai | AR41: =_xlfn.XLOOKUP(emissions[[#This Row],[Reporting unit name]],hierarchy!$A:$A,hierarchy!$C:$C) -> Office
A42: 4957 | B42: Top of Hierarchy > Asia Pacific > Vantage_Mumbai | C42: Office | D42: FY21 | E42: 44197 | F42: 44561 | G42: Electricity (non-renewable) | H42: 44197 | I42: 44561 | J42: Electricity (non-renewable) | K42: 2441.65 | L42: Kilowatt hours | M42: Estimated | O42: 2023-02-27, 16:27 | P42: 2023-07-20, 00:40 | Q42: 2021 | R42: electricity | S42: Electricity | T42: model | U42: FALSE | V42: ELECTRICITY; INDIA | W42: Scope 2 | X42: N/A | Y42: Asia | Z42: Southern Asia | AA42: IN | AC42: 1 | AD42: CO2E | AE42: 1772.8821 | AF42: RESTRICTED | AG42: KWH | AH42: 1 | AI42: 2441.65 | AJ42: AR4 | AK42: IEA | AL42: IEA (2021) | AM42: 2021 | AN42: 2019 | AO42: =IF(AND(emissions[[#This Row],[Market-based]]=0,emissions[[#This Row],[Impact Type]]="CO2E"),emissions[[#This Row],[kgCO2e]],0)/1000 -> 0 | AP42: =IF(AND(emissions[[#This Row],[Market-based]]=1,OR(emissions[[#This Row],[Impact Type]]="CO2E",emissions[[#This Row],[Impact Type]]="CO2E MKT")),emissions[[#This Row],[kgCO2e]],0)/1000 -> 1.7728821 | AQ42: =_xlfn.TEXTAFTER(emissions[[#This Row],[Reporting Unit]]," > ",LEN(emissions[[#This Row],[Reporting Unit]])-LEN(SUBSTITUTE(emissions[[#This Row],[Reporting Unit]],">",""))) -> Vantage_Mumbai | AR42: =_xlfn.XLOOKUP(emissions[[#This Row],[Reporting unit name]],hierarchy!$A:$A,hierarchy!$C:$C) -> Office
A43: 4957 | B43: Top of Hierarchy > Asia Pacific > Vantage_Mumbai | C43: Office | D43: FY21 | E43: 44197 | F43: 44561 | G43: Electricity (non-renewable) | H43: 44197 | I43: 44561 | J43: Electricity (non-renewable) | K43: 2441.65 | L43: Kilowatt hours | M43: Estimated | O43: 2023-02-27, 16:27 | P43: 2023-07-20, 00:40 | Q43: 2021 | R43: electricity | S43: Electricity | T43: model | U43: FALSE | V43: ELECTRICITY; INDIA | W43: Scope 2 | X43: N/A | Y43: Asia | Z43: Southern Asia | AA43: IN | AC43: 1 | AD43: N2O | AE43: 8.30161 | AF43: RESTRICTED | AG43: KWH | AH43: 1 | AI43: 2441.65 | AJ43: AR4 | AK43: IEA | AL43: IEA (2021) | AM43: 2021 | AN43: 2019 | AO43: =IF(AND(emissions[[#This Row],[Market-based]]=0,emissions[[#This Row],[Impact Type]]="CO2E"),emissions[[#This Row],[kgCO2e]],0)/1000 -> 0 | AP43: =IF(AND(emissions[[#This Row],[Market-based]]=1,OR(emissions[[#This Row],[Impact Type]]="CO2E",emissions[[#This Row],[Impact Type]]="CO2E MKT")),emissions[[#This Row],[kgCO2e]],0)/1000 -> 0 | AQ43: =_xlfn.TEXTAFTER(emissions[[#This Row],[Reporting Unit]]," > ",LEN(emissions[[#This Row],[Reporting Unit]])-LEN(SUBSTITUTE(emissions[[#This Row],[Reporting Unit]],">",""))) -> Vantage_Mumbai | AR43: =_xlfn.XLOOKUP(emissions[[#This Row],[Reporting unit name]],hierarchy!$A:$A,hierarchy!$C:$C) -> Office
A44: 4957 | B44: Top of Hierarchy > Asia Pacific > Vantage_Mumbai | C44: Office | D44: FY21 | E44: 44197 | F44: 44561 | G44: Electricity (non-renewable) | H44: 44197 | I44: 44561 | J44: Electricity (non-renewable) | K44: 2441.65 | L44: Kilowatt hours | M44: Estimated | O44: 2023-02-27, 16:27 | P44: 2023-07-20, 00:40 | Q44: 2021 | R44: electricity__t+d__wtt | S44: Electricity T&D WTT | T44: t+d_wtt | U44: FALSE | V44: WTT- UK & OVERSEAS ELEC; WTT- OVERSEAS ELECTRICITY (T&D); ELECTRICITY: INDIA | W44: Scope 3 | X44: 3: Fuel- and Energy-Related Activities | Y44: Asia | Z44: Southern Asia | AA44: IN | AC44: 0 | AD44: CO2E | AE44: 91.888338 | AF44: 0.037633706 | AG44: KWH | AH44: 1 | AI44: 2441.65 | AJ44: AR4 | AK44: Defra | AL44: Defra (2021) | AM44: 2021 | AN44: 2019 | AO44: =IF(AND(emissions[[#This Row],[Market-based]]=0,emissions[[#This Row],[Impact Type]]="CO2E"),emissions[[#This Row],[kgCO2e]],0)/1000 -> 0.091888338 | AP44: =IF(AND(emissions[[#This Row],[Market-based]]=1,OR(emissions[[#This Row],[Impact Type]]="CO2E",emissions[[#This Row],[Impact Type]]="CO2E MKT")),emissions[[#This Row],[kgCO2e]],0)/1000 -> 0 | AQ44: =_xlfn.TEXTAFTER(emissions[[#This Row],[Reporting Unit]]," > ",LEN(emissions[[#This Row],[Reporting Unit]])-LEN(SUBSTITUTE(emissions[[#This Row],[Reporting Unit]],">",""))) -> Vantage_Mumbai | AR44: =_xlfn.XLOOKUP(emissions[[#This Row],[Reporting unit name]],hierarchy!$A:$A,hierarchy!$C:$C) -> Office
A45: 4957 | B45: Top of Hierarchy > Asia Pacific > Vantage_Mumbai | C45: Office | D45: FY21 | E45: 44197 | F45: 44561 | G45: Electricity (non-renewable) | H45: 44197 | I45: 44561 | J45: Electricity (non-renewable) | K45: 2441.65 | L45: Kilowatt hours | M45: Estimated | O45: 2023-02-27, 16:27 | P45: 2023-07-20, 00:40 | Q45: 2021 | R45: electricity__t+d__wtt | S45: Electricity T&D WTT | T45: t+d_wtt | U45: FALSE | V45: WTT- UK & OVERSEAS ELEC; WTT- OVERSEAS ELECTRICITY (T&D); ELECTRICITY: INDIA | W45: Scope 3 | X45: 3: Fuel- and Energy-Related Activities | Y45: Asia | Z45: Southern Asia | AA45: IN | AC45: 1 | AD45: CO2E | AE45: 91.888338 | AF45: 0.037633706 | AG45: KWH | AH45: 1 | AI45: 2441.65 | AJ45: AR4 | AK45: Defra | AL45: Defra (2021) | AM45: 2021 | AN45: 2019 | AO45: =IF(AND(emissions[[#This Row],[Market-based]]=0,emissions[[#This Row],[Impact Type]]="CO2E"),emissions[[#This Row],[kgCO2e]],0)/1000 -> 0 | AP45: =IF(AND(emissions[[#This Row],[Market-based]]=1,OR(emissions[[#This Row],[Impact Type]]="CO2E",emissions[[#This Row],[Impact Type]]="CO2E MKT")),emissions[[#This Row],[kgCO2e]],0)/1000 -> 0.091888338 | AQ45: =_xlfn.TEXTAFTER(emissions[[#This Row],[Reporting Unit]]," > ",LEN(emissions[[#This Row],[Reporting Unit]])-LEN(SUBSTITUTE(emissions[[#This Row],[Reporting Unit]],">",""))) -> Vantage_Mumbai | AR45: =_xlfn.XLOOKUP(emissions[[#This Row],[Reporting unit name]],hierarchy!$A:$A,hierarchy!$C:$C) -> Office
A46: 4957 | B46: Top of Hierarchy > Asia Pacific > Vantage_Mumbai | C46: Office | D46: FY21 | E46: 44197 | F46: 44561 | G46: Electricity (non-renewable) | H46: 44197 | I46: 44561 | J46: Electricity (non-renewable) | K46: 2441.65 | L46: Kilowatt hours | M46: Estimated | O46: 2023-02-27, 16:27 | P46: 2023-07-20, 00:40 | Q46: 2021 | R46: electricity__wtt | S46: Electricity WTT | T46: wtt | U46: FALSE | V46: WTT- UK & OVERSEAS ELEC; WTT- OVERSEAS ELECTRICITY (GENERATION); ELECTRICITY: INDIA | W46: Scope 3 | X46: 3: Fuel- and Energy-Related Activities | Y46: Asia | Z46: Southern Asia | AA46: IN | AC46: 0 | AD46: CO2E | AE46: 408.93362 | AF46: 0.16748249 | AG46: KWH | AH46: 1 | AI46: 2441.65 | AJ46: AR4 | AK46: Defra | AL46: Defra (2021) | AM46: 2021 | AN46: 2019 | AO46: =IF(AND(emissions[[#This Row],[Market-based]]=0,emissions[[#This Row],[Impact Type]]="CO2E"),emissions[[#This Row],[kgCO2e]],0)/1000 -> 0.40893362 | AP46: =IF(AND(emissions[[#This Row],[Market-based]]=1,OR(emissions[[#This Row],[Impact Type]]="CO2E",emissions[[#This Row],[Impact Type]]="CO2E MKT")),emissions[[#This Row],[kgCO2e]],0)/1000 -> 0 | AQ46: =_xlfn.TEXTAFTER(emissions[[#This Row],[Reporting Unit]]," > ",LEN(emissions[[#This Row],[Reporting Unit]])-LEN(SUBSTITUTE(emissions[[#This Row],[Reporting Unit]],">",""))) -> Vantage_Mumbai | AR46: =_xlfn.XLOOKUP(emissions[[#This Row],[Reporting unit name]],hierarchy!$A:$A,hierarchy!$C:$C) -> Office
A47: 4957 | B47: Top of Hierarchy > Asia Pacific > Vantage_Mumbai | C47: Office | D47: FY21 | E47: 44197 | F47: 44561 | G47: Electricity (non-renewable) | H47: 44197 | I47: 44561 | J47: Electricity (non-renewable) | K47: 2441.65 | L47: Kilowatt hours | M47: Estimated | O47: 2023-02-27, 16:27 | P47: 2023-07-20, 00:40 | Q47: 2021 | R47: electricity__wtt | S47: Electricity WTT | T47: wtt | U47: FALSE | V47: WTT- UK & OVERSEAS ELEC; WTT- OVERSEAS ELECTRICITY (GENERATION); ELECTRICITY: INDIA | W47: Scope 3 | X47: 3: Fuel- and Energy-Related Activities | Y47: Asia | Z47: Southern Asia | AA47: IN | AC47: 1 | AD47: CO2E | AE47: 408.93362 | AF47: 0.16748249 | AG47: KWH | AH47: 1 | AI47: 2441.65 | AJ47: AR4 | AK47: Defra | AL47: Defra (2021) | AM47: 2021 | AN47: 2019 | AO47: =IF(AND(emissions[[#This Row],[Market-based]]=0,emissions[[#This Row],[Impact Type]]="CO2E"),emissions[[#This Row],[kgCO2e]],0)/1000 -> 0 | AP47: =IF(AND(emissions[[#This Row],[Market-based]]=1,OR(emissions[[#This Row],[Impact Type]]="CO2E",emissions[[#This Row],[Impact Type]]="CO2E MKT")),emissions[[#This Row],[kgCO2e]],0)/1000 -> 0.40893362 | AQ47: =_xlfn.TEXTAFTER(emissions[[#This Row],[Reporting Unit]]," > ",LEN(emissions[[#This Row],[Reporting Unit]])-LEN(SUBSTITUTE(emissions[[#This Row],[Reporting Unit]],">",""))) -> Vantage_Mumbai | AR47: =_xlfn.XLOOKUP(emissions[[#This Row],[Reporting unit name]],hierarchy!$A:$A,hierarchy!$C:$C) -> Office
A48: 4957 | B48: Top of Hierarchy > Asia Pacific > Vantage_Mumbai | C48: Office | D48: FY21 | E48: 44197 | F48: 44561 | G48: Electricity (non-renewable) | H48: 44197 | I48: 44561 | J48: Electricity (non-renewable) | K48: 2441.65 | L48: Kilowatt hours | M48: Estimated | O48: 2023-02-27, 16:27 | P48: 2023-07-20, 00:40 | Q48: 2021 | R48: electricity__t+d | S48: Electricity T&D | T48: t+d | U48: FALSE | V48: ELECTRICITY; TRANSMISSION AND DISTRIBUTION; INDIA | W48: Scope 3 | X48: 3: Fuel- and Energy-Related Activities | Y48: Asia | Z48: Southern Asia | AA48: IN | AC48: 0 | AD48: CO2E | AE48: 318.147 | AF48: RESTRICTED | AG48: KWH | AH48: 1 | AI48: 2441.65 | AJ48: AR4 | AK48: IEA | AL48: IEA (2021) | AM48: 2021 | AN48: 2019 | AO48: =IF(AND(emissions[[#This Row],[Market-based]]=0,emissions[[#This Row],[Impact Type]]="CO2E"),emissions[[#This Row],[kgCO2e]],0)/1000 -> 0.31814699 | AP48: =IF(AND(emissions[[#This Row],[Market-based]]=1,OR(emissions[[#This Row],[Impact Type]]="CO2E",emissions[[#This Row],[Impact Type]]="CO2E MKT")),emissions[[#This Row],[kgCO2e]],0)/1000 -> 0 | AQ48: =_xlfn.TEXTAFTER(emissions[[#This Row],[Reporting Unit]]," > ",LEN(emissions[[#This Row],[Reporting Unit]])-LEN(SUBSTITUTE(emissions[[#This Row],[Reporting Unit]],">",""))) -> Vantage_Mumbai | AR48: =_xlfn.XLOOKUP(emissions[[#This Row],[Reporting unit name]],hierarchy!$A:$A,hierarchy!$C:$C) -> Office
A49: 4957 | B49: Top of Hierarchy > Asia Pacific > Vantage_Mumbai | C49: Office | D49: FY21 | E49: 44197 | F49: 44561 | G49: Electricity (non-renewable) | H49: 44197 | I49: 44561 | J49: Electricity (non-renewable) | K49: 2441.65 | L49: Kilowatt hours | M49: Estimated | O49: 2023-02-27, 16:27 | P49: 2023-07-20, 00:40 | Q49: 2021 | R49: electricity__t+d | S49: Electricity T&D | T49: t+d | U49: FALSE | V49: ELECTRICITY; TRANSMISSION AND DISTRIBUTION; INDIA | W49: Scope 3 | X49: 3: Fuel- and Energy-Related Activities | Y49: Asia | Z49: Southern Asia | AA49: IN | AC49: 1 | AD49: CO2E | AE49: 318.147 | AF49: RESTRICTED | AG49: KWH | AH49: 1 | AI49: 2441.65 | AJ49: AR4 | AK49: IEA | AL49: IEA (2021) | AM49: 2021 | AN49: 2019 | AO49: =IF(AND(emissions[[#This Row],[Market-based]]=0,emissions[[#This Row],[Impact Type]]="CO2E"),emissions[[#This Row],[kgCO2e]],0)/1000 -> 0 | AP49: =IF(AND(emissions[[#This Row],[Market-based]]=1,OR(emissions[[#This Row],[Impact Type]]="CO2E",emissions[[#This Row],[Impact Type]]="CO2E MKT")),emissions[[#This Row],[kgCO2e]],0)/1000 -> 0.31814699 | AQ49: =_xlfn.TEXTAFTER(emissions[[#This Row],[Reporting Unit]]," > ",LEN(emissions[[#This Row],[Reporting Unit]])-LEN(SUBSTITUTE(emissions[[#This Row],[Reporting Unit]],">",""))) -> Vantage_Mumbai | AR49: =_xlfn.XLOOKUP(emissions[[#This Row],[Reporting unit name]],hierarchy!$A:$A,hierarchy!$C:$C) -> Office
A50: 4984 | B50: Top of Hierarchy > Asia Pacific > Vantage_Mumbai | C50: Office | D50: FY21 | E50: 44197 | F50: 44561 | G50: Natural gas | H50: 44197 | I50: 44561 | J50: Natural gas | K50: 0 | L50: British Thermal Units | M50: Estimated | O50: 2023-02-27, 16:27 | P50: 2023-07-20, 00:40 | Q50: 2021 | R50: natural_gas | S50: Natural Gas | T50: model | U50: FALSE | V50: FUELS; GASEOUS FUELS; NATURAL GAS | W50: Scope 1 | X50: N/A | AC50: 0 | AD50: CH4 | AE50: 0 | AF50: 0.00025 | AG50: KWH (GROSS CV) | AH50: 0.00029307 | AI50: 0 | AJ50: AR4 | AK50: Defra | AL50: Defra (2021) | AM50: 2021 | AN50: 2019 | AO50: =IF(AND(emissions[[#This Row],[Market-based]]=0,emissions[[#This Row],[Impact Type]]="CO2E"),emissions[[#This Row],[kgCO2e]],0)/1000 -> 0 | AP50: =IF(AND(emissions[[#This Row],[Market-based]]=1,OR(emissions[[#This Row],[Impact Type]]="CO2E",emissions[[#This Row],[Impact Type]]="CO2E MKT")),emissions[[#This Row],[kgCO2e]],0)/1000 -> 0 | AQ50: =_xlfn.TEXTAFTER(emissions[[#This Row],[Reporting Unit]]," > ",LEN(emissions[[#This Row],[Reporting Unit]])-LEN(SUBSTITUTE(emissions[[#This Row],[Reporting Unit]],">",""))) -> Vantage_Mumbai | AR50: =_xlfn.XLOOKUP(emissions[[#This Row],[Reporting unit name]],hierarchy!$A:$A,hierarchy!$C:$C) -> Office
A51: 4984 | B51: Top of Hierarchy > Asia Pacific > Vantage_Mumbai | C51: Office | D51: FY21 | E51: 44197 | F51: 44561 | G51: Natural gas | H51: 44197 | I51: 44561 | J51: Natural gas | K51: 0 | L51: British Thermal Units | M51: Estimated | O51: 2023-02-27, 16:27 | P51: 2023-07-20, 00:40 | Q51: 2021 | R51: natural_gas | S51: Natural Gas | T51: model | U51: FALSE | V51: FUELS; GASEOUS FUELS; NATURAL GAS | W51: Scope 1 | X51: N/A | AC51: 0 | AD51: CO2 | AE51: 0 | AF51: 0.18282 | AG51: KWH (GROSS CV) | AH51: 0.00029307 | AI51: 0 | AJ51: AR4 | AK51: Defra | AL51: Defra (2021) | AM51: 2021 | AN51: 2019 | AO51: =IF(AND(emissions[[#This Row],[Market-based]]=0,emissions[[#This Row],[Impact Type]]="CO2E"),emissions[[#This Row],[kgCO2e]],0)/1000 -> 0 | AP51: =IF(AND(emissions[[#This Row],[Market-based]]=1,OR(emissions[[#This Row],[Impact Type]]="CO2E",emissions[[#This Row],[Impact Type]]="CO2E MKT")),emissions[[#This Row],[kgCO2e]],0)/1000 -> 0 | AQ51: =_xlfn.TEXTAFTER(emissions[[#This Row],[Reporting Unit]]," > ",LEN(emissions[[#This Row],[Reporting Unit]])-LEN(SUBSTITUTE(emissions[[#This Row],[Reporting Unit]],">",""))) -> Vantage_Mumbai | AR51: =_xlfn.XLOOKUP(emissions[[#This Row],[Reporting unit name]],hierarchy!$A:$A,hierarchy!$C:$C) -> Office
A52: 4984 | B52: Top of Hierarchy > Asia Pacific > Vantage_Mumbai | C52: Office | D52: FY21 | E52: 44197 | F52: 44561 | G52: Natural gas | H52: 44197 | I52: 44561 | J52: Natural gas | K52: 0 | L52: British Thermal Units | M52: Estimated | O52: 2023-02-27, 16:27 | P52: 2023-07-20, 00:40 | Q52: 2021 | R52: natural_gas | S52: Natural Gas | T52: model | U52: FALSE | V52: FUELS; GASEOUS FUELS; NATURAL GAS | W52: Scope 1 | X52: N/A | AC52: 0 | AD52: CO2E | AE52: 0 | AF52: 0.18317 | AG52: KWH (GROSS CV) | AH52: 0.00029307 | AI52: 0 | AJ52: AR4 | AK52: Defra | AL52: Defra (2021) | AM52: 2021 | AN52: 2019 | AO52: =IF(AND(emissions[[#This Row],[Market-based]]=0,emissions[[#This Row],[Impact Type]]="CO2E"),emissions[[#This Row],[kgCO2e]],0)/1000 -> 0 | AP52: =IF(AND(emissions[[#This Row],[Market-based]]=1,OR(emissions[[#This Row],[Impact Type]]="CO2E",emissions[[#This Row],[Impact Type]]="CO2E MKT")),emissions[[#This Row],[kgCO2e]],0)/1000 -> 0 | AQ52: =_xlfn.TEXTAFTER(emissions[[#This Row],[Reporting Unit]]," > ",LEN(emissions[[#This Row],[Reporting Unit]])-LEN(SUBSTITUTE(emissions[[#This Row],[Reporting Unit]],">",""))) -> Vantage_Mumbai | AR52: =_xlfn.XLOOKUP(emissions[[#This Row],[Reporting unit name]],hierarchy!$A:$A,hierarchy!$C:$C) -> Office
A53: 4984 | B53: Top of Hierarchy > Asia Pacific > Vantage_Mumbai | C53: Office | D53: FY21 | E53: 44197 | F53: 44561 | G53: Natural gas | H53: 44197 | I53: 44561 | J53: Natural gas | K53: 0 | L53: British Thermal Units | M53: Estimated | O53: 2023-02-27, 16:27 | P53: 2023-07-20, 00:40 | Q53: 2021 | R53: natural_gas | S53: Natural Gas | T53: model | U53: FALSE | V53: FUELS; GASEOUS FUELS; NATURAL GAS | W53: Scope 1 | X53: N/A | AC53: 0 | AD53: N2O | AE53: 0 | AF53: 0.0001 | AG53: KWH (GROSS CV) | AH53: 0.00029307 | AI53: 0 | AJ53: AR4 | AK53: Defra | AL53: Defra (2021) | AM53: 2021 | AN53: 2019 | AO53: =IF(AND(emissions[[#This Row],[Market-based]]=0,emissions[[#This Row],[Impact Type]]="CO2E"),emissions[[#This Row],[kgCO2e]],0)/1000 -> 0 | AP53: =IF(AND(emissions[[#This Row],[Market-based]]=1,OR(emissions[[#This Row],[Impact Type]]="CO2E",emissions[[#This Row],[Impact Type]]="CO2E MKT")),emissions[[#This Row],[kgCO2e]],0)/1000 -> 0 | AQ53: =_xlfn.TEXTAFTER(emissions[[#This Row],[Reporting Unit]]," > ",LEN(emissions[[#This Row],[Reporting Unit]])-LEN(SUBSTITUTE(emissions[[#This Row],[Reporting Unit]],">",""))) -> Vantage_Mumbai | AR53: =_xlfn.XLOOKUP(emissions[[#This Row],[Reporting unit name]],hierarchy!$A:$A,hierarchy!$C:$C) -> Office
A54: 4984 | B54: Top of Hierarchy > Asia Pacific > Vantage_Mumbai | C54: Office | D54: FY21 | E54: 44197 | F54: 44561 | G54: Natural gas | H54: 44197 | I54: 44561 | J54: Natural gas | K54: 0 | L54: British Thermal Units | M54: Estimated | O54: 2023-02-27, 16:27 | P54: 2023-07-20, 00:40 | Q54: 2021 | R54: natural_gas | S54: Natural Gas | T54: model | U54: FALSE | V54: FUELS; GASEOUS FUELS; NATURAL GAS | W54: Scope 1 | X54: N/A | AC54: 1 | AD54: CH4 | AE54: 0 | AF54: 0.00025 | AG54: KWH (GROSS CV) | AH54: 0.00029307 | AI54: 0 | AJ54: AR4 | AK54: Defra | AL54: Defra (2021) | AM54: 2021 | AN54: 2019 | AO54: =IF(AND(emissions[[#This Row],[Market-based]]=0,emissions[[#This Row],[Impact Type]]="CO2E"),emissions[[#This Row],[kgCO2e]],0)/1000 -> 0 | AP54: =IF(AND(emissions[[#This Row],[Market-based]]=1,OR(emissions[[#This Row],[Impact Type]]="CO2E",emissions[[#This Row],[Impact Type]]="CO2E MKT")),emissions[[#This Row],[kgCO2e]],0)/1000 -> 0 | AQ54: =_xlfn.TEXTAFTER(emissions[[#This Row],[Reporting Unit]]," > ",LEN(emissions[[#This Row],[Reporting Unit]])-LEN(SUBSTITUTE(emissions[[#This Row],[Reporting Unit]],">",""))) -> Vantage_Mumbai | AR54: =_xlfn.XLOOKUP(emissions[[#This Row],[Reporting unit name]],hierarchy!$A:$A,hierarchy!$C:$C) -> Office
A55: 4984 | B55: Top of Hierarchy > Asia Pacific > Vantage_Mumbai | C55: Office | D55: FY21 | E55: 44197 | F55: 44561 | G55: Natural gas | H55: 44197 | I55: 44561 | J55: Natural gas | K55: 0 | L55: British Thermal Units | M55: Estimated | O55: 2023-02-27, 16:27 | P55: 2023-07-20, 00:40 | Q55: 2021 | R55: natural_gas | S55: Natural Gas | T55: model | U55: FALSE | V55: FUELS; GASEOUS FUELS; NATURAL GAS | W55: Scope 1 | X55: N/A | AC55: 1 | AD55: CO2 | AE55: 0 | AF55: 0.18282 | AG55: KWH (GROSS CV) | AH55: 0.00029307 | AI55: 0 | AJ55: AR4 | AK55: Defra | AL55: Defra (2021) | AM55: 2021 | AN55: 2019 | AO55: =IF(AND(emissions[[#This Row],[Market-based]]=0,emissions[[#This Row],[Impact Type]]="CO2E"),emissions[[#This Row],[kgCO2e]],0)/1000 -> 0 | AP55: =IF(AND(emissions[[#This Row],[Market-based]]=1,OR(emissions[[#This Row],[Impact Type]]="CO2E",emissions[[#This Row],[Impact Type]]="CO2E MKT")),emissions[[#This Row],[kgCO2e]],0)/1000 -> 0 | AQ55: =_xlfn.TEXTAFTER(emissions[[#This Row],[Reporting Unit]]," > ",LEN(emissions[[#This Row],[Reporting Unit]])-LEN(SUBSTITUTE(emissions[[#This Row],[Reporting Unit]],">",""))) -> Vantage_Mumbai | AR55: =_xlfn.XLOOKUP(emissions[[#This Row],[Reporting unit name]],hierarchy!$A:$A,hierarchy!$C:$C) -> Office
A56: 4984 | B56: Top of Hierarchy > Asia Pacific > Vantage_Mumbai | C56: Office | D56: FY21 | E56: 44197 | F56: 44561 | G56: Natural gas | H56: 44197 | I56: 44561 | J56: Natural gas | K56: 0 | L56: British Thermal Units | M56: Estimated | O56: 2023-02-27, 16:27 | P56: 2023-07-20, 00:40 | Q56: 2021 | R56: natural_gas | S56: Natural Gas | T56: model | U56: FALSE | V56: FUELS; GASEOUS FUELS; NATURAL GAS | W56: Scope 1 | X56: N/A | AC56: 1 | AD56: CO2E | AE56: 0 | AF56: 0.18317 | AG56: KWH (GROSS CV) | AH56: 0.00029307 | AI56: 0 | AJ56: AR4 | AK56: Defra | AL56: Defra (2021) | AM56: 2021 | AN56: 2019 | AO56: =IF(AND(emissions[[#This Row],[Market-based]]=0,emissions[[#This Row],[Impact Type]]="CO2E"),emissions[[#This Row],[kgCO2e]],0)/1000 -> 0 | AP56: =IF(AND(emissions[[#This Row],[Market-based]]=1,OR(emissions[[#This Row],[Impact Type]]="CO2E",emissions[[#This Row],[Impact Type]]="CO2E MKT")),emissions[[#This Row],[kgCO2e]],0)/1000 -> 0 | AQ56: =_xlfn.TEXTAFTER(emissions[[#This Row],[Reporting Unit]]," > ",LEN(emissions[[#This Row],[Reporting Unit]])-LEN(SUBSTITUTE(emissions[[#This Row],[Reporting Unit]],">",""))) -> Vantage_Mumbai | AR56: =_xlfn.XLOOKUP(emissions[[#This Row],[Reporting unit name]],hierarchy!$A:$A,hierarchy!$C:$C) -> Office
A57: 4984 | B57: Top of Hierarchy > Asia Pacific > Vantage_Mumbai | C57: Office | D57: FY21 | E57: 44197 | F57: 44561 | G57: Natural gas | H57: 44197 | I57: 44561 | J57: Natural gas | K57: 0 | L57: British Thermal Units | M57: Estimated | O57: 2023-02-27, 16:27 | P57: 2023-07-20, 00:40 | Q57: 2021 | R57: natural_gas | S57: Natural Gas | T57: model | U57: FALSE | V57: FUELS; GASEOUS FUELS; NATURAL GAS | W57: Scope 1 | X57: N/A | AC57: 1 | AD57: N2O | AE57: 0 | AF57: 0.0001 | AG57: KWH (GROSS CV) | AH57: 0.00029307 | AI57: 0 | AJ57: AR4 | AK57: Defra | AL57: Defra (2021) | AM57: 2021 | AN57: 2019 | AO57: =IF(AND(emissions[[#This Row],[Market-based]]=0,emissions[[#This Row],[Impact Type]]="CO2E"),emissions[[#This Row],[kgCO2e]],0)/1000 -> 0 | AP57: =IF(AND(emissions[[#This Row],[Market-based]]=1,OR(emissions[[#This Row],[Impact Type]]="CO2E",emissions[[#This Row],[Impact Type]]="CO2E MKT")),emissions[[#This Row],[kgCO2e]],0)/1000 -> 0 | AQ57: =_xlfn.TEXTAFTER(emissions[[#This Row],[Reporting Unit]]," > ",LEN(emissions[[#This Row],[Reporting Unit]])-LEN(SUBSTITUTE(emissions[[#This Row],[Reporting Unit]],">",""))) -> Vantage_Mumbai | AR57: =_xlfn.XLOOKUP(emissions[[#This Row],[Reporting unit name]],hierarchy!$A:$A,hierarchy!$C:$C) -> Office
A58: 4984 | B58: Top of Hierarchy > Asia Pacific > Vantage_Mumbai | C58: Office | D58: FY21 | E58: 44197 | F58: 44561 | G58: Natural gas | H58: 44197 | I58: 44561 | J58: Natural gas | K58: 0 | L58: British Thermal Units | M58: Estimated | O58: 2023-02-27, 16:27 | P58: 2023-07-20, 00:40 | Q58: 2021 | R58: natural_gas__wtt | S58: Natural Gas WTT | T58: wtt | U58: FALSE | V58: WTT- FUELS; WTT- GASEOUS FUELS; NATURAL GAS | W58: Scope 3 | X58: 3: Fuel- and Energy-Related Activities | AC58: 0 | AD58: CO2E | AE58: 0 | AF58: 0.03135 | AG58: KWH (GROSS CV) | AH58: 0.00029307 | AI58: 0 | AJ58: AR4 | AK58: Defra | AL58: Defra (2021) | AM58: 2021 | AN58: 2019 | AO58: =IF(AND(emissions[[#This Row],[Market-based]]=0,emissions[[#This Row],[Impact Type]]="CO2E"),emissions[[#This Row],[kgCO2e]],0)/1000 -> 0 | AP58: =IF(AND(emissions[[#This Row],[Market-based]]=1,OR(emissions[[#This Row],[Impact Type]]="CO2E",emissions[[#This Row],[Impact Type]]="CO2E MKT")),emissions[[#This Row],[kgCO2e]],0)/1000 -> 0 | AQ58: =_xlfn.TEXTAFTER(emissions[[#This Row],[Reporting Unit]]," > ",LEN(emissions[[#This Row],[Reporting Unit]])-LEN(SUBSTITUTE(emissions[[#This Row],[Reporting Unit]],">",""))) -> Vantage_Mumbai | AR58: =_xlfn.XLOOKUP(emissions[[#This Row],[Reporting unit name]],hierarchy!$A:$A,hierarchy!$C:$C) -> Office
A59: 4984 | B59: Top of Hierarchy > Asia Pacific > Vantage_Mumbai | C59: Office | D59: FY21 | E59: 44197 | F59: 44561 | G59: Natural gas | H59: 44197 | I59: 44561 | J59: Natural gas | K59: 0 | L59: British Thermal Units | M59: Estimated | O59: 2023-02-27, 16:27 | P59: 2023-07-20, 00:40 | Q59: 2021 | R59: natural_gas__wtt | S59: Natural Gas WTT | T59: wtt | U59: FALSE | V59: WTT- FUELS; WTT- GASEOUS FUELS; NATURAL GAS | W59: Scope 3 | X59: 3: Fuel- and Energy-Related Activities | AC59: 1 | AD59: CO2E | AE59: 0 | AF59: 0.03135 | AG59: KWH (GROSS CV) | AH59: 0.00029307 | AI59: 0 | AJ59: AR4 | AK59: Defra | AL59: Defra (2021) | AM59: 2021 | AN59: 2019 | AO59: =IF(AND(emissions[[#This Row],[Market-based]]=0,emissions[[#This Row],[Impact Type]]="CO2E"),emissions[[#This Row],[kgCO2e]],0)/1000 -> 0 | AP59: =IF(AND(emissions[[#This Row],[Market-based]]=1,OR(emissions[[#This Row],[Impact Type]]="CO2E",emissions[[#This Row],[Impact Type]]="CO2E MKT")),emissions[[#This Row],[kgCO2e]],0)/1000 -> 0 | AQ59: =_xlfn.TEXTAFTER(emissions[[#This Row],[Reporting Unit]]," > ",LEN(emissions[[#This Row],[Reporting Unit]])-LEN(SUBSTITUTE(emissions[[#This Row],[Reporting Unit]],">",""))) -> Vantage_Mumbai | AR59: =_xlfn.XLOOKUP(emissions[[#This Row],[Reporting unit name]],hierarchy!$A:$A,hierarchy!$C:$C) -> Office
A60: 5018 | B60: Top of Hierarchy > Asia Pacific > Vantage_Mumbai | C60: Office | D60: FY21 | E60: 44197 | F60: 44561 | G60: Liquid fuel activities | H60: 44197 | I60: 44561 | J60: Diesel (100% mineral diesel) | K60: 0 | L60: litres | M60: Estimated | O60: 2023-02-27, 16:27 | P60: 2023-07-20, 00:40 | Q60: 2021 | R60: diesel_100p_mineral_diesel | S60: Diesel (100% Mineral Diesel) | T60: model | U60: FALSE | V60: FUELS; LIQUID FUELS; DIESEL (100% MINERAL DIESEL) | W60: Scope 1 | X60: N/A | AC60: 0 | AD60: CH4 | AE60: 0 | AF60: 0.00026 | AG60: LITRES | AH60: 1 | AI60: 0 | AJ60: AR4 | AK60: Defra | AL60: Defra (2021) | AM60: 2021 | AN60: 2019 | AO60: =IF(AND(emissions[[#This Row],[Market-based]]=0,emissions[[#This Row],[Impact Type]]="CO2E"),emissions[[#This Row],[kgCO2e]],0)/1000 -> 0 | AP60: =IF(AND(emissions[[#This Row],[Market-based]]=1,OR(emissions[[#This Row],[Impact Type]]="CO2E",emissions[[#This Row],[Impact Type]]="CO2E MKT")),emissions[[#This Row],[kgCO2e]],0)/1000 -> 0 | AQ60: =_xlfn.TEXTAFTER(emissions[[#This Row],[Reporting Unit]]," > ",LEN(emissions[[#This Row],[Reporting Unit]])-LEN(SUBSTITUTE(emissions[[#This Row],[Reporting Unit]],">",""))) -> Vantage_Mumbai | AR60: =_xlfn.XLOOKUP(emissions[[#This Row],[Reporting unit name]],hierarchy!$A:$A,hierarchy!$C:$C) -> Office
A61: 5018 | B61: Top of Hierarchy > Asia Pacific > Vantage_Mumbai | C61: Office | D61: FY21 | E61: 44197 | F61: 44561 | G61: Liquid fuel activities | H61: 44197 | I61: 44561 | J61: Diesel (100% mineral diesel) | K61: 0 | L61: litres | M61: Estimated | O61: 2023-02-27, 16:27 | P61: 2023-07-20, 00:40 | Q61: 2021 | R61: diesel_100p_mineral_diesel | S61: Diesel (100% Mineral Diesel) | T61: model | U61: FALSE | V61: FUELS; LIQUID FUELS; DIESEL (100% MINERAL DIESEL) | W61: Scope 1 | X61: N/A | AC61: 0 | AD61: CO2 | AE61: 0 | AF61: 2.66807 | AG61: LITRES | AH61: 1 | AI61: 0 | AJ61: AR4 | AK61: Defra | AL61: Defra (2021) | AM61: 2021 | AN61: 2019 | AO61: =IF(AND(emissions[[#This Row],[Market-based]]=0,emissions[[#This Row],[Impact Type]]="CO2E"),emissions[[#This Row],[kgCO2e]],0)/1000 -> 0 | AP61: =IF(AND(emissions[[#This Row],[Market-based]]=1,OR(emissions[[#This Row],[Impact Type]]="CO2E",emissions[[#This Row],[Impact Type]]="CO2E MKT")),emissions[[#This Row],[kgCO2e]],0)/1000 -> 0 | AQ61: =_xlfn.TEXTAFTER(emissions[[#This Row],[Reporting Unit]]," > ",LEN(emissions[[#This Row],[Reporting Unit]])-LEN(SUBSTITUTE(emissions[[#This Row],[Reporting Unit]],">",""))) -> Vantage_Mumbai | AR61: =_xlfn.XLOOKUP(emissions[[#This Row],[Reporting unit name]],hierarchy!$A:$A,hierarchy!$C:$C) -> Office
... A71: 5043 | B71: Top of Hierarchy > Asia Pacific > Vantage_Mumbai | C71: Office | D71: FY21 | E71: 44197 | F71: 44561 | G71: Refrigerant gasses | H71: 44197 | I71: 44561 | J71: HFC-134a | K71: 0.0646 | L71: kilograms | M71: Estimated | O71: 2023-02-27, 16:28 | P71: 2023-07-20, 00:40 | Q71: 2021 | R71: hfc-134a | S71: HFC-134A | T71: model | U71: FALSE | V71: REFRIGERANT: R-134A | W71: Scope 1 | X71: N/A | AC71: 1 | AD71: CO2E | AE71: 92.378 | AF71: 1430 | AG71: KG | AH71: 1 | AI71: 0.0646 | AJ71: AR4 | AK71: IPCC | AL71: IPCC (2021) | AM71: 2021 | AN71: 2007 | AO71: =IF(AND(emissions[[#This Row],[Market-based]]=0,emissions[[#This Row],[Impact Type]]="CO2E"),emissions[[#This Row],[kgCO2e]],0)/1000 -> 0 | AP71: =IF(AND(emissions[[#This Row],[Market-based]]=1,OR(emissions[[#This Row],[Impact Type]]="CO2E",emissions[[#This Row],[Impact Type]]="CO2E MKT")),emissions[[#This Row],[kgCO2e]],0)/1000 -> 0.092378 | AQ71: =_xlfn.TEXTAFTER(emissions[[#This Row],[Reporting Unit]]," > ",LEN(emissions[[#This Row],[Reporting Unit]])-LEN(SUBSTITUTE(emissions[[#This Row],[Reporting Unit]],">",""))) -> Vantage_Mumbai | AR71: =_xlfn.XLOOKUP(emissions[[#This Row],[Reporting unit name]],hierarchy!$A:$A,hierarchy!$C:$C) -> Office
A72: 283987 | B72: Top of Hierarchy > Asia Pacific > Vantage_Shanghai | C72: Warehouse | D72: FY22 | E72: 44562 | F72: 44926 | G72: Electricity (non-renewable) | H72: 44562 | I72: 44926 | J72: Electricity (non-renewable) | K72: 29409 | L72: Kilowatt hours | M72: Actual Data | O72: 2023-04-28, 19:47 | P72: 2023-07-20, 00:40 | Q72: 2022 | R72: electricity | S72: Electricity | T72: model | U72: FALSE | V72: ELECTRICITY; PEOPLE'S REPUBLIC OF CHINA | W72: Scope 2 | X72: N/A | Y72: Asia | Z72: Eastern Asia | AA72: CN | AC72: 0 | AD72: CH4 | AE72: 11.7636 | AF72: RESTRICTED | AG72: KWH | AH72: 1 | AI72: 29409 | AJ72: AR4 | AK72: IEA | AL72: IEA (2022) | AM72: 2022 | AN72: 2020 | AO72: =IF(AND(emissions[[#This Row],[Market-based]]=0,emissions[[#This Row],[Impact Type]]="CO2E"),emissions[[#This Row],[kgCO2e]],0)/1000 -> 0 | AP72: =IF(AND(emissions[[#This Row],[Market-based]]=1,OR(emissions[[#This Row],[Impact Type]]="CO2E",emissions[[#This Row],[Impact Type]]="CO2E MKT")),emissions[[#This Row],[kgCO2e]],0)/1000 -> 0 | AQ72: =_xlfn.TEXTAFTER(emissions[[#This Row],[Reporting Unit]]," > ",LEN(emissions[[#This Row],[Reporting Unit]])-LEN(SUBSTITUTE(emissions[[#This Row],[Reporting Unit]],">",""))) -> Vantage_Shanghai | AR72: =_xlfn.XLOOKUP(emissions[[#This Row],[Reporting unit name]],hierarchy!$A:$A,hierarchy!$C:$C) -> Warehouse
A73: 283987 | B73: Top of Hierarchy > Asia Pacific > Vantage_Shanghai | C73: Warehouse | D73: FY22 | E73: 44562 | F73: 44926 | G73: Electricity (non-renewable) | H73: 44562 | I73: 44926 | J73: Electricity (non-renewable) | K73: 29409 | L73: Kilowatt hours | M73: Actual Data | O73: 2023-04-28, 19:47 | P73: 2023-07-20, 00:40 | Q73: 2022 | R73: electricity | S73: Electricity | T73: model | U73: FALSE | V73: ELECTRICITY; PEOPLE'S REPUBLIC OF CHINA | W73: Scope 2 | X73: N/A | Y73: Asia | Z73: Eastern Asia | AA73: CN | AC73: 0 | AD73: CO2 | AE73: 18065.949 | AF73: RESTRICTED | AG73: KWH | AH73: 1 | AI73: 29409 | AJ73: AR4 | AK73: IEA | AL73: IEA (2022) | AM73: 2022 | AN73: 2020 | AO73: =IF(AND(emissions[[#This Row],[Market-based]]=0,emissions[[#This Row],[Impact Type]]="CO2E"),emissions[[#This Row],[kgCO2e]],0)/1000 -> 0 | AP73: =IF(AND(emissions[[#This Row],[Market-based]]=1,OR(emissions[[#This Row],[Impact Type]]="CO2E",emissions[[#This Row],[Impact Type]]="CO2E MKT")),emissions[[#This Row],[kgCO2e]],0)/1000 -> 0 | AQ73: =_xlfn.TEXTAFTER(emissions[[#This Row],[Reporting Unit]]," > ",LEN(emissions[[#This Row],[Reporting Unit]])-LEN(SUBSTITUTE(emissions[[#This Row],[Reporting Unit]],">",""))) -> Vantage_Shanghai | AR73: =_xlfn.XLOOKUP(emissions[[#This Row],[Reporting unit name]],hierarchy!$A:$A,hierarchy!$C:$C) -> Warehouse
A74: 283987 | B74: Top of Hierarchy > Asia Pacific > Vantage_Shanghai | C74: Warehouse | D74: FY22 | E74: 44562 | F74: 44926 | G74: Electricity (non-renewable) | H74: 44562 | I74: 44926 | J74: Electricity (non-renewable) | K74: 29409 | L74: Kilowatt hours | M74: Actual Data | O74: 2023-04-28, 19:47 | P74: 2023-07-20, 00:40 | Q74: 2022 | R74: electricity | S74: Electricity | T74: model | U74: FALSE | V74: ELECTRICITY; PEOPLE'S REPUBLIC OF CHINA | W74: Scope 2 | X74: N/A | Y74: Asia | Z74: Eastern Asia | AA74: CN | AC74: 0 | AD74: CO2E | AE74: 18162.998 | AF74: RESTRICTED | AG74: KWH | AH74: 1 | AI74: 29409 | AJ74: AR4 | AK74: IEA | AL74: IEA (2022) | AM74: 2022 | AN74: 2020 | AO74: =IF(AND(emissions[[#This Row],[Market-based]]=0,emissions[[#This Row],[Impact Type]]="CO2E"),emissions[[#This Row],[kgCO2e]],0)/1000 -> 18.162998 | AP74: =IF(AND(emissions[[#This Row],[Market-based]]=1,OR(emissions[[#This Row],[Impact Type]]="CO2E",emissions[[#This Row],[Impact Type]]="CO2E MKT")),emissions[[#This Row],[kgCO2e]],0)/1000 -> 0 | AQ74: =_xlfn.TEXTAFTER(emissions[[#This Row],[Reporting Unit]]," > ",LEN(emissions[[#This Row],[Reporting Unit]])-LEN(SUBSTITUTE(emissions[[#This Row],[Reporting Unit]],">",""))) -> Vantage_Shanghai | AR74: =_xlfn.XLOOKUP(emissions[[#This Row],[Reporting unit name]],hierarchy!$A:$A,hierarchy!$C:$C) -> Warehouse
A75: 283987 | B75: Top of Hierarchy > Asia Pacific > Vantage_Shanghai | C75: Warehouse | D75: FY22 | E75: 44562 | F75: 44926 | G75: Electricity (non-renewable) | H75: 44562 | I75: 44926 | J75: Electricity (non-renewable) | K75: 29409 | L75: Kilowatt hours | M75: Actual Data | O75: 2023-04-28, 19:47 | P75: 2023-07-20, 00:40 | Q75: 2022 | R75: electricity | S75: Electricity | T75: model | U75: FALSE | V75: ELECTRICITY; PEOPLE'S REPUBLIC OF CHINA | W75: Scope 2 | X75: N/A | Y75: Asia | Z75: Eastern Asia | AA75: CN | AC75: 0 | AD75: N2O | AE75: 85.2861 | AF75: RESTRICTED | AG75: KWH | AH75: 1 | AI75: 29409 | AJ75: AR4 | AK75: IEA | AL75: IEA (2022) | AM75: 2022 | AN75: 2020 | AO75: =IF(AND(emissions[[#This Row],[Market-based]]=0,emissions[[#This Row],[Impact Type]]="CO2E"),emissions[[#This Row],[kgCO2e]],0)/1000 -> 0 | AP75: =IF(AND(emissions[[#This Row],[Market-based]]=1,OR(emissions[[#This Row],[Impact Type]]="CO2E",emissions[[#This Row],[Impact Type]]="CO2E MKT")),emissions[[#This Row],[kgCO2e]],0)/1000 -> 0 | AQ75: =_xlfn.TEXTAFTER(emissions[[#This Row],[Reporting Unit]]," > ",LEN(emissions[[#This Row],[Reporting Unit]])-LEN(SUBSTITUTE(emissions[[#This Row],[Reporting Unit]],">",""))) -> Vantage_Shanghai | AR75: =_xlfn.XLOOKUP(emissions[[#This Row],[Reporting unit name]],hierarchy!$A:$A,hierarchy!$C:$C) -> Warehouse
A76: 283987 | B76: Top of Hierarchy > Asia Pacific > Vantage_Shanghai | C76: Warehouse | D76: FY22 | E76: 44562 | F76: 44926 | G76: Electricity (non-renewable) | H76: 44562 | I76: 44926 | J76: Electricity (non-renewable) | K76: 29409 | L76: Kilowatt hours | M76: Actual Data | O76: 2023-04-28, 19:47 | P76: 2023-07-20, 00:40 | Q76: 2022 | R76: electricity | S76: Electricity | T76: model | U76: FALSE | V76: ELECTRICITY; PEOPLE'S REPUBLIC OF CHINA | W76: Scope 2 | X76: N/A | Y76: Asia | Z76: Eastern Asia | AA76: CN | AC76: 1 | AD76: CH4 | AE76: 11.7636 | AF76: RESTRICTED | AG76: KWH | AH76: 1 | AI76: 29409 | AJ76: AR4 | AK76: IEA | AL76: IEA (2022) | AM76: 2022 | AN76: 2020 | AO76: =IF(AND(emissions[[#This Row],[Market-based]]=0,emissions[[#This Row],[Impact Type]]="CO2E"),emissions[[#This Row],[kgCO2e]],0)/1000 -> 0 | AP76: =IF(AND(emissions[[#This Row],[Market-based]]=1,OR(emissions[[#This Row],[Impact Type]]="CO2E",emissions[[#This Row],[Impact Type]]="CO2E MKT")),emissions[[#This Row],[kgCO2e]],0)/1000 -> 0 | AQ76: =_xlfn.TEXTAFTER(emissions[[#This Row],[Reporting Unit]]," > ",LEN(emissions[[#This Row],[Reporting Unit]])-LEN(SUBSTITUTE(emissions[[#This Row],[Reporting Unit]],">",""))) -> Vantage_Shanghai | AR76: =_xlfn.XLOOKUP(emissions[[#This Row],[Reporting unit name]],hierarchy!$A:$A,hierarchy!$C:$C) -> Warehouse
A77: 283987 | B77: Top of Hierarchy > Asia Pacific > Vantage_Shanghai | C77: Warehouse | D77: FY22 | E77: 44562 | F77: 44926 | G77: Electricity (non-renewable) | H77: 44562 | I77: 44926 | J77: Electricity (non-renewable) | K77: 29409 | L77: Kilowatt hours | M77: Actual Data | O77: 2023-04-28, 19:47 | P77: 2023-07-20, 00:40 | Q77: 2022 | R77: electricity | S77: Electricity | T77: model | U77: FALSE | V77: ELECTRICITY; PEOPLE'S REPUBLIC OF CHINA | W77: Scope 2 | X77: N/A | Y77: Asia | Z77: Eastern Asia | AA77: CN | AC77: 1 | AD77: CO2 | AE77: 18065.949 | AF77: RESTRICTED | AG77: KWH | AH77: 1 | AI77: 29409 | AJ77: AR4 | AK77: IEA | AL77: IEA (2022) | AM77: 2022 | AN77: 2020 | AO77: =IF(AND(emissions[[#This Row],[Market-based]]=0,emissions[[#This Row],[Impact Type]]="CO2E"),emissions[[#This Row],[kgCO2e]],0)/1000 -> 0 | AP77: =IF(AND(emissions[[#This Row],[Market-based]]=1,OR(emissions[[#This Row],[Impact Type]]="CO2E",emissions[[#This Row],[Impact Type]]="CO2E MKT")),emissions[[#This Row],[kgCO2e]],0)/1000 -> 0 | AQ77: =_xlfn.TEXTAFTER(emissions[[#This Row],[Reporting Unit]]," > ",LEN(emissions[[#This Row],[Reporting Unit]])-LEN(SUBSTITUTE(emissions[[#This Row],[Reporting Unit]],">",""))) -> Vantage_Shanghai | AR77: =_xlfn.XLOOKUP(emissions[[#This Row],[Reporting unit name]],hierarchy!$A:$A,hierarchy!$C:$C) -> Warehouse
A78: 283987 | B78: Top of Hierarchy > Asia Pacific > Vantage_Shanghai | C78: Warehouse | D78: FY22 | E78: 44562 | F78: 44926 | G78: Electricity (non-renewable) | H78: 44562 | I78: 44926 | J78: Electricity (non-renewable) | K78: 29409 | L78: Kilowatt hours | M78: Actual Data | O78: 2023-04-28, 19:47 | P78: 2023-07-20, 00:40 | Q78: 2022 | R78: electricity | S78: Electricity | T78: model | U78: FALSE | V78: ELECTRICITY; PEOPLE'S REPUBLIC OF CHINA | W78: Scope 2 | X78: N/A | Y78: Asia | Z78: Eastern Asia | AA78: CN | AC78: 1 | AD78: CO2E | AE78: 18162.998 | AF78: RESTRICTED | AG78: KWH | AH78: 1 | AI78: 29409 | AJ78: AR4 | AK78: IEA | AL78: IEA (2022) | AM78: 2022 | AN78: 2020 | AO78: =IF(AND(emissions[[#This Row],[Market-based]]=0,emissions[[#This Row],[Impact Type]]="CO2E"),emissions[[#This Row],[kgCO2e]],0)/1000 -> 0 | AP78: =IF(AND(emissions[[#This Row],[Market-based]]=1,OR(emissions[[#This Row],[Impact Type]]="CO2E",emissions[[#This Row],[Impact Type]]="CO2E MKT")),emissions[[#This Row],[kgCO2e]],0)/1000 -> 18.162998 | AQ78: =_xlfn.TEXTAFTER(emissions[[#This Row],[Reporting Unit]]," > ",LEN(emissions[[#This Row],[Reporting Unit]])-LEN(SUBSTITUTE(emissions[[#This Row],[Reporting Unit]],">",""))) -> Vantage_Shanghai | AR78: =_xlfn.XLOOKUP(emissions[[#This Row],[Reporting unit name]],hierarchy!$A:$A,hierarchy!$C:$C) -> Warehouse
A79: 283987 | B79: Top of Hierarchy > Asia Pacific > Vantage_Shanghai | C79: Warehouse | D79: FY22 | E79: 44562 | F79: 44926 | G79: Electricity (non-renewable) | H79: 44562 | I79: 44926 | J79: Electricity (non-renewable) | K79: 29409 | L79: Kilowatt hours | M79: Actual Data | O79: 2023-04-28, 19:47 | P79: 2023-07-20, 00:40 | Q79: 2022 | R79: electricity | S79: Electricity | T79: model | U79: FALSE | V79: ELECTRICITY; PEOPLE'S REPUBLIC OF CHINA | W79: Scope 2 | X79: N/A | Y79: Asia | Z79: Eastern Asia | AA79: CN | AC79: 1 | AD79: N2O | AE79: 85.2861 | AF79: RESTRICTED | AG79: KWH | AH79: 1 | AI79: 29409 | AJ79: AR4 | AK79: IEA | AL79: IEA (2022) | AM79: 2022 | AN79: 2020 | AO79: =IF(AND(emissions[[#This Row],[Market-based]]=0,emissions[[#This Row],[Impact Type]]="CO2E"),emissions[[#This Row],[kgCO2e]],0)/1000 -> 0 | AP79: =IF(AND(emissions[[#This Row],[Market-based]]=1,OR(emissions[[#This Row],[Impact Type]]="CO2E",emissions[[#This Row],[Impact Type]]="CO2E MKT")),emissions[[#This Row],[kgCO2e]],0)/1000 -> 0 | AQ79: =_xlfn.TEXTAFTER(emissions[[#This Row],[Reporting Unit]]," > ",LEN(emissions[[#This Row],[Reporting Unit]])-LEN(SUBSTITUTE(emissions[[#This Row],[Reporting Unit]],">",""))) -> Vantage_Shanghai | AR79: =_xlfn.XLOOKUP(emissions[[#This Row],[Reporting unit name]],hierarchy!$A:$A,hierarchy!$C:$C) -> Warehouse
A80: 283987 | B80: Top of Hierarchy > Asia Pacific > Vantage_Shanghai | C80: Warehouse | D80: FY22 | E80: 44562 | F80: 44926 | G80: Electricity (non-renewable) | H80: 44562 | I80: 44926 | J80: Electricity (non-renewable) | K80: 29409 | L80: Kilowatt hours | M80: Actual Data | O80: 2023-04-28, 19:47 | P80: 2023-07-20, 00:40 | Q80: 2022 | R80: electricity__t+d__wtt | S80: Electricity T&D WTT | T80: t+d_wtt | U80: FALSE | V80: ELECTRICITY T&D WTT; CHINA | W80: Scope 3 | X80: 3: Fuel- and Energy-Related Activities | Y80: Asia | Z80: Eastern Asia | AA80: CN | AC80: 0 | AD80: CO2E | AE80: 212.27431 | AF80: 0.007218005 | AG80: KWH | AH80: 1 | AI80: 29409 | AJ80: AR4 | AK80: Anthesis | AL80: Anthesis (2022) | AM80: 2022 | AN80: 2020 | AO80: =IF(AND(emissions[[#This Row],[Market-based]]=0,emissions[[#This Row],[Impact Type]]="CO2E"),emissions[[#This Row],[kgCO2e]],0)/1000 -> 0.21227431 | AP80: =IF(AND(emissions[[#This Row],[Market-based]]=1,OR(emissions[[#This Row],[Impact Type]]="CO2E",emissions[[#This Row],[Impact Type]]="CO2E MKT")),emissions[[#This Row],[kgCO2e]],0)/1000 -> 0 | AQ80: =_xlfn.TEXTAFTER(emissions[[#This Row],[Reporting Unit]]," > ",LEN(emissions[[#This Row],[Reporting Unit]])-LEN(SUBSTITUTE(emissions[[#This Row],[Reporting Unit]],">",""))) -> Vantage_Shanghai | AR80: =_xlfn.XLOOKUP(emissions[[#This Row],[Reporting unit name]],hierarchy!$A:$A,hierarchy!$C:$C) -> Warehouse
A81: 283987 | B81: Top of Hierarchy > Asia Pacific > Vantage_Shanghai | C81: Warehouse | D81: FY22 | E81: 44562 | F81: 44926 | G81: Electricity (non-renewable) | H81: 44562 | I81: 44926 | J81: Electricity (non-renewable) | K81: 29409 | L81: Kilowatt hours | M81: Actual Data | O81: 2023-04-28, 19:47 | P81: 2023-07-20, 00:40 | Q81: 2022 | R81: electricity__t+d__wtt | S81: Electricity T&D WTT | T81: t+d_wtt | U81: FALSE | V81: ELECTRICITY T&D WTT; CHINA | W81: Scope 3 | X81: 3: Fuel- and Energy-Related Activities | Y81: Asia | Z81: Eastern Asia | AA81: CN | AC81: 1 | AD81: CO2E | AE81: 212.27431 | AF81: 0.007218005 | AG81: KWH | AH81: 1 | AI81: 29409 | AJ81: AR4 | AK81: Anthesis | AL81: Anthesis (2022) | AM81: 2022 | AN81: 2020 | AO81: =IF(AND(emissions[[#This Row],[Market-based]]=0,emissions[[#This Row],[Impact Type]]="CO2E"),emissions[[#This Row],[kgCO2e]],0)/1000 -> 0 | AP81: =IF(AND(emissions[[#This Row],[Market-based]]=1,OR(emissions[[#This Row],[Impact Type]]="CO2E",emissions[[#This Row],[Impact Type]]="CO2E MKT")),emissions[[#This Row],[kgCO2e]],0)/1000 -> 0.21227431 | AQ81: =_xlfn.TEXTAFTER(emissions[[#This Row],[Reporting Unit]]," > ",LEN(emissions[[#This Row],[Reporting Unit]])-LEN(SUBSTITUTE(emissions[[#This Row],[Reporting Unit]],">",""))) -> Vantage_Shanghai | AR81: =_xlfn.XLOOKUP(emissions[[#This Row],[Reporting unit name]],hierarchy!$A:$A,hierarchy!$C:$C) -> Warehouse
A82: 283987 | B82: Top of Hierarchy > Asia Pacific > Vantage_Shanghai | C82: Warehouse | D82: FY22 | E82: 44562 | F82: 44926 | G82: Electricity (non-renewable) | H82: 44562 | I82: 44926 | J82: Electricity (non-renewable) | K82: 29409 | L82: Kilowatt hours | M82: Actual Data | O82: 2023-04-28, 19:47 | P82: 2023-07-20, 00:40 | Q82: 2022 | R82: electricity__wtt | S82: Electricity WTT | T82: wtt | U82: FALSE | V82: ELECTRICITY WTT; CHINA | W82: Scope 3 | X82: 3: Fuel- and Energy-Related Activities | Y82: Asia | Z82: Eastern Asia | AA82: CN | AC82: 0 | AD82: CO2E | AE82: 4750.0222 | AF82: 0.16151594 | AG82: KWH | AH82: 1 | AI82: 29409 | AJ82: AR4 | AK82: Anthesis | AL82: Anthesis (2022) | AM82: 2022 | AN82: 2020 | AO82: =IF(AND(emissions[[#This Row],[Market-based]]=0,emissions[[#This Row],[Impact Type]]="CO2E"),emissions[[#This Row],[kgCO2e]],0)/1000 -> 4.7500222 | AP82: =IF(AND(emissions[[#This Row],[Market-based]]=1,OR(emissions[[#This Row],[Impact Type]]="CO2E",emissions[[#This Row],[Impact Type]]="CO2E MKT")),emissions[[#This Row],[kgCO2e]],0)/1000 -> 0 | AQ82: =_xlfn.TEXTAFTER(emissions[[#This Row],[Reporting Unit]]," > ",LEN(emissions[[#This Row],[Reporting Unit]])-LEN(SUBSTITUTE(emissions[[#This Row],[Reporting Unit]],">",""))) -> Vantage_Shanghai | AR82: =_xlfn.XLOOKUP(emissions[[#This Row],[Reporting unit name]],hierarchy!$A:$A,hierarchy!$C:$C) -> Warehouse
A83: 283987 | B83: Top of Hierarchy > Asia Pacific > Vantage_Shanghai | C83: Warehouse | D83: FY22 | E83: 44562 | F83: 44926 | G83: Electricity (non-renewable) | H83: 44562 | I83: 44926 | J83: Electricity (non-renewable) | K83: 29409 | L83: Kilowatt hours | M83: Actual Data | O83: 2023-04-28, 19:47 | P83: 2023-07-20, 00:40 | Q83: 2022 | R83: electricity__wtt | S83: Electricity WTT | T83: wtt | U83: FALSE | V83: ELECTRICITY WTT; CHINA | W83: Scope 3 | X83: 3: Fuel- and Energy-Related Activities | Y83: Asia | Z83: Eastern Asia | AA83: CN | AC83: 1 | AD83: CO2E | AE83: 4750.0222 | AF83: 0.16151594 | AG83: KWH | AH83: 1 | AI83: 29409 | AJ83: AR4 | AK83: Anthesis | AL83: Anthesis (2022) | AM83: 2022 | AN83: 2020 | AO83: =IF(AND(emissions[[#This Row],[Market-based]]=0,emissions[[#This Row],[Impact Type]]="CO2E"),emissions[[#This Row],[kgCO2e]],0)/1000 -> 0 | AP83: =IF(AND(emissions[[#This Row],[Market-based]]=1,OR(emissions[[#This Row],[Impact Type]]="CO2E",emissions[[#This Row],[Impact Type]]="CO2E MKT")),emissions[[#This Row],[kgCO2e]],0)/1000 -> 4.7500222 | AQ83: =_xlfn.TEXTAFTER(emissions[[#This Row],[Reporting Unit]]," > ",LEN(emissions[[#This Row],[Reporting Unit]])-LEN(SUBSTITUTE(emissions[[#This Row],[Reporting Unit]],">",""))) -> Vantage_Shanghai | AR83: =_xlfn.XLOOKUP(emissions[[#This Row],[Reporting unit name]],hierarchy!$A:$A,hierarchy!$C:$C) -> Warehouse
A84: 283987 | B84: Top of Hierarchy > Asia Pacific > Vantage_Shanghai | C84: Warehouse | D84: FY22 | E84: 44562 | F84: 44926 | G84: Electricity (non-renewable) | H84: 44562 | I84: 44926 | J84: Electricity (non-renewable) | K84: 29409 | L84: Kilowatt hours | M84: Actual Data | O84: 2023-04-28, 19:47 | P84: 2023-07-20, 00:40 | Q84: 2022 | R84: electricity__t+d | S84: Electricity T&D | T84: t+d | U84: FALSE | V84: ELECTRICITY; TRANSMISSION AND DISTRIBUTION; PEOPLE'S REPUBLIC OF CHINA | W84: Scope 3 | X84: 3: Fuel- and Energy-Related Activities | Y84: Asia | Z84: Eastern Asia | AA84: CN | AC84: 0 | AD84: CO2E | AE84: 811.6884 | AF84: RESTRICTED | AG84: KWH | AH84: 1 | AI84: 29409 | AJ84: AR4 | AK84: IEA | AL84: IEA (2022) | AM84: 2022 | AN84: 2020 | AO84: =IF(AND(emissions[[#This Row],[Market-based]]=0,emissions[[#This Row],[Impact Type]]="CO2E"),emissions[[#This Row],[kgCO2e]],0)/1000 -> 0.8116884 | AP84: =IF(AND(emissions[[#This Row],[Market-based]]=1,OR(emissions[[#This Row],[Impact Type]]="CO2E",emissions[[#This Row],[Impact Type]]="CO2E MKT")),emissions[[#This Row],[kgCO2e]],0)/1000 -> 0 | AQ84: =_xlfn.TEXTAFTER(emissions[[#This Row],[Reporting Unit]]," > ",LEN(emissions[[#This Row],[Reporting Unit]])-LEN(SUBSTITUTE(emissions[[#This Row],[Reporting Unit]],">",""))) -> Vantage_Shanghai | AR84: =_xlfn.XLOOKUP(emissions[[#This Row],[Reporting unit name]],hierarchy!$A:$A,hierarchy!$C:$C) -> Warehouse
A85: 283987 | B85: Top of Hierarchy > Asia Pacific > Vantage_Shanghai | C85: Warehouse | D85: FY22 | E85: 44562 | F85: 44926 | G85: Electricity (non-renewable) | H85: 44562 | I85: 44926 | J85: Electricity (non-renewable) | K85: 29409 | L85: Kilowatt hours | M85: Actual Data | O85: 2023-04-28, 19:47 | P85: 2023-07-20, 00:40 | Q85: 2022 | R85: electricity__t+d | S85: Electricity T&D | T85: t+d | U85: FALSE | V85: ELECTRICITY; TRANSMISSION AND DISTRIBUTION; PEOPLE'S REPUBLIC OF CHINA | W85: Scope 3 | X85: 3: Fuel- and Energy-Related Activities | Y85: Asia | Z85: Eastern Asia | AA85: CN | AC85: 1 | AD85: CO2E | AE85: 811.6884 | AF85: RESTRICTED | AG85: KWH | AH85: 1 | AI85: 29409 | AJ85: AR4 | AK85: IEA | AL85: IEA (2022) | AM85: 2022 | AN85: 2020 | AO85: =IF(AND(emissions[[#This Row],[Market-based]]=0,emissions[[#This Row],[Impact Type]]="CO2E"),emissions[[#This Row],[kgCO2e]],0)/1000 -> 0 | AP85: =IF(AND(emissions[[#This Row],[Market-based]]=1,OR(emissions[[#This Row],[Impact Type]]="CO2E",emissions[[#This Row],[Impact Type]]="CO2E MKT")),emissions[[#This Row],[kgCO2e]],0)/1000 -> 0.8116884 | AQ85: =_xlfn.TEXTAFTER(emissions[[#This Row],[Reporting Unit]]," > ",LEN(emissions[[#This Row],[Reporting Unit]])-LEN(SUBSTITUTE(emissions[[#This Row],[Reporting Unit]],">",""))) -> Vantage_Shanghai | AR85: =_xlfn.XLOOKUP(emissions[[#This Row],[Reporting unit name]],hierarchy!$A:$A,hierarchy!$C:$C) -> Warehouse
A86: 1590441 | B86: Top of Hierarchy > Asia Pacific > Vantage_Shanghai | C86: Warehouse | D86: FY22 | E86: 44562 | F86: 44926 | G86: Natural gas | H86: 44562 | I86: 44926 | J86: Natural gas | K86: 3788.4519 | L86: Hundred Thousand BTUs | M86: Estimated | N86: Estimated from square footage (CBECS 2012) | O86: 2023-07-25, 17:50 | P86: 2023-07-25, 17:50 | Q86: 2022 | R86: natural_gas | S86: Natural Gas | T86: model | U86: FALSE | V86: FUELS; GASEOUS FUELS; NATURAL GAS | W86: Scope 1 | X86: N/A | AC86: 0 | AD86: CH4 | AE86: 27.750505 | AF86: 0.00025 | AG86: KWH (GROSS CV) | AH86: 29.3001 | AI86: 111002.02 | AJ86: AR4 | AK86: Defra | AL86: Defra (2022) | AM86: 2022 | AN86: 2020 | AO86: =IF(AND(emissions[[#This Row],[Market-based]]=0,emissions[[#This Row],[Impact Type]]="CO2E"),emissions[[#This Row],[kgCO2e]],0)/1000 -> 0 | AP86: =IF(AND(emissions[[#This Row],[Market-based]]=1,OR(emissions[[#This Row],[Impact Type]]="CO2E",emissions[[#This Row],[Impact Type]]="CO2E MKT")),emissions[[#This Row],[kgCO2e]],0)/1000 -> 0 | AQ86: =_xlfn.TEXTAFTER(emissions[[#This Row],[Reporting Unit]]," > ",LEN(emissions[[#This Row],[Reporting Unit]])-LEN(SUBSTITUTE(emissions[[#This Row],[Reporting Unit]],">",""))) -> Vantage_Shanghai | AR86: =_xlfn.XLOOKUP(emissions[[#This Row],[Reporting unit name]],hierarchy!$A:$A,hierarchy!$C:$C) -> Warehouse
A87: 1590441 | B87: Top of Hierarchy > Asia Pacific > Vantage_Shanghai | C87: Warehouse | D87: FY22 | E87: 44562 | F87: 44926 | G87: Natural gas | H87: 44562 | I87: 44926 | J87: Natural gas | K87: 3788.4519 | L87: Hundred Thousand BTUs | M87: Estimated | N87: Estimated from square footage (CBECS 2012) | O87: 2023-07-25, 17:50 | P87: 2023-07-25, 17:50 | Q87: 2022 | R87: natural_gas | S87: Natural Gas | T87: model | U87: FALSE | V87: FUELS; GASEOUS FUELS; NATURAL GAS | W87: Scope 1 | X87: N/A | AC87: 0 | AD87: CO2 | AE87: 20223.458 | AF87: 0.18219 | AG87: KWH (GROSS CV) | AH87: 29.3001 | AI87: 111002.02 | AJ87: AR4 | AK87: Defra | AL87: Defra (2022) | AM87: 2022 | AN87: 2020 | AO87: =IF(AND(emissions[[#This Row],[Market-based]]=0,emissions[[#This Row],[Impact Type]]="CO2E"),emissions[[#This Row],[kgCO2e]],0)/1000 -> 0 | AP87: =IF(AND(emissions[[#This Row],[Market-based]]=1,OR(emissions[[#This Row],[Impact Type]]="CO2E",emissions[[#This Row],[Impact Type]]="CO2E MKT")),emissions[[#This Row],[kgCO2e]],0)/1000 -> 0 | AQ87: =_xlfn.TEXTAFTER(emissions[[#This Row],[Reporting Unit]]," > ",LEN(emissions[[#This Row],[Reporting Unit]])-LEN(SUBSTITUTE(emissions[[#This Row],[Reporting Unit]],">",""))) -> Vantage_Shanghai | AR87: =_xlfn.XLOOKUP(emissions[[#This Row],[Reporting unit name]],hierarchy!$A:$A,hierarchy!$C:$C) -> Warehouse
A88: 1590441 | B88: Top of Hierarchy > Asia Pacific > Vantage_Shanghai | C88: Warehouse | D88: FY22 | E88: 44562 | F88: 44926 | G88: Natural gas | H88: 44562 | I88: 44926 | J88: Natural gas | K88: 3788.4519 | L88: Hundred Thousand BTUs | M88: Estimated | N88: Estimated from square footage (CBECS 2012) | O88: 2023-07-25, 17:50 | P88: 2023-07-25, 17:50 | Q88: 2022 | R88: natural_gas | S88: Natural Gas | T88: model | U88: FALSE | V88: FUELS; GASEOUS FUELS; NATURAL GAS | W88: Scope 1 | X88: N/A | AC88: 0 | AD88: CO2E | AE88: 20262.309 | AF88: 0.18254 | AG88: KWH (GROSS CV) | AH88: 29.3001 | AI88: 111002.02 | AJ88: AR4 | AK88: Defra | AL88: Defra (2022) | AM88: 2022 | AN88: 2020 | AO88: =IF(AND(emissions[[#This Row],[Market-based]]=0,emissions[[#This Row],[Impact Type]]="CO2E"),emissions[[#This Row],[kgCO2e]],0)/1000 -> 20.262309 | AP88: =IF(AND(emissions[[#This Row],[Market-based]]=1,OR(emissions[[#This Row],[Impact Type]]="CO2E",emissions[[#This Row],[Impact Type]]="CO2E MKT")),emissions[[#This Row],[kgCO2e]],0)/1000 -> 0 | AQ88: =_xlfn.TEXTAFTER(emissions[[#This Row],[Reporting Unit]]," > ",LEN(emissions[[#This Row],[Reporting Unit]])-LEN(SUBSTITUTE(emissions[[#This Row],[Reporting Unit]],">",""))) -> Vantage_Shanghai | AR88: =_xlfn.XLOOKUP(emissions[[#This Row],[Reporting unit name]],hierarchy!$A:$A,hierarchy!$C:$C) -> Warehouse
A89: 1590441 | B89: Top of Hierarchy > Asia Pacific > Vantage_Shanghai | C89: Warehouse | D89: FY22 | E89: 44562 | F89: 44926 | G89: Natural gas | H89: 44562 | I89: 44926 | J89: Natural gas | K89: 3788.4519 | L89: Hundred Thousand BTUs | M89: Estimated | N89: Estimated from square footage (CBECS 2012) | O89: 2023-07-25, 17:50 | P89: 2023-07-25, 17:50 | Q89: 2022 | R89: natural_gas | S89: Natural Gas | T89: model | U89: FALSE | V89: FUELS; GASEOUS FUELS; NATURAL GAS | W89: Scope 1 | X89: N/A | AC89: 0 | AD89: N2O | AE89: 11.100202 | AF89: 0.0001 | AG89: KWH (GROSS CV) | AH89: 29.3001 | AI89: 111002.02 | AJ89: AR4 | AK89: Defra | AL89: Defra (2022) | AM89: 2022 | AN89: 2020 | AO89: =IF(AND(emissions[[#This Row],[Market-based]]=0,emissions[[#This Row],[Impact Type]]="CO2E"),emissions[[#This Row],[kgCO2e]],0)/1000 -> 0 | AP89: =IF(AND(emissions[[#This Row],[Market-based]]=1,OR(emissions[[#This Row],[Impact Type]]="CO2E",emissions[[#This Row],[Impact Type]]="CO2E MKT")),emissions[[#This Row],[kgCO2e]],0)/1000 -> 0 | AQ89: =_xlfn.TEXTAFTER(emissions[[#This Row],[Reporting Unit]]," > ",LEN(emissions[[#This Row],[Reporting Unit]])-LEN(SUBSTITUTE(emissions[[#This Row],[Reporting Unit]],">",""))) -> Vantage_Shanghai | AR89: =_xlfn.XLOOKUP(emissions[[#This Row],[Reporting unit name]],hierarchy!$A:$A,hierarchy!$C:$C) -> Warehouse
A90: 1590441 | B90: Top of Hierarchy > Asia Pacific > Vantage_Shanghai | C90: Warehouse | D90: FY22 | E90: 44562 | F90: 44926 | G90: Natural gas | H90: 44562 | I90: 44926 | J90: Natural gas | K90: 3788.4519 | L90: Hundred Thousand BTUs | M90: Estimated | N90: Estimated from square footage (CBECS 2012) | O90: 2023-07-25, 17:50 | P90: 2023-07-25, 17:50 | Q90: 2022 | R90: natural_gas | S90: Natural Gas | T90: model | U90: FALSE | V90: FUELS; GASEOUS FUELS; NATURAL GAS | W90: Scope 1 | X90: N/A | AC90: 1 | AD90: CH4 | AE90: 27.750505 | AF90: 0.00025 | AG90: KWH (GROSS CV) | AH90: 29.3001 | AI90: 111002.02 | AJ90: AR4 | AK90: Defra | AL90: Defra (2022) | AM90: 2022 | AN90: 2020 | AO90: =IF(AND(emissions[[#This Row],[Market-based]]=0,emissions[[#This Row],[Impact Type]]="CO2E"),emissions[[#This Row],[kgCO2e]],0)/1000 -> 0 | AP90: =IF(AND(emissions[[#This Row],[Market-based]]=1,OR(emissions[[#This Row],[Impact Type]]="CO2E",emissions[[#This Row],[Impact Type]]="CO2E MKT")),emissions[[#This Row],[kgCO2e]],0)/1000 -> 0 | AQ90: =_xlfn.TEXTAFTER(emissions[[#This Row],[Reporting Unit]]," > ",LEN(emissions[[#This Row],[Reporting Unit]])-LEN(SUBSTITUTE(emissions[[#This Row],[Reporting Unit]],">",""))) -> Vantage_Shanghai | AR90: =_xlfn.XLOOKUP(emissions[[#This Row],[Reporting unit name]],hierarchy!$A:$A,hierarchy!$C:$C) -> Warehouse
A91: 1590441 | B91: Top of Hierarchy > Asia Pacific > Vantage_Shanghai | C91: Warehouse | D91: FY22 | E91: 44562 | F91: 44926 | G91: Natural gas | H91: 44562 | I91: 44926 | J91: Natural gas | K91: 3788.4519 | L91: Hundred Thousand BTUs | M91: Estimated | N91: Estimated from square footage (CBECS 2012) | O91: 2023-07-25, 17:50 | P91: 2023-07-25, 17:50 | Q91: 2022 | R91: natural_gas | S91: Natural Gas | T91: model | U91: FALSE | V91: FUELS; GASEOUS FUELS; NATURAL GAS | W91: Scope 1 | X91: N/A | AC91: 1 | AD91: CO2 | AE91: 20223.458 | AF91: 0.18219 | AG91: KWH (GROSS CV) | AH91: 29.3001 | AI91: 111002.02 | AJ91: AR4 | AK91: Defra | AL91: Defra (2022) | AM91: 2022 | AN91: 2020 | AO91: =IF(AND(emissions[[#This Row],[Market-based]]=0,emissions[[#This Row],[Impact Type]]="CO2E"),emissions[[#This Row],[kgCO2e]],0)/1000 -> 0 | AP91: =IF(AND(emissions[[#This Row],[Market-based]]=1,OR(emissions[[#This Row],[Impact Type]]="CO2E",emissions[[#This Row],[Impact Type]]="CO2E MKT")),emissions[[#This Row],[kgCO2e]],0)/1000 -> 0 | AQ91: =_xlfn.TEXTAFTER(emissions[[#This Row],[Reporting Unit]]," > ",LEN(emissions[[#This Row],[Reporting Unit]])-LEN(SUBSTITUTE(emissions[[#This Row],[Reporting Unit]],">",""))) -> Vantage_Shanghai | AR91: =_xlfn.XLOOKUP(emissions[[#This Row],[Reporting unit name]],hierarchy!$A:$A,hierarchy!$C:$C) -> Warehouse
A92: 1590441 | B92: Top of Hierarchy > Asia Pacific > Vantage_Shanghai | C92: Warehouse | D92: FY22 | E92: 44562 | F92: 44926 | G92: Natural gas | H92: 44562 | I92: 44926 | J92: Natural gas | K92: 3788.4519 | L92: Hundred Thousand BTUs | M92: Estimated | N92: Estimated from square footage (CBECS 2012) | O92: 2023-07-25, 17:50 | P92: 2023-07-25, 17:50 | Q92: 2022 | R92: natural_gas | S92: Natural Gas | T92: model | U92: FALSE | V92: FUELS; GASEOUS FUELS; NATURAL GAS | W92: Scope 1 | X92: N/A | AC92: 1 | AD92: CO2E | AE92: 20262.309 | AF92: 0.18254 | AG92: KWH (GROSS CV) | AH92: 29.3001 | AI92: 111002.02 | AJ92: AR4 | AK92: Defra | AL92: Defra (2022) | AM92: 2022 | AN92: 2020 | AO92: =IF(AND(emissions[[#This Row],[Market-based]]=0,emissions[[#This Row],[Impact Type]]="CO2E"),emissions[[#This Row],[kgCO2e]],0)/1000 -> 0 | AP92: =IF(AND(emissions[[#This Row],[Market-based]]=1,OR(emissions[[#This Row],[Impact Type]]="CO2E",emissions[[#This Row],[Impact Type]]="CO2E MKT")),emissions[[#This Row],[kgCO2e]],0)/1000 -> 20.262309 | AQ92: =_xlfn.TEXTAFTER(emissions[[#This Row],[Reporting Unit]]," > ",LEN(emissions[[#This Row],[Reporting Unit]])-LEN(SUBSTITUTE(emissions[[#This Row],[Reporting Unit]],">",""))) -> Vantage_Shanghai | AR92: =_xlfn.XLOOKUP(emissions[[#This Row],[Reporting unit name]],hierarchy!$A:$A,hierarchy!$C:$C) -> Warehouse
A93: 1590441 | B93: Top of Hierarchy > Asia Pacific > Vantage_Shanghai | C93: Warehouse | D93: FY22 | E93: 44562 | F93: 44926 | G93: Natural gas | H93: 44562 | I93: 44926 | J93: Natural gas | K93: 3788.4519 | L93: Hundred Thousand BTUs | M93: Estimated | N93: Estimated from square footage (CBECS 2012) | O93: 2023-07-25, 17:50 | P93: 2023-07-25, 17:50 | Q93: 2022 | R93: natural_gas | S93: Natural Gas | T93: model | U93: FALSE | V93: FUELS; GASEOUS FUELS; NATURAL GAS | W93: Scope 1 | X93: N/A | AC93: 1 | AD93: N2O | AE93: 11.100202 | AF93: 0.0001 | AG93: KWH (GROSS CV) | AH93: 29.3001 | AI93: 111002.02 | AJ93: AR4 | AK93: Defra | AL93: Defra (2022) | AM93: 2022 | AN93: 2020 | AO93: =IF(AND(emissions[[#This Row],[Market-based]]=0,emissions[[#This Row],[Impact Type]]="CO2E"),emissions[[#This Row],[kgCO2e]],0)/1000 -> 0 | AP93: =IF(AND(emissions[[#This Row],[Market-based]]=1,OR(emissions[[#This Row],[Impact Type]]="CO2E",emissions[[#This Row],[Impact Type]]="CO2E MKT")),emissions[[#This Row],[kgCO2e]],0)/1000 -> 0 | AQ93: =_xlfn.TEXTAFTER(emissions[[#This Row],[Reporting Unit]]," > ",LEN(emissions[[#This Row],[Reporting Unit]])-LEN(SUBSTITUTE(emissions[[#This Row],[Reporting Unit]],">",""))) -> Vantage_Shanghai | AR93: =_xlfn.XLOOKUP(emissions[[#This Row],[Reporting unit name]],hierarchy!$A:$A,hierarchy!$C:$C) -> Warehouse
A94: 1590441 | B94: Top of Hierarchy > Asia Pacific > Vantage_Shanghai | C94: Warehouse | D94: FY22 | E94: 44562 | F94: 44926 | G94: Natural gas | H94: 44562 | I94: 44926 | J94: Natural gas | K94: 3788.4519 | L94: Hundred Thousand BTUs | M94: Estimated | N94: Estimated from square footage (CBECS 2012) | O94: 2023-07-25, 17:50 | P94: 2023-07-25, 17:50 | Q94: 2022 | R94: natural_gas__wtt | S94: Natural Gas WTT | T94: wtt | U94: FALSE | V94: WTT- FUELS; GASEOUS FUELS; NATURAL GAS | W94: Scope 3 | X94: 3: Fuel- and Energy-Related Activities | AC94: 0 | AD94: CO2E | AE94: 3452.1628 | AF94: 0.0311 | AG94: KWH (GROSS CV) | AH94: 29.3001 | AI94: 111002.02 | AJ94: AR4 | AK94: Defra | AL94: Defra (2022) | AM94: 2022 | AN94: 2020 | AO94: =IF(AND(emissions[[#This Row],[Market-based]]=0,emissions[[#This Row],[Impact Type]]="CO2E"),emissions[[#This Row],[kgCO2e]],0)/1000 -> 3.4521628 | AP94: =IF(AND(emissions[[#This Row],[Market-based]]=1,OR(emissions[[#This Row],[Impact Type]]="CO2E",emissions[[#This Row],[Impact Type]]="CO2E MKT")),emissions[[#This Row],[kgCO2e]],0)/1000 -> 0 | AQ94: =_xlfn.TEXTAFTER(emissions[[#This Row],[Reporting Unit]]," > ",LEN(emissions[[#This Row],[Reporting Unit]])-LEN(SUBSTITUTE(emissions[[#This Row],[Reporting Unit]],">",""))) -> Vantage_Shanghai | AR94: =_xlfn.XLOOKUP(emissions[[#This Row],[Reporting unit name]],hierarchy!$A:$A,hierarchy!$C:$C) -> Warehouse
A95: 1590441 | B95: Top of Hierarchy > Asia Pacific > Vantage_Shanghai | C95: Warehouse | D95: FY22 | E95: 44562 | F95: 44926 | G95: Natural gas | H95: 44562 | I95: 44926 | J95: Natural gas | K95: 3788.4519 | L95: Hundred Thousand BTUs | M95: Estimated | N95: Estimated from square footage (CBECS 2012) | O95: 2023-07-25, 17:50 | P95: 2023-07-25, 17:50 | Q95: 2022 | R95: natural_gas__wtt | S95: Natural Gas WTT | T95: wtt | U95: FALSE | V95: WTT- FUELS; GASEOUS FUELS; NATURAL GAS | W95: Scope 3 | X95: 3: Fuel- and Energy-Related Activities | AC95: 1 | AD95: CO2E | AE95: 3452.1628 | AF95: 0.0311 | AG95: KWH (GROSS CV) | AH95: 29.3001 | AI95: 111002.02 | AJ95: AR4 | AK95: Defra | AL95: Defra (2022) | AM95: 2022 | AN95: 2020 | AO95: =IF(AND(emissions[[#This Row],[Market-based]]=0,emissions[[#This Row],[Impact Type]]="CO2E"),emissions[[#This Row],[kgCO2e]],0)/1000 -> 0 | AP95: =IF(AND(emissions[[#This Row],[Market-based]]=1,OR(emissions[[#This Row],[Impact Type]]="CO2E",emissions[[#This Row],[Impact Type]]="CO2E MKT")),emissions[[#This Row],[kgCO2e]],0)/1000 -> 3.4521628 | AQ95: =_xlfn.TEXTAFTER(emissions[[#This Row],[Reporting Unit]]," > ",LEN(emissions[[#This Row],[Reporting Unit]])-LEN(SUBSTITUTE(emissions[[#This Row],[Reporting Unit]],">",""))) -> Vantage_Shanghai | AR95: =_xlfn.XLOOKUP(emissions[[#This Row],[Reporting unit name]],hierarchy!$A:$A,hierarchy!$C:$C) -> Warehouse
A96: 1590449 | B96: Top of Hierarchy > Asia Pacific > Vantage_Shanghai | C96: Warehouse | D96: FY22 | E96: 44562 | F96: 44926 | G96: Refrigerant gasses | H96: 44562 | I96: 44926 | J96: R-134A | K96: 2.7555584 | L96: kilograms | M96: Estimated | N96: Estimated from square footage. Assumed R134a. | O96: 2023-07-25, 17:50 | P96: 2023-07-25, 17:50 | Q96: 2022 | R96: hfc-134a | S96: HFC-134A | T96: model | U96: FALSE | V96: REFRIGERANT: R-134A | W96: Scope 1 | X96: N/A | AC96: 0 | AD96: CO2E | AE96: 3940.4485 | AF96: 1430 | AG96: KG | AH96: 1 | AI96: 2.7555584 | AJ96: AR4 | AK96: IPCC | AL96: IPCC (2021) | AM96: 2022 | AN96: 2007 | AO96: =IF(AND(emissions[[#This Row],[Market-based]]=0,emissions[[#This Row],[Impact Type]]="CO2E"),emissions[[#This Row],[kgCO2e]],0)/1000 -> 3.9404485 | AP96: =IF(AND(emissions[[#This Row],[Market-based]]=1,OR(emissions[[#This Row],[Impact Type]]="CO2E",emissions[[#This Row],[Impact Type]]="CO2E MKT")),emissions[[#This Row],[kgCO2e]],0)/1000 -> 0 | AQ96: =_xlfn.TEXTAFTER(emissions[[#This Row],[Reporting Unit]]," > ",LEN(emissions[[#This Row],[Reporting Unit]])-LEN(SUBSTITUTE(emissions[[#This Row],[Reporting Unit]],">",""))) -> Vantage_Shanghai | AR96: =_xlfn.XLOOKUP(emissions[[#This Row],[Reporting unit name]],hierarchy!$A:$A,hierarchy!$C:$C) -> Warehouse
A97: 1590449 | B97: Top of Hierarchy > Asia Pacific > Vantage_Shanghai | C97: Warehouse | D97: FY22 | E97: 44562 | F97: 44926 | G97: Refrigerant gasses | H97: 44562 | I97: 44926 | J97: R-134A | K97: 2.7555584 | L97: kilograms | M97: Estimated | N97: Estimated from square footage. Assumed R134a. | O97: 2023-07-25, 17:50 | P97: 2023-07-25, 17:50 | Q97: 2022 | R97: hfc-134a | S97: HFC-134A | T97: model | U97: FALSE | V97: REFRIGERANT: R-134A | W97: Scope 1 | X97: N/A | AC97: 1 | AD97: CO2E | AE97: 3940.4485 | AF97: 1430 | AG97: KG | AH97: 1 | AI97: 2.7555584 | AJ97: AR4 | AK97: IPCC | AL97: IPCC (2021) | AM97: 2022 | AN97: 2007 | AO97: =IF(AND(emissions[[#This Row],[Market-based]]=0,emissions[[#This Row],[Impact Type]]="CO2E"),emissions[[#This Row],[kgCO2e]],0)/1000 -> 0 | AP97: =IF(AND(emissions[[#This Row],[Market-based]]=1,OR(emissions[[#This Row],[Impact Type]]="CO2E",emissions[[#This Row],[Impact Type]]="CO2E MKT")),emissions[[#This Row],[kgCO2e]],0)/1000 -> 3.9404485 | AQ97: =_xlfn.TEXTAFTER(emissions[[#This Row],[Reporting Unit]]," > ",LEN(emissions[[#This Row],[Reporting Unit]])-LEN(SUBSTITUTE(emissions[[#This Row],[Reporting Unit]],">",""))) -> Vantage_Shanghai | AR97: =_xlfn.XLOOKUP(emissions[[#This Row],[Reporting unit name]],hierarchy!$A:$A,hierarchy!$C:$C) -> Warehouse
A98: 4962 | B98: Top of Hierarchy > Asia Pacific > Vantage_Shanghai | C98: Warehouse | D98: FY21 | E98: 44197 | F98: 44561 | G98: Electricity (non-renewable) | H98: 44197 | I98: 44561 | J98: Electricity (non-renewable) | K98: 32374 | L98: Kilowatt hours | M98: Estimated | O98: 2023-02-27, 16:27 | P98: 2023-08-03, 20:59 | Q98: 2021 | R98: electricity | S98: Electricity | T98: model | U98: FALSE | V98: ELECTRICITY; PEOPLE'S REPUBLIC OF CHINA | W98: Scope 2 | X98: N/A | Y98: Asia | Z98: Eastern Asia | AA98: CN | AC98: 0 | AD98: CH4 | AE98: 9.7122 | AF98: RESTRICTED | AG98: KWH | AH98: 1 | AI98: 32374 | AJ98: AR4 | AK98: IEA | AL98: IEA (2021) | AM98: 2021 | AN98: 2019 | AO98: =IF(AND(emissions[[#This Row],[Market-based]]=0,emissions[[#This Row],[Impact Type]]="CO2E"),emissions[[#This Row],[kgCO2e]],0)/1000 -> 0 | AP98: =IF(AND(emissions[[#This Row],[Market-based]]=1,OR(emissions[[#This Row],[Impact Type]]="CO2E",emissions[[#This Row],[Impact Type]]="CO2E MKT")),emissions[[#This Row],[kgCO2e]],0)/1000 -> 0 | AQ98: =_xlfn.TEXTAFTER(emissions[[#This Row],[Reporting Unit]]," > ",LEN(emissions[[#This Row],[Reporting Unit]])-LEN(SUBSTITUTE(emissions[[#This Row],[Reporting Unit]],">",""))) -> Vantage_Shanghai | AR98: =_xlfn.XLOOKUP(emissions[[#This Row],[Reporting unit name]],hierarchy!$A:$A,hierarchy!$C:$C) -> Warehouse
A99: 4962 | B99: Top of Hierarchy > Asia Pacific > Vantage_Shanghai | C99: Warehouse | D99: FY21 | E99: 44197 | F99: 44561 | G99: Electricity (non-renewable) | H99: 44197 | I99: 44561 | J99: Electricity (non-renewable) | K99: 32374 | L99: Kilowatt hours | M99: Estimated | O99: 2023-02-27, 16:27 | P99: 2023-08-03, 20:59 | Q99: 2021 | R99: electricity | S99: Electricity | T99: model | U99: FALSE | V99: ELECTRICITY; PEOPLE'S REPUBLIC OF CHINA | W99: Scope 2 | X99: N/A | Y99: Asia | Z99: Eastern Asia | AA99: CN | AC99: 0 | AD99: CO2 | AE99: 20149.578 | AF99: RESTRICTED | AG99: KWH | AH99: 1 | AI99: 32374 | AJ99: AR4 | AK99: IEA | AL99: IEA (2021) | AM99: 2021 | AN99: 2019 | AO99: =IF(AND(emissions[[#This Row],[Market-based]]=0,emissions[[#This Row],[Impact Type]]="CO2E"),emissions[[#This Row],[kgCO2e]],0)/1000 -> 0 | AP99: =IF(AND(emissions[[#This Row],[Market-based]]=1,OR(emissions[[#This Row],[Impact Type]]="CO2E",emissions[[#This Row],[Impact Type]]="CO2E MKT")),emissions[[#This Row],[kgCO2e]],0)/1000 -> 0 | AQ99: =_xlfn.TEXTAFTER(emissions[[#This Row],[Reporting Unit]]," > ",LEN(emissions[[#This Row],[Reporting Unit]])-LEN(SUBSTITUTE(emissions[[#This Row],[Reporting Unit]],">",""))) -> Vantage_Shanghai | AR99: =_xlfn.XLOOKUP(emissions[[#This Row],[Reporting unit name]],hierarchy!$A:$A,hierarchy!$C:$C) -> Warehouse
A100: 4962 | B100: Top of Hierarchy > Asia Pacific > Vantage_Shanghai | C100: Warehouse | D100: FY21 | E100: 44197 | F100: 44561 | G100: Electricity (non-renewable) | H100: 44197 | I100: 44561 | J100: Electricity (non-renewable) | K100: 32374 | L100: Kilowatt hours | M100: Estimated | O100: 2023-02-27, 16:27 | P100: 2023-08-03, 20:59 | Q100: 2021 | R100: electricity | S100: Electricity | T100: model | U100: FALSE | V100: ELECTRICITY; PEOPLE'S REPUBLIC OF CHINA | W100: Scope 2 | X100: N/A | Y100: Asia | Z100: Eastern Asia | AA100: CN | AC100: 0 | AD100: CO2E | AE100: 20256.412 | AF100: RESTRICTED | AG100: KWH | AH100: 1 | AI100: 32374 | AJ100: AR4 | AK100: IEA | AL100: IEA (2021) | AM100: 2021 | AN100: 2019 | AO100: =IF(AND(emissions[[#This Row],[Market-based]]=0,emissions[[#This Row],[Impact Type]]="CO2E"),emissions[[#This Row],[kgCO2e]],0)/1000 -> 20.256412 | AP100: =IF(AND(emissions[[#This Row],[Market-based]]=1,OR(emissions[[#This Row],[Impact Type]]="CO2E",emissions[[#This Row],[Impact Type]]="CO2E MKT")),emissions[[#This Row],[kgCO2e]],0)/1000 -> 0 | AQ100: =_xlfn.TEXTAFTER(emissions[[#This Row],[Reporting Unit]]," > ",LEN(emissions[[#This Row],[Reporting Unit]])-LEN(SUBSTITUTE(emissions[[#This Row],[Reporting Unit]],">",""))) -> Vantage_Shanghai | AR100: =_xlfn.XLOOKUP(emissions[[#This Row],[Reporting unit name]],hierarchy!$A:$A,hierarchy!$C:$C) -> Warehouse
A101: 4962 | B101: Top of Hierarchy > Asia Pacific > Vantage_Shanghai | C101: Warehouse | D101: FY21 | E101: 44197 | F101: 44561 | G101: Electricity (non-renewable) | H101: 44197 | I101: 44561 | J101: Electricity (non-renewable) | K101: 32374 | L101: Kilowatt hours | M101: Estimated | O101: 2023-02-27, 16:27 | P101: 2023-08-03, 20:59 | Q101: 2021 | R101: electricity | S101: Electricity | T101: model | U101: FALSE | V101: ELECTRICITY; PEOPLE'S REPUBLIC OF CHINA | W101: Scope 2 | X101: N/A | Y101: Asia | Z101: Eastern Asia | AA101: CN | AC101: 0 | AD101: N2O | AE101: 97.122 | AF101: RESTRICTED | AG101: KWH | AH101: 1 | AI101: 32374 | AJ101: AR4 | AK101: IEA | AL101: IEA (2021) | AM101: 2021 | AN101: 2019 | AO101: =IF(AND(emissions[[#This Row],[Market-based]]=0,emissions[[#This Row],[Impact Type]]="CO2E"),emissions[[#This Row],[kgCO2e]],0)/1000 -> 0 | AP101: =IF(AND(emissions[[#This Row],[Market-based]]=1,OR(emissions[[#This Row],[Impact Type]]="CO2E",emissions[[#This Row],[Impact Type]]="CO2E MKT")),emissions[[#This Row],[kgCO2e]],0)/1000 -> 0 | AQ101: =_xlfn.TEXTAFTER(emissions[[#This Row],[Reporting Unit]]," > ",LEN(emissions[[#This Row],[Reporting Unit]])-LEN(SUBSTITUTE(emissions[[#This Row],[Reporting Unit]],">",""))) -> Vantage_Shanghai | AR101: =_xlfn.XLOOKUP(emissions[[#This Row],[Reporting unit name]],hierarchy!$A:$A,hierarchy!$C:$C) -> Warehouse
A102: 4962 | B102: Top of Hierarchy > Asia Pacific > Vantage_Shanghai | C102: Warehouse | D102: FY21 | E102: 44197 | F102: 44561 | G102: Electricity (non-renewable) | H102: 44197 | I102: 44561 | J102: Electricity (non-renewable) | K102: 32374 | L102: Kilowatt hours | M102: Estimated | O102: 2023-02-27, 16:27 | P102: 2023-08-03, 20:59 | Q102: 2021 | R102: electricity | S102: Electricity | T102: model | U102: FALSE | V102: ELECTRICITY; PEOPLE'S REPUBLIC OF CHINA | W102: Scope 2 | X102: N/A | Y102: Asia | Z102: Eastern Asia | AA102: CN | AC102: 1 | AD102: CH4 | AE102: 9.7122 | AF102: RESTRICTED | AG102: KWH | AH102: 1 | AI102: 32374 | AJ102: AR4 | AK102: IEA | AL102: IEA (2021) | AM102: 2021 | AN102: 2019 | AO102: =IF(AND(emissions[[#This Row],[Market-based]]=0,emissions[[#This Row],[Impact Type]]="CO2E"),emissions[[#This Row],[kgCO2e]],0)/1000 -> 0 | AP102: =IF(AND(emissions[[#This Row],[Market-based]]=1,OR(emissions[[#This Row],[Impact Type]]="CO2E",emissions[[#This Row],[Impact Type]]="CO2E MKT")),emissions[[#This Row],[kgCO2e]],0)/1000 -> 0 | AQ102: =_xlfn.TEXTAFTER(emissions[[#This Row],[Reporting Unit]]," > ",LEN(emissions[[#This Row],[Reporting Unit]])-LEN(SUBSTITUTE(emissions[[#This Row],[Reporting Unit]],">",""))) -> Vantage_Shanghai | AR102: =_xlfn.XLOOKUP(emissions[[#This Row],[Reporting unit name]],hierarchy!$A:$A,hierarchy!$C:$C) -> Warehouse
A103: 4962 | B103: Top of Hierarchy > Asia Pacific > Vantage_Shanghai | C103: Warehouse | D103: FY21 | E103: 44197 | F103: 44561 | G103: Electricity (non-renewable) | H103: 44197 | I103: 44561 | J103: Electricity (non-renewable) | K103: 32374 | L103: Kilowatt hours | M103: Estimated | O103: 2023-02-27, 16:27 | P103: 2023-08-03, 20:59 | Q103: 2021 | R103: electricity | S103: Electricity | T103: model | U103: FALSE | V103: ELECTRICITY; PEOPLE'S REPUBLIC OF CHINA | W103: Scope 2 | X103: N/A | Y103: Asia | Z103: Eastern Asia | AA103: CN | AC103: 1 | AD103: CO2 | AE103: 20149.578 | AF103: RESTRICTED | AG103: KWH | AH103: 1 | AI103: 32374 | AJ103: AR4 | AK103: IEA | AL103: IEA (2021) | AM103: 2021 | AN103: 2019 | AO103: =IF(AND(emissions[[#This Row],[Market-based]]=0,emissions[[#This Row],[Impact Type]]="CO2E"),emissions[[#This Row],[kgCO2e]],0)/1000 -> 0 | AP103: =IF(AND(emissions[[#This Row],[Market-based]]=1,OR(emissions[[#This Row],[Impact Type]]="CO2E",emissions[[#This Row],[Impact Type]]="CO2E MKT")),emissions[[#This Row],[kgCO2e]],0)/1000 -> 0 | AQ103: =_xlfn.TEXTAFTER(emissions[[#This Row],[Reporting Unit]]," > ",LEN(emissions[[#This Row],[Reporting Unit]])-LEN(SUBSTITUTE(emissions[[#This Row],[Reporting Unit]],">",""))) -> Vantage_Shanghai | AR103: =_xlfn.XLOOKUP(emissions[[#This Row],[Reporting unit name]],hierarchy!$A:$A,hierarchy!$C:$C) -> Warehouse
A104: 4962 | B104: Top of Hierarchy > Asia Pacific > Vantage_Shanghai | C104: Warehouse | D104: FY21 | E104: 44197 | F104: 44561 | G104: Electricity (non-renewable) | H104: 44197 | I104: 44561 | J104: Electricity (non-renewable) | K104: 32374 | L104: Kilowatt hours | M104: Estimated | O104: 2023-02-27, 16:27 | P104: 2023-08-03, 20:59 | Q104: 2021 | R104: electricity | S104: Electricity | T104: model | U104: FALSE | V104: ELECTRICITY; PEOPLE'S REPUBLIC OF CHINA | W104: Scope 2 | X104: N/A | Y104: Asia | Z104: Eastern Asia | AA104: CN | AC104: 1 | AD104: CO2E | AE104: 20256.412 | AF104: RESTRICTED | AG104: KWH | AH104: 1 | AI104: 32374 | AJ104: AR4 | AK104: IEA | AL104: IEA (2021) | AM104: 2021 | AN104: 2019 | AO104: =IF(AND(emissions[[#This Row],[Market-based]]=0,emissions[[#This Row],[Impact Type]]="CO2E"),emissions[[#This Row],[kgCO2e]],0)/1000 -> 0 | AP104: =IF(AND(emissions[[#This Row],[Market-based]]=1,OR(emissions[[#This Row],[Impact Type]]="CO2E",emissions[[#This Row],[Impact Type]]="CO2E MKT")),emissions[[#This Row],[kgCO2e]],0)/1000 -> 20.256412 | AQ104: =_xlfn.TEXTAFTER(emissions[[#This Row],[Reporting Unit]]," > ",LEN(emissions[[#This Row],[Reporting Unit]])-LEN(SUBSTITUTE(emissions[[#This Row],[Reporting Unit]],">",""))) -> Vantage_Shanghai | AR104: =_xlfn.XLOOKUP(emissions[[#This Row],[Reporting unit name]],hierarchy!$A:$A,hierarchy!$C:$C) -> Warehouse
A105: 4962 | B105: Top of Hierarchy > Asia Pacific > Vantage_Shanghai | C105: Warehouse | D105: FY21 | E105: 44197 | F105: 44561 | G105: Electricity (non-renewable) | H105: 44197 | I105: 44561 | J105: Electricity (non-renewable) | K105: 32374 | L105: Kilowatt hours | M105: Estimated | O105: 2023-02-27, 16:27 | P105: 2023-08-03, 20:59 | Q105: 2021 | R105: electricity | S105: Electricity | T105: model | U105: FALSE | V105: ELECTRICITY; PEOPLE'S REPUBLIC OF CHINA | W105: Scope 2 | X105: N/A | Y105: Asia | Z105: Eastern Asia | AA105: CN | AC105: 1 | AD105: N2O | AE105: 97.122 | AF105: RESTRICTED | AG105: KWH | AH105: 1 | AI105: 32374 | AJ105: AR4 | AK105: IEA | AL105: IEA (2021) | AM105: 2021 | AN105: 2019 | AO105: =IF(AND(emissions[[#This Row],[Market-based]]=0,emissions[[#This Row],[Impact Type]]="CO2E"),emissions[[#This Row],[kgCO2e]],0)/1000 -> 0 | AP105: =IF(AND(emissions[[#This Row],[Market-based]]=1,OR(emissions[[#This Row],[Impact Type]]="CO2E",emissions[[#This Row],[Impact Type]]="CO2E MKT")),emissions[[#This Row],[kgCO2e]],0)/1000 -> 0 | AQ105: =_xlfn.TEXTAFTER(emissions[[#This Row],[Reporting Unit]]," > ",LEN(emissions[[#This Row],[Reporting Unit]])-LEN(SUBSTITUTE(emissions[[#This Row],[Reporting Unit]],">",""))) -> Vantage_Shanghai | AR105: =_xlfn.XLOOKUP(emissions[[#This Row],[Reporting unit name]],hierarchy!$A:$A,hierarchy!$C:$C) -> Warehouse
A106: 4962 | B106: Top of Hierarchy > Asia Pacific > Vantage_Shanghai | C106: Warehouse | D106: FY21 | E106: 44197 | F106: 44561 | G106: Electricity (non-renewable) | H106: 44197 | I106: 44561 | J106: Electricity (non-renewable) | K106: 32374 | L106: Kilowatt hours | M106: Estimated | O106: 2023-02-27, 16:27 | P106: 2023-08-03, 20:59 | Q106: 2021 | R106: electricity__t+d__wtt | S106: Electricity T&D WTT | T106: t+d_wtt | U106: FALSE | V106: WTT- UK & OVERSEAS ELEC; WTT- OVERSEAS ELECTRICITY (T&D); ELECTRICITY: PEOPLE'S REP. OF CHINA | W106: Scope 3 | X106: 3: Fuel- and Energy-Related Activities | Y106: Asia | Z106: Eastern Asia | AA106: CN | AC106: 0 | AD106: CO2E | AE106: 295.31272 | AF106: 0.00912191 | AG106: KWH | AH106: 1 | AI106: 32374 | AJ106: AR4 | AK106: Defra | AL106: Defra (2021) | AM106: 2021 | AN106: 2019 | AO106: =IF(AND(emissions[[#This Row],[Market-based]]=0,emissions[[#This Row],[Impact Type]]="CO2E"),emissions[[#This Row],[kgCO2e]],0)/1000 -> 0.29531272 | AP106: =IF(AND(emissions[[#This Row],[Market-based]]=1,OR(emissions[[#This Row],[Impact Type]]="CO2E",emissions[[#This Row],[Impact Type]]="CO2E MKT")),emissions[[#This Row],[kgCO2e]],0)/1000 -> 0 | AQ106: =_xlfn.TEXTAFTER(emissions[[#This Row],[Reporting Unit]]," > ",LEN(emissions[[#This Row],[Reporting Unit]])-LEN(SUBSTITUTE(emissions[[#This Row],[Reporting Unit]],">",""))) -> Vantage_Shanghai | AR106: =_xlfn.XLOOKUP(emissions[[#This Row],[Reporting unit name]],hierarchy!$A:$A,hierarchy!$C:$C) -> Warehouse
A107: 4962 | B107: Top of Hierarchy > Asia Pacific > Vantage_Shanghai | C107: Warehouse | D107: FY21 | E107: 44197 | F107: 44561 | G107: Electricity (non-renewable) | H107: 44197 | I107: 44561 | J107: Electricity (non-renewable) | K107: 32374 | L107: Kilowatt hours | M107: Estimated | O107: 2023-02-27, 16:27 | P107: 2023-08-03, 20:59 | Q107: 2021 | R107: electricity__t+d__wtt | S107: Electricity T&D WTT | T107: t+d_wtt | U107: FALSE | V107: WTT- UK & OVERSEAS ELEC; WTT- OVERSEAS ELECTRICITY (T&D); ELECTRICITY: PEOPLE'S REP. OF CHINA | W107: Scope 3 | X107: 3: Fuel- and Energy-Related Activities | Y107: Asia | Z107: Eastern Asia | AA107: CN | AC107: 1 | AD107: CO2E | AE107: 295.31272 | AF107: 0.00912191 | AG107: KWH | AH107: 1 | AI107: 32374 | AJ107: AR4 | AK107: Defra | AL107: Defra (2021) | AM107: 2021 | AN107: 2019 | AO107: =IF(AND(emissions[[#This Row],[Market-based]]=0,emissions[[#This Row],[Impact Type]]="CO2E"),emissions[[#This Row],[kgCO2e]],0)/1000 -> 0 | AP107: =IF(AND(emissions[[#This Row],[Market-based]]=1,OR(emissions[[#This Row],[Impact Type]]="CO2E",emissions[[#This Row],[Impact Type]]="CO2E MKT")),emissions[[#This Row],[kgCO2e]],0)/1000 -> 0.29531272 | AQ107: =_xlfn.TEXTAFTER(emissions[[#This Row],[Reporting Unit]]," > ",LEN(emissions[[#This Row],[Reporting Unit]])-LEN(SUBSTITUTE(emissions[[#This Row],[Reporting Unit]],">",""))) -> Vantage_Shanghai | AR107: =_xlfn.XLOOKUP(emissions[[#This Row],[Reporting unit name]],hierarchy!$A:$A,hierarchy!$C:$C) -> Warehouse
A108: 4962 | B108: Top of Hierarchy > Asia Pacific > Vantage_Shanghai | C108: Warehouse | D108: FY21 | E108: 44197 | F108: 44561 | G108: Electricity (non-renewable) | H108: 44197 | I108: 44561 | J108: Electricity (non-renewable) | K108: 32374 | L108: Kilowatt hours | M108: Estimated | O108: 2023-02-27, 16:27 | P108: 2023-08-03, 20:59 | Q108: 2021 | R108: electricity__wtt | S108: Electricity WTT | T108: wtt | U108: FALSE | V108: WTT- UK & OVERSEAS ELEC; WTT- OVERSEAS ELECTRICITY (GENERATION); ELECTRICITY: PEOPLE'S REP. OF CHINA | W108: Scope 3 | X108: 3: Fuel- and Energy-Related Activities | Y108: Asia | Z108: Eastern Asia | AA108: CN | AC108: 0 | AD108: CO2E | AE108: 5305.1156 | AF108: 0.16386964 | AG108: KWH | AH108: 1 | AI108: 32374 | AJ108: AR4 | AK108: Defra | AL108: Defra (2021) | AM108: 2021 | AN108: 2019 | AO108: =IF(AND(emissions[[#This Row],[Market-based]]=0,emissions[[#This Row],[Impact Type]]="CO2E"),emissions[[#This Row],[kgCO2e]],0)/1000 -> 5.3051156 | AP108: =IF(AND(emissions[[#This Row],[Market-based]]=1,OR(emissions[[#This Row],[Impact Type]]="CO2E",emissions[[#This Row],[Impact Type]]="CO2E MKT")),emissions[[#This Row],[kgCO2e]],0)/1000 -> 0 | AQ108: =_xlfn.TEXTAFTER(emissions[[#This Row],[Reporting Unit]]," > ",LEN(emissions[[#This Row],[Reporting Unit]])-LEN(SUBSTITUTE(emissions[[#This Row],[Reporting Unit]],">",""))) -> Vantage_Shanghai | AR108: =_xlfn.XLOOKUP(emissions[[#This Row],[Reporting unit name]],hierarchy!$A:$A,hierarchy!$C:$C) -> Warehouse
A109: 4962 | B109: Top of Hierarchy > Asia Pacific > Vantage_Shanghai | C109: Warehouse | D109: FY21 | E109: 44197 | F109: 44561 | G109: Electricity (non-renewable) | H109: 44197 | I109: 44561 | J109: Electricity (non-renewable) | K109: 32374 | L109: Kilowatt hours | M109: Estimated | O109: 2023-02-27, 16:27 | P109: 2023-08-03, 20:59 | Q109: 2021 | R109: electricity__wtt | S109: Electricity WTT | T109: wtt | U109: FALSE | V109: WTT- UK & OVERSEAS ELEC; WTT- OVERSEAS ELECTRICITY (GENERATION); ELECTRICITY: PEOPLE'S REP. OF CHINA | W109: Scope 3 | X109: 3: Fuel- and Energy-Related Activities | Y109: Asia | Z109: Eastern Asia | AA109: CN | AC109: 1 | AD109: CO2E | AE109: 5305.1156 | AF109: 0.16386964 | AG109: KWH | AH109: 1 | AI109: 32374 | AJ109: AR4 | AK109: Defra | AL109: Defra (2021) | AM109: 2021 | AN109: 2019 | AO109: =IF(AND(emissions[[#This Row],[Market-based]]=0,emissions[[#This Row],[Impact Type]]="CO2E"),emissions[[#This Row],[kgCO2e]],0)/1000 -> 0 | AP109: =IF(AND(emissions[[#This Row],[Market-based]]=1,OR(emissions[[#This Row],[Impact Type]]="CO2E",emissions[[#This Row],[Impact Type]]="CO2E MKT")),emissions[[#This Row],[kgCO2e]],0)/1000 -> 5.3051156 | AQ109: =_xlfn.TEXTAFTER(emissions[[#This Row],[Reporting Unit]]," > ",LEN(emissions[[#This Row],[Reporting Unit]])-LEN(SUBSTITUTE(emissions[[#This Row],[Reporting Unit]],">",""))) -> Vantage_Shanghai | AR109: =_xlfn.XLOOKUP(emissions[[#This Row],[Reporting unit name]],hierarchy!$A:$A,hierarchy!$C:$C) -> Warehouse
A110: 4962 | B110: Top of Hierarchy > Asia Pacific > Vantage_Shanghai | C110: Warehouse | D110: FY21 | E110: 44197 | F110: 44561 | G110: Electricity (non-renewable) | H110: 44197 | I110: 44561 | J110: Electricity (non-renewable) | K110: 32374 | L110: Kilowatt hours | M110: Estimated | O110: 2023-02-27, 16:27 | P110: 2023-08-03, 20:59 | Q110: 2021 | R110: electricity__t+d | S110: Electricity T&D | T110: t+d | U110: FALSE | V110: ELECTRICITY; TRANSMISSION AND DISTRIBUTION; PEOPLE'S REPUBLIC OF CHINA | W110: Scope 3 | X110: 3: Fuel- and Energy-Related Activities | Y110: Asia | Z110: Eastern Asia | AA110: CN | AC110: 0 | AD110: CO2E | AE110: 964.7452 | AF110: RESTRICTED | AG110: KWH | AH110: 1 | AI110: 32374 | AJ110: AR4 | AK110: IEA | AL110: IEA (2021) | AM110: 2021 | AN110: 2019 | AO110: =IF(AND(emissions[[#This Row],[Market-based]]=0,emissions[[#This Row],[Impact Type]]="CO2E"),emissions[[#This Row],[kgCO2e]],0)/1000 -> 0.9647452 | AP110: =IF(AND(emissions[[#This Row],[Market-based]]=1,OR(emissions[[#This Row],[Impact Type]]="CO2E",emissions[[#This Row],[Impact Type]]="CO2E MKT")),emissions[[#This Row],[kgCO2e]],0)/1000 -> 0 | AQ110: =_xlfn.TEXTAFTER(emissions[[#This Row],[Reporting Unit]]," > ",LEN(emissions[[#This Row],[Reporting Unit]])-LEN(SUBSTITUTE(emissions[[#This Row],[Reporting Unit]],">",""))) -> Vantage_Shanghai | AR110: =_xlfn.XLOOKUP(emissions[[#This Row],[Reporting unit name]],hierarchy!$A:$A,hierarchy!$C:$C) -> Warehouse
A111: 4962 | B111: Top of Hierarchy > Asia Pacific > Vantage_Shanghai | C111: Warehouse | D111: FY21 | E111: 44197 | F111: 44561 | G111: Electricity (non-renewable) | H111: 44197 | I111: 44561 | J111: Electricity (non-renewable) | K111: 32374 | L111: Kilowatt hours | M111: Estimated | O111: 2023-02-27, 16:27 | P111: 2023-08-03, 20:59 | Q111: 2021 | R111: electricity__t+d | S111: Electricity T&D | T111: t+d | U111: FALSE | V111: ELECTRICITY; TRANSMISSION AND DISTRIBUTION; PEOPLE'S REPUBLIC OF CHINA | W111: Scope 3 | X111: 3: Fuel- and Energy-Related Activities | Y111: Asia | Z111: Eastern Asia | AA111: CN | AC111: 1 | AD111: CO2E | AE111: 964.7452 | AF111: RESTRICTED | AG111: KWH | AH111: 1 | AI111: 32374 | AJ111: AR4 | AK111: IEA | AL111: IEA (2021) | AM111: 2021 | AN111: 2019 | AO111: =IF(AND(emissions[[#This Row],[Market-based]]=0,emissions[[#This Row],[Impact Type]]="CO2E"),emissions[[#This Row],[kgCO2e]],0)/1000 -> 0 | AP111: =IF(AND(emissions[[#This Row],[Market-based]]=1,OR(emissions[[#This Row],[Impact Type]]="CO2E",emissions[[#This Row],[Impact Type]]="CO2E MKT")),emissions[[#This Row],[kgCO2e]],0)/1000 -> 0.9647452 | AQ111: =_xlfn.TEXTAFTER(emissions[[#This Row],[Reporting Unit]]," > ",LEN(emissions[[#This Row],[Reporting Unit]])-LEN(SUBSTITUTE(emissions[[#This Row],[Reporting Unit]],">",""))) -> Vantage_Shanghai | AR111: =_xlfn.XLOOKUP(emissions[[#This Row],[Reporting unit name]],hierarchy!$A:$A,hierarchy!$C:$C) -> Warehouse
A112: 4988 | B112: Top of Hierarchy > Asia Pacific > Vantage_Shanghai | C112: Warehouse | D112: FY21 | E112: 44197 | F112: 44561 | G112: Natural gas | H112: 44197 | I112: 44561 | J112: Natural gas | K112: 2.3422269e+08 | L112: British Thermal Units | M112: Estimated | O112: 2023-02-27, 16:27 | P112: 2023-07-20, 00:40 | Q112: 2021 | R112: natural_gas | S112: Natural Gas | T112: model | U112: FALSE | V112: FUELS; GASEOUS FUELS; NATURAL GAS | W112: Scope 1 | X112: N/A | AC112: 0 | AD112: CH4 | AE112: 17.160911 | AF112: 0.00025 | AG112: KWH (GROSS CV) | AH112: 0.00029307 | AI112: 68643.644 | AJ112: AR4 | AK112: Defra | AL112: Defra (2021) | AM112: 2021 | AN112: 2019 | AO112: =IF(AND(emissions[[#This Row],[Market-based]]=0,emissions[[#This Row],[Impact Type]]="CO2E"),emissions[[#This Row],[kgCO2e]],0)/1000 -> 0 | AP112: =IF(AND(emissions[[#This Row],[Market-based]]=1,OR(emissions[[#This Row],[Impact Type]]="CO2E",emissions[[#This Row],[Impact Type]]="CO2E MKT")),emissions[[#This Row],[kgCO2e]],0)/1000 -> 0 | AQ112: =_xlfn.TEXTAFTER(emissions[[#This Row],[Reporting Unit]]," > ",LEN(emissions[[#This Row],[Reporting Unit]])-LEN(SUBSTITUTE(emissions[[#This Row],[Reporting Unit]],">",""))) -> Vantage_Shanghai | AR112: =_xlfn.XLOOKUP(emissions[[#This Row],[Reporting unit name]],hierarchy!$A:$A,hierarchy!$C:$C) -> Warehouse
A113: 4988 | B113: Top of Hierarchy > Asia Pacific > Vantage_Shanghai | C113: Warehouse | D113: FY21 | E113: 44197 | F113: 44561 | G113: Natural gas | H113: 44197 | I113: 44561 | J113: Natural gas | K113: 2.3422269e+08 | L113: British Thermal Units | M113: Estimated | O113: 2023-02-27, 16:27 | P113: 2023-07-20, 00:40 | Q113: 2021 | R113: natural_gas | S113: Natural Gas | T113: model | U113: FALSE | V113: FUELS; GASEOUS FUELS; NATURAL GAS | W113: Scope 1 | X113: N/A | AC113: 0 | AD113: CO2 | AE113: 12549.431 | AF113: 0.18282 | AG113: KWH (GROSS CV) | AH113: 0.00029307 | AI113: 68643.644 | AJ113: AR4 | AK113: Defra | AL113: Defra (2021) | AM113: 2021 | AN113: 2019 | AO113: =IF(AND(emissions[[#This Row],[Market-based]]=0,emissions[[#This Row],[Impact Type]]="CO2E"),emissions[[#This Row],[kgCO2e]],0)/1000 -> 0 | AP113: =IF(AND(emissions[[#This Row],[Market-based]]=1,OR(emissions[[#This Row],[Impact Type]]="CO2E",emissions[[#This Row],[Impact Type]]="CO2E MKT")),emissions[[#This Row],[kgCO2e]],0)/1000 -> 0 | AQ113: =_xlfn.TEXTAFTER(emissions[[#This Row],[Reporting Unit]]," > ",LEN(emissions[[#This Row],[Reporting Unit]])-LEN(SUBSTITUTE(emissions[[#This Row],[Reporting Unit]],">",""))) -> Vantage_Shanghai | AR113: =_xlfn.XLOOKUP(emissions[[#This Row],[Reporting unit name]],hierarchy!$A:$A,hierarchy!$C:$C) -> Warehouse
A114: 4988 | B114: Top of Hierarchy > Asia Pacific > Vantage_Shanghai | C114: Warehouse | D114: FY21 | E114: 44197 | F114: 44561 | G114: Natural gas | H114: 44197 | I114: 44561 | J114: Natural gas | K114: 2.3422269e+08 | L114: British Thermal Units | M114: Estimated | O114: 2023-02-27, 16:27 | P114: 2023-07-20, 00:40 | Q114: 2021 | R114: natural_gas | S114: Natural Gas | T114: model | U114: FALSE | V114: FUELS; GASEOUS FUELS; NATURAL GAS | W114: Scope 1 | X114: N/A | AC114: 0 | AD114: CO2E | AE114: 12573.456 | AF114: 0.18317 | AG114: KWH (GROSS CV) | AH114: 0.00029307 | AI114: 68643.644 | AJ114: AR4 | AK114: Defra | AL114: Defra (2021) | AM114: 2021 | AN114: 2019 | AO114: =IF(AND(emissions[[#This Row],[Market-based]]=0,emissions[[#This Row],[Impact Type]]="CO2E"),emissions[[#This Row],[kgCO2e]],0)/1000 -> 12.573456 | AP114: =IF(AND(emissions[[#This Row],[Market-based]]=1,OR(emissions[[#This Row],[Impact Type]]="CO2E",emissions[[#This Row],[Impact Type]]="CO2E MKT")),emissions[[#This Row],[kgCO2e]],0)/1000 -> 0 | AQ114: =_xlfn.TEXTAFTER(emissions[[#This Row],[Reporting Unit]]," > ",LEN(emissions[[#This Row],[Reporting Unit]])-LEN(SUBSTITUTE(emissions[[#This Row],[Reporting Unit]],">",""))) -> Vantage_Shanghai | AR114: =_xlfn.XLOOKUP(emissions[[#This Row],[Reporting unit name]],hierarchy!$A:$A,hierarchy!$C:$C) -> Warehouse
A115: 4988 | B115: Top of Hierarchy > Asia Pacific > Vantage_Shanghai | C115: Warehouse | D115: FY21 | E115: 44197 | F115: 44561 | G115: Natural gas | H115: 44197 | I115: 44561 | J115: Natural gas | K115: 2.3422269e+08 | L115: British Thermal Units | M115: Estimated | O115: 2023-02-27, 16:27 | P115: 2023-07-20, 00:40 | Q115: 2021 | R115: natural_gas | S115: Natural Gas | T115: model | U115: FALSE | V115: FUELS; GASEOUS FUELS; NATURAL GAS | W115: Scope 1 | X115: N/A | AC115: 0 | AD115: N2O | AE115: 6.8643644 | AF115: 0.0001 | AG115: KWH (GROSS CV) | AH115: 0.00029307 | AI115: 68643.644 | AJ115: AR4 | AK115: Defra | AL115: Defra (2021) | AM115: 2021 | AN115: 2019 | AO115: =IF(AND(emissions[[#This Row],[Market-based]]=0,emissions[[#This Row],[Impact Type]]="CO2E"),emissions[[#This Row],[kgCO2e]],0)/1000 -> 0 | AP115: =IF(AND(emissions[[#This Row],[Market-based]]=1,OR(emissions[[#This Row],[Impact Type]]="CO2E",emissions[[#This Row],[Impact Type]]="CO2E MKT")),emissions[[#This Row],[kgCO2e]],0)/1000 -> 0 | AQ115: =_xlfn.TEXTAFTER(emissions[[#This Row],[Reporting Unit]]," > ",LEN(emissions[[#This Row],[Reporting Unit]])-LEN(SUBSTITUTE(emissions[[#This Row],[Reporting Unit]],">",""))) -> Vantage_Shanghai | AR115: =_xlfn.XLOOKUP(emissions[[#This Row],[Reporting unit name]],hierarchy!$A:$A,hierarchy!$C:$C) -> Warehouse
A116: 4988 | B116: Top of Hierarchy > Asia Pacific > Vantage_Shanghai | C116: Warehouse | D116: FY21 | E116: 44197 | F116: 44561 | G116: Natural gas | H116: 44197 | I116: 44561 | J116: Natural gas | K116: 2.3422269e+08 | L116: British Thermal Units | M116: Estimated | O116: 2023-02-27, 16:27 | P116: 2023-07-20, 00:40 | Q116: 2021 | R116: natural_gas | S116: Natural Gas | T116: model | U116: FALSE | V116: FUELS; GASEOUS FUELS; NATURAL GAS | W116: Scope 1 | X116: N/A | AC116: 1 | AD116: CH4 | AE116: 17.160911 | AF116: 0.00025 | AG116: KWH (GROSS CV) | AH116: 0.00029307 | AI116: 68643.644 | AJ116: AR4 | AK116: Defra | AL116: Defra (2021) | AM116: 2021 | AN116: 2019 | AO116: =IF(AND(emissions[[#This Row],[Market-based]]=0,emissions[[#This Row],[Impact Type]]="CO2E"),emissions[[#This Row],[kgCO2e]],0)/1000 -> 0 | AP116: =IF(AND(emissions[[#This Row],[Market-based]]=1,OR(emissions[[#This Row],[Impact Type]]="CO2E",emissions[[#This Row],[Impact Type]]="CO2E MKT")),emissions[[#This Row],[kgCO2e]],0)/1000 -> 0 | AQ116: =_xlfn.TEXTAFTER(emissions[[#This Row],[Reporting Unit]]," > ",LEN(emissions[[#This Row],[Reporting Unit]])-LEN(SUBSTITUTE(emissions[[#This Row],[Reporting Unit]],">",""))) -> Vantage_Shanghai | AR116: =_xlfn.XLOOKUP(emissions[[#This Row],[Reporting unit name]],hierarchy!$A:$A,hierarchy!$C:$C) -> Warehouse
...

Sheet RESULTS
B1: =IF(COUNTIFS(data!$M:$M,"Error")>0,COUNTIFS(data!$M:$M,"Error")&" calculation errors","No calculation errors") -> No calculation errors
D3: Emissions by Scope | H3: Emissions by Scope, S3 cateory, and activity group | L3: Emissions by reporting unit type, Scope, and category | P3: Emissions by reporting unit
E4: Location (tCO2e) | F4: Market (tCO2e) | I4: Location (tCO2e) | J4: Market (tCO2e) | M4: Location (tCO2e) | N4: Market (tCO2e) | Q4: Location (tCO2e) | S4: Market (tCO2e)
D5: Scope 1 | E5: 66404.901 | F5: 66404.901 | H5: Scope 1 | I5: 66404.901 | J5: 66404.901 | L5: Warehouse | M5: 522.10427 | N5: 520.74736 | Q5: Scope 1 | R5: Scope 2 | S5: Scope 1 | T5: Scope 2
D6: Scope 2 | E6: 41478.237 | F6: 39683.416 | H6: N/A | I6: 66404.901 | J6: 66404.901 | L6: Scope 1 | M6: 151.88156 | N6: 151.88156 | P6: Vantage_Mumbai | Q6: 0 | R6: 0.6929 | S6: 0 | T6: 0.6929
D7: Grand Total | E7: 107883.14 | F7: 106088.32 | H7: Liquid fuel activities | I7: 527.85057 | J7: 527.85057 | L7: Natural gas | M7: 50.850661 | N7: 50.850661 | P7: Vantage_Shanghai | Q7: 24.202757 | R7: 18.162998 | S7: 24.202757 | T7: 18.162998
H8: Natural gas | I8: 65275.827 | J8: 65275.827 | L8: Refrigerant gasses | M8: 87.164185 | N8: 87.164185 | P8: Vantage_Granollers | Q8: 6.2397733 | R8: 3.6509373 | S8: 6.2397733 | T8: 7.2111901
H9: Refrigerant gasses | I9: 487.03443 | J9: 487.03443 | L9: Gaseous fuel activities | M9: 13.866716 | N9: 13.866716 | P9: Vantage_Les Borges | Q9: 87.639385 | R9: 20.806029 | S9: 87.639385 | T9: 41.095264
H10: Gaseous fuel activities | I10: 114.1898 | J10: 114.1898 | L10: Scope 2 | M10: 370.22271 | N10: 368.86579 | P10: Vantage_Leuna | Q10: 88.317026 | R10: 11002.078 | S10: 88.317026 | T10: 15925.807
H11: Scope 2 | I11: 41478.237 | J11: 39683.416 | L11: Electricity (non-renewable) | M11: 370.22271 | N11: 368.86579 | P11: Vantage_Paris | Q11: 0 | R11: 0 | S11: 0 | T11: 0
D12: Emissions by Reporting Period | H12: N/A | I12: 41478.237 | J12: 39683.416 | L12: Office | M12: 28405.006 | N12: 23886.944 | P12: Vantage_South Africa | Q12: 7.6459834 | R12: 38.542963 | S12: 7.6459834 | T12: 38.542963
E13: Location (tCO2e) | F13: Market (tCO2e) | H13: Electricity (non-renewable) | I13: 35024.645 | J13: 33229.824 | L13: Scope 1 | M13: 16291.207 | N13: 16291.207 | P13: Vantage_Carnegie | Q13: 1328.8918 | R13: 677.55688 | S13: 1328.8918 | T13: 591.77818
D14: FY22 | E14: 107883.14 | F14: 106088.32 | H14: Heat, Steam and Chilled Water | I14: 6453.5926 | J14: 6453.5926 | L14: Liquid fuel activities | M14: 1.8531559 | N14: 1.8531559 | P14: Vantage_Chicago | Q14: 48883.959 | R14: 14786.702 | S14: 48883.959 | T14: 12586.728
H15: Grand Total | I15: 107883.14 | J15: 106088.32 | L15: Natural gas | M15: 15989.488 | N15: 15989.488 | P15: Vantage_Costa_Rica | Q15: 40.07549 | R15: 0.00029301308 | S15: 40.07549 | T15: 0.00029301308
L16: Refrigerant gasses | M16: 252.2124 | N16: 252.2124 | P16: Vantage_Dateland | Q16: 697.18626 | R16: 1502.2755 | S16: 697.18626 | T16: 1499.0086
L17: Gaseous fuel activities | M17: 47.653609 | N17: 47.653609 | P17: Vantage_Deerfield | Q17: 30.076253 | R17: 25.873683 | S17: 30.076253 | T17: 25.773529
L18: Scope 2 | M18: 12113.799 | N18: 7595.7368 | P18: Vantage_Delta | Q18: 63.652776 | R18: 37.819474 | S18: 63.652776 | T18: 38.370142
L19: Electricity (non-renewable) | M19: 12113.799 | N19: 7595.7368 | P19: Vantage_Englewood | Q19: 1996.0043 | R19: 821.65806 | S19: 1996.0043 | T19: 818.47752
L20: Labratory | M20: 67684.082 | N20: 65484.401 | P20: Vantage_Fairfield | Q20: 127.92359 | R20: 109.38573 | S20: 127.92359 | T20: 108.9349
D21: Data quality by Reporting Period | L21: Scope 1 | M21: 49743.877 | N21: 49743.877 | P21: Vantage_Gurnee | Q21: 12573.183 | R21: 10235.511 | S21: 12573.183 | T21: 5787.4193
E22: Location (tCO2e) | F22: Market (tCO2e) | L22: Liquid fuel activities | M22: 487.51398 | N22: 487.51398 | P22: Vantage_Linden | Q22: 64.885478 | R22: 329.23449 | S22: 64.885478 | T22: 327.87757
D23: FY22 | E23: 1 | F23: 1 | L23: Natural gas | M23: 49171.774 | N23: 49171.774 | P23: Vantage_Pittsburgh | Q23: 59.373086 | R23: 56.176858 | S23: 59.373086 | T23: 55.959404
D24: Actual Data | E24: 0.99750171 | F24: 0.99745945 | L24: Refrigerant gasses | M24: 71.824945 | N24: 71.824945 | P24: Vantage_Tlalnepantla de Baz | Q24: 62.793327 | R24: 22.825222 | S24: 62.793327 | T24: 22.825222
D25: Estimated | E25: 0.0024982877 | F25: 0.0025405542 | L25: Gaseous fuel activities | M25: 12.763304 | N25: 12.763304 | P25: Vantage_Tucson | Q25: 27.655499 | R25: 67.016385 | S25: 27.655499 | T25: 66.870652
L26: Scope 2 | M26: 17940.206 | N26: 15740.525 | P26: Vantage_Warren | Q26: 35.704343 | R26: 93.666912 | S26: 35.704343 | T26: 93.280871
L27: Electricity (non-renewable) | M27: 17940.206 | N27: 15740.525 | P27: Vantage_Argentina Farm (Agrinsa) | Q27: 148.84591 | R27: 1609.0342 | S27: 148.84591 | T27: 1609.0342
L28: Office (with heat & steam) | M28: 11090.395 | N28: 16014.124 | P28: Vantage_Bogotá | Q28: 24.084422 | R28: 5.3396359 | S28: 24.084422 | T28: 5.3396359
L29: Scope 1 | M29: 88.317026 | N29: 88.317026 | P29: Vantage_Buenos Aires | Q29: 7.8193275 | R29: 2.0568453 | S29: 7.8193275 | T29: 2.0568453
L30: Liquid fuel activities | M30: 38.48344 | N30: 38.48344 | P30: Vantage_Guatemala City | Q30: 1.0158969 | R30: 4.6461881 | S30: 1.0158969 | T30: 4.6461881
L31: Natural gas | M31: 0.06078582 | N31: 0.06078582 | P31: Vantage_Lima | Q31: 0.67110764 | R31: 0.11472024 | S31: 0.67110764 | T31: 0.11472024
L32: Refrigerant gasses | M32: 49.7728 | N32: 49.7728 | P32: Vantage_Santiago | Q32: 1.9271256 | R32: 5.0862968 | S32: 1.9271256 | T32: 5.0862968
L33: Scope 2 | M33: 11002.078 | N33: 15925.807 | P33: Vantage_Sao Paulo | Q33: 15.128433 | R33: 2.3225778 | S33: 15.128433 | T33: 2.3225778
L34: Electricity (non-renewable) | M34: 4548.4857 | N34: 9472.2141 | P34: Grand Total | Q34: 66404.901 | R34: 41478.237 | S34: 66404.901 | T34: 39683.416
L35: Heat, Steam and Chilled Water | M35: 6453.5926 | N35: 6453.5926
L36: Unspecified Facility Type | M36: 70.202301 | N36: 70.202301
L37: Scope 1 | M37: 58.146945 | N37: 58.146945
L38: Liquid fuel activities | M38: 0 | N38: 0
L39: Natural gas | M39: 0 | N39: 0
L40: Refrigerant gasses | M40: 18.240771 | N40: 18.240771
L41: Gaseous fuel activities | M41: 39.906174 | N41: 39.906174
L42: Scope 2 | M42: 12.055356 | N42: 12.055356
L43: Electricity (non-renewable) | M43: 12.055356 | N43: 12.055356
L44: Factory | M44: 111.34842 | N44: 111.89909
L45: Scope 1 | M45: 71.472104 | N45: 71.472104
L46: Liquid fuel activities | M46: 0 | N46: 0
... L51: Grand Total | M51: 107883.14 | N51: 106088.32
