Workbook

Sheet Overview
B7: Energy & Emissions Summary
S8: =88584-106088 -> -17504
B9: 2023 Emissions by Scope | S9: =S8/106088 -> -0.1649951
B11: Scope | C11: Market-based (mtons CO2e) | D11: Location-based (mtons CO2e)
B12: Scope 1 | C12: =GETPIVOTDATA("Sum of Total CO2e Emissions (Market Based) (mtons CO2-e)",Pivot!$B$6,"Scope","Scope 1") -> 57269.823 | D12: =GETPIVOTDATA("Sum of Total CO2e Emissions (Location-Based) (mtons CO2-e)",Pivot!$B$6,"Scope","Scope 1") -> 57269.823
B13: Scope 2 | C13: =GETPIVOTDATA("Sum of Total CO2e Emissions (Market Based) (mtons CO2-e)",Pivot!$B$6,"Scope","Scope 2") -> 31315.117 | D13: =GETPIVOTDATA("Sum of Total CO2e Emissions (Location-Based) (mtons CO2-e)",Pivot!$B$6,"Scope","Scope 2") -> 35782.582
B14: Scope 3 | C14: =GETPIVOTDATA("Sum of Total CO2e Emissions (Market Based) (mtons CO2-e)",Pivot!$B$6,"Scope","Scope 3") -> 1492.37 | D14: =GETPIVOTDATA("Sum of Total CO2e Emissions (Location-Based) (mtons CO2-e)",Pivot!$B$6,"Scope","Scope 3") -> 1492.37
B15: Total | C15: =SUM(C12:C14) -> 90077.31 | D15: =SUM(D12:D14) -> 94544.775
B17: 2023 Emissions by Source
B19: Scope | C19: Source | D19: Market-based (mtons CO2e) | E19: Location-based (mtons CO2e)
B20: Scope 1 | C20: Diesel | D20: =_xlfn.XLOOKUP($C20,Pivot!$C$8:$C$29,Pivot!D$8:D$29) -> 246.212 | E20: =_xlfn.XLOOKUP($C20,Pivot!$C$8:$C$29,Pivot!E$8:E$29) -> 246.212
C21: Diesel - Clear Diesel | D21: =_xlfn.XLOOKUP($C21,Pivot!$C$8:$C$29,Pivot!D$8:D$29) -> 34.132 | E21: =_xlfn.XLOOKUP($C21,Pivot!$C$8:$C$29,Pivot!E$8:E$29) -> 34.132
C22: Dry Ice | D22: =_xlfn.XLOOKUP($C22,Pivot!$C$8:$C$29,Pivot!D$8:D$29) -> 42.156 | E22: =_xlfn.XLOOKUP($C22,Pivot!$C$8:$C$29,Pivot!E$8:E$29) -> 42.156
C23: Gas Oil | D23: =_xlfn.XLOOKUP($C23,Pivot!$C$8:$C$29,Pivot!D$8:D$29) -> 1.946 | E23: =_xlfn.XLOOKUP($C23,Pivot!$C$8:$C$29,Pivot!E$8:E$29) -> 1.946
C24: Gasoline | D24: =_xlfn.XLOOKUP($C24,Pivot!$C$8:$C$29,Pivot!D$8:D$29) -> 20.708 | E24: =_xlfn.XLOOKUP($C24,Pivot!$C$8:$C$29,Pivot!E$8:E$29) -> 20.708
C25: Gasoline - 87 octane (regular) | D25: =_xlfn.XLOOKUP($C25,Pivot!$C$8:$C$29,Pivot!D$8:D$29) -> 112.847 | E25: =_xlfn.XLOOKUP($C25,Pivot!$C$8:$C$29,Pivot!E$8:E$29) -> 112.847
C26: Gasoline - 95 octane (premium) | D26: =_xlfn.XLOOKUP($C26,Pivot!$C$8:$C$29,Pivot!D$8:D$29) -> 114.702 | E26: =_xlfn.XLOOKUP($C26,Pivot!$C$8:$C$29,Pivot!E$8:E$29) -> 114.702
C27: Liquefied Petroleum Gas (LPG) | D27: =_xlfn.XLOOKUP($C27,Pivot!$C$8:$C$29,Pivot!D$8:D$29) -> 3.428 | E27: =_xlfn.XLOOKUP($C27,Pivot!$C$8:$C$29,Pivot!E$8:E$29) -> 3.428
C28: Natural Gas | D28: =_xlfn.XLOOKUP($C28,Pivot!$C$8:$C$29,Pivot!D$8:D$29) -> 56515.751 | E28: =_xlfn.XLOOKUP($C28,Pivot!$C$8:$C$29,Pivot!E$8:E$29) -> 56515.751
C29: Propane | D29: =_xlfn.XLOOKUP($C29,Pivot!$C$8:$C$29,Pivot!D$8:D$29) -> 11.957 | E29: =_xlfn.XLOOKUP($C29,Pivot!$C$8:$C$29,Pivot!E$8:E$29) -> 11.957
C30: Fertilizer | D30: =_xlfn.XLOOKUP($C30,Pivot!$C$8:$C$29,Pivot!D$8:D$29) -> 2.352 | E30: =_xlfn.XLOOKUP($C30,Pivot!$C$8:$C$29,Pivot!E$8:E$29) -> 2.352
C31: Refrigerant | D31: =_xlfn.XLOOKUP($C31,Pivot!$C$8:$C$29,Pivot!D$8:D$29) -> 163.632 | E31: =_xlfn.XLOOKUP($C31,Pivot!$C$8:$C$29,Pivot!E$8:E$29) -> 163.632
B32: Scope 2 | C32: Electric Power | D32: =_xlfn.XLOOKUP($C32,Pivot!$C$8:$C$29,Pivot!D$8:D$29) -> 26570.229 | E32: =_xlfn.XLOOKUP($C32,Pivot!$C$8:$C$29,Pivot!E$8:E$29) -> 31037.694
C33: Steam | D33: =_xlfn.XLOOKUP(C33,Pivot!$C$8:$C$29,Pivot!$D$8:$D$29) -> 4744.888 | E33: =_xlfn.XLOOKUP($C33,Pivot!$C$8:$C$29,Pivot!E$8:E$29) -> 4744.888
B34: Scope 3 | C34: Hazardous Waste | D34: =_xlfn.XLOOKUP(C34,Pivot!$C$8:$C$29,Pivot!$D$8:$D$29) -> 115.996 | E34: =_xlfn.XLOOKUP($C34,Pivot!$C$8:$C$29,Pivot!E$8:E$29) -> 115.996
C35: Hazardous Waste - Recycled | D35: =_xlfn.XLOOKUP(C35,Pivot!$C$8:$C$29,Pivot!$D$8:$D$29) -> 0.024 | E35: =_xlfn.XLOOKUP($C35,Pivot!$C$8:$C$29,Pivot!E$8:E$29) -> 0.024
C36: Non-Hazardous Waste | D36: =_xlfn.XLOOKUP(C36,Pivot!$C$8:$C$29,Pivot!$D$8:$D$29) -> 995.21 | E36: =_xlfn.XLOOKUP($C36,Pivot!$C$8:$C$29,Pivot!E$8:E$29) -> 995.21
C37: Non-Hazardous Waste - Recycling | D37: =_xlfn.XLOOKUP(C37,Pivot!$C$8:$C$29,Pivot!$D$8:$D$29) -> 2.024 | E37: =_xlfn.XLOOKUP($C37,Pivot!$C$8:$C$29,Pivot!E$8:E$29) -> 2.024
C38: Solid Waste | D38: =_xlfn.XLOOKUP(C38,Pivot!$C$8:$C$29,Pivot!$D$8:$D$29) -> 0 | E38: =_xlfn.XLOOKUP($C38,Pivot!$C$8:$C$29,Pivot!E$8:E$29) -> 0
C39: Waste | D39: =_xlfn.XLOOKUP(C39,Pivot!$C$8:$C$29,Pivot!$D$8:$D$29) -> 379.116 | E39: =_xlfn.XLOOKUP($C39,Pivot!$C$8:$C$29,Pivot!E$8:E$29) -> 379.116
B40: Total | D40: =SUM(D20:D39) -> 90077.31 | E40: =SUM(E20:E39) -> 94544.775
B42: 2023 Volume by Source
B44: Scope | C44: Source | D44: UOM | E44: Volume
B45: Scope 1 | C45: Diesel | D45: MWh | E45: =_xlfn.XLOOKUP(C45,Pivot!$C$39:$C$60,Pivot!$E$39:$E$60) -> 1052.0066
B46: Scope 1 | C46: Diesel - Clear Diesel | D46: gallons | E46: =_xlfn.XLOOKUP(C46,Pivot!$C$39:$C$60,Pivot!$E$39:$E$60) -> 3588
B47: Scope 1 | C47: Dry Ice | D47: metric tons | E47: =_xlfn.XLOOKUP(C47,Pivot!$C$39:$C$60,Pivot!$E$39:$E$60) -> 42.15687
B48: Scope 1 | C48: Fertilizer | D48: mtons CO2-e | E48: =_xlfn.XLOOKUP(C48,Pivot!$C$39:$C$60,Pivot!$E$39:$E$60) -> 2.352
B49: Scope 1 | C49: Gas Oil | D49: MWh | E49: =_xlfn.XLOOKUP(C49,Pivot!$C$39:$C$60,Pivot!$E$39:$E$60) -> 7.6787
B50: Scope 1 | C50: Gasoline | D50: MWh | E50: =_xlfn.XLOOKUP(C50,Pivot!$C$39:$C$60,Pivot!$E$39:$E$60) -> 95.526332
B51: Scope 1 | C51: Gasoline - 87 octane (regular) | D51: MWh | E51: =_xlfn.XLOOKUP(C51,Pivot!$C$39:$C$60,Pivot!$E$39:$E$60) -> 520.50072
B52: Scope 1 | C52: Gasoline - 95 octane (premium) | D52: gallons | E52: =_xlfn.XLOOKUP(C52,Pivot!$C$39:$C$60,Pivot!$E$39:$E$60) -> 14441.48
B53: Scope 1 | C53: Liquefied Petroleum Gas (LPG) | D53: MWh | E53: =_xlfn.XLOOKUP(C53,Pivot!$C$39:$C$60,Pivot!$E$39:$E$60) -> 15.615
B54: Scope 1 | C54: Natural Gas | D54: MWh | E54: =_xlfn.XLOOKUP(C54,Pivot!$C$39:$C$60,Pivot!$E$39:$E$60) -> 311822.94
B55: Scope 1 | C55: Propane | D55: MWh | E55: =_xlfn.XLOOKUP(C55,Pivot!$C$39:$C$60,Pivot!$E$39:$E$60) -> 55.513033
B56: Scope 2 | C56: Refrigerant | D56: metric tons | E56: =_xlfn.XLOOKUP(C56,Pivot!$C$39:$C$60,Pivot!$E$39:$E$60) -> 0.125873
... B64: Scope 3 | C64: Waste | D64: metric tons | E64: =_xlfn.XLOOKUP(C64,Pivot!$C$39:$C$60,Pivot!$E$39:$E$60) -> 803.13283
B68: 2023 Water
B69: Source | C69: UOM | D69: Value
B70: Water | C70: gallons | D70: =GETPIVOTDATA("Total Water Usage (gallons)",Pivot!$K$5,"Year",2023) -> 3.8131162e+09

Sheet Pivot
B4: Year | C4: 2023 | K4: Water
C5: Emissions by Source | K5: Sum of Total Water Usage (gallons)
D6: Values | K6: Year | L6: Total
B7: Scope | C7: Source | D7: Sum of Total CO2e Emissions (Market Based) (mtons CO2-e) | E7: Sum of Total CO2e Emissions (Location-Based) (mtons CO2-e) | K7: 2023 | L7: 3.8131162e+09
B8: Scope 1 | C8: Diesel | D8: 246.212 | E8: 246.212 | K8: Grand Total | L8: 3.8131162e+09
C9: Diesel - Clear Diesel | D9: 34.132 | E9: 34.132
C10: Dry Ice | D10: 42.156 | E10: 42.156
C11: Gas Oil | D11: 1.946 | E11: 1.946
C12: Gasoline | D12: 20.708 | E12: 20.708
C13: Gasoline - 87 octane (regular) | D13: 112.847 | E13: 112.847
C14: Gasoline - 95 octane (premium) | D14: 114.702 | E14: 114.702
C15: Liquefied Petroleum Gas (LPG) | D15: 3.428 | E15: 3.428
C16: Natural Gas | D16: 56515.751 | E16: 56515.751
C17: Propane | D17: 11.957 | E17: 11.957
C18: Fertilizer | D18: 2.352 | E18: 2.352
C19: Refrigerant | D19: 163.632 | E19: 163.632
B20: Scope 1 Total | D20: 57269.823 | E20: 57269.823
B21: Scope 2 | C21: Electric Power | D21: 26570.229 | E21: 31037.694
C22: Steam | D22: 4744.888 | E22: 4744.888
B23: Scope 2 Total | D23: 31315.117 | E23: 35782.582
B24: Scope 3 | C24: Hazardous Waste | D24: 115.996 | E24: 115.996
C25: Hazardous Waste - Recycled | D25: 0.024 | E25: 0.024
C26: Non-Hazardous Waste | D26: 995.21 | E26: 995.21
C27: Non-Hazardous Waste - Recycling | D27: 2.024 | E27: 2.024
C28: Solid Waste | D28: 0 | E28: 0
C29: Waste | D29: 379.116 | E29: 379.116
B30: Scope 3 Total | D30: 1492.37 | E30: 1492.37
B31: Grand Total | D31: 90077.31 | E31: 94544.775
B35: Year | C35: 2023
B37: Sum of Usage
B38: Scope | C38: Source | D38: UOM | E38: Total
B39: Scope 1 | C39: Diesel | D39: MWh | E39: 1052.0066
C40: Diesel - Clear Diesel | D40: gallons | E40: 3588
C41: Dry Ice | D41: metric tons | E41: 42.15687
C42: Fertilizer | D42: mtons CO2-e | E42: 2.352
C43: Gas Oil | D43: MWh | E43: 7.6787
C44: Gasoline | D44: MWh | E44: 95.526332
C45: Gasoline - 87 octane (regular) | D45: MWh | E45: 520.50072
C46: Gasoline - 95 octane (premium) | D46: gallons | E46: 14441.48
C47: Liquefied Petroleum Gas (LPG) | D47: MWh | E47: 15.615
C48: Natural Gas | D48: MWh | E48: 311822.94
C49: Propane | D49: MWh | E49: 55.513033
C50: Refrigerant | D50: metric tons | E50: 0.125873
B51: Scope 1 Total | E51: 331643.9
B52: Scope 2 | C52: Electric Power | D52: MWh | E52: 71640.687
C53: Steam | D53: MWh | E53: 26416.96
B54: Scope 2 Total | E54: 98057.646
B55: Scope 3 | C55: Hazardous Waste | D55: metric tons | E55: 222.92526
C56: Hazardous Waste - Recycled | D56: metric tons | E56: 0.987876
C57: Non-Hazardous Waste | D57: metric tons | E57: 1912.6264
C58: Non-Hazardous Waste - Recycling | D58: metric tons | E58: 95.134358
C59: Solid Waste | D59: metric tons | E59: 0
C60: Waste | D60: tons (US) | E60: 803.13283
B61: Scope 3 Total | E61: 3034.8067
B62: Grand Total | E62: 432736.35

Sheet Results by Site
B2: Year | C2: 2023
B3: Market Based Emissions 2023
B4: Sum of Total CO2e Emissions (Market Based) (mtons CO2-e) | C4: Scope
B5: Site Name | C5: Scope 1 | D5: Scope 2 | E5: Scope 3 | F5: Grand Total
B6: Agrinsa | C6: 150.545 | D6: 1733.606 | F6: 1884.151
B7: Barcelona | C7: 64.488 | F7: 64.488
B8: Bogota | C8: 21.9 | D8: 3.54 | F8: 25.44
B9: Buenos Aires | C9: 0 | F9: 0
B10: Carnegie, PA | C10: 1190.11 | D10: 739.945 | E10: 322.57 | F10: 2252.625
B11: Chicago, IL | C11: 44646.434 | D11: 9051.999 | E11: 0 | F11: 53698.433
B12: Dateland | C12: 574.678 | D12: 1529.021 | E12: 198.828 | F12: 2302.527
B13: Deerfield | D13: 14.932 | F13: 14.932
B14: Englewood, OH | C14: 168.533 | D14: 800.736 | E14: 389.86 | F14: 1359.129
B15: Fairfield | C15: 97.85 | D15: 116.76 | E15: 0.448 | F15: 215.058
B16: Granollers | D16: 7.345 | F16: 7.345
B17: Gurnee, IL | C17: 10079.744 | D17: 3914.803 | E17: 8.733 | F17: 14003.28
B18: Les Borges | C18: 74.544 | D18: 39.81 | E18: 51.895 | F18: 166.249
B19: Leuna | C19: 142.251 | D19: 13126.913 | E19: 226.086 | F19: 13495.25
B20: Linden, NJ | D20: 16.545 | E20: 9.71 | F20: 26.255
B21: Mexico City | D21: 3.669 | F21: 3.669
B22: Mumbai | D22: 0.036 | F22: 0.036
B23: Pittsburgh, PA | C23: 44.852 | D23: 60.468 | E23: 29.024 | F23: 134.344
B24: Santiago | D24: 4.536 | F24: 4.536
B25: Sao Paulo | D25: 1.394 | F25: 1.394
B26: Shanghai | D26: 20.649 | F26: 20.649
B27: South Africa | D27: 26.596 | E27: 149.856 | F27: 176.452
B28: Tucson | C28: 13.894 | D28: 55.056 | E28: 105.36 | F28: 174.31
B29: Warren, NJ | D29: 46.758 | E29: 0 | F29: 46.758
B30: Grand Total | C30: 57269.823 | D30: 31315.117 | E30: 1492.37 | F30: 90077.31
B34: Electric Power | F34: Natural Gas
B35: Source | C35: Electric Power | F35: Source | G35: Natural Gas
B36: Year | C36: 2023 | F36: Year | G36: 2023
B38: Sum of Usage | C38: UOM | F38: Sum of Usage | G38: UOM
B39: Site Name | C39: MWh | F39: Site Name | G39: MWh
B40: Agrinsa | C40: 5606.83 | F40: Barcelona | G40: 70.1864
B41: Bogota | C41: 23.16 | F41: Bogota | G41: 0
B42: Carnegie, PA | C42: 1556.618 | F42: Buenos Aires | G42: 0
B43: Chicago, IL | C43: 31279.376 | F43: Carnegie, PA | G43: 6566.368
B44: Dateland | C44: 4500.5525 | F44: Chicago, IL | G44: 245748.82
B45: Deerfield | C45: 51.6 | F45: Dateland | G45: 1767.1306
B46: Englewood, OH | C46: 1684.499 | F46: Englewood, OH | G46: 929.86441
B47: Fairfield | C47: 382.516 | F47: Fairfield | G47: 494.65713
B48: Granollers | C48: 26.712 | F48: Gurnee, IL | G48: 55515.67
B49: Gurnee, IL | C49: 13527.687 | F49: Les Borges | G49: 411.294
B50: Les Borges | C50: 144.7 | F50: Leuna | G50: 0.242
B51: Leuna | C51: 12253.883 | F51: Pittsburgh, PA | G51: 247.46863
... B53: Mexico City | C53: 8.377 | F53: Grand Total | G53: 311822.94
B54: Mumbai | C54: 0.05
B55: Pittsburgh, PA | C55: 127.2048
B56: Santiago | C56: 12.116004
B57: Sao Paulo | C57: 36.239204
B58: Shanghai | C58: 33.706
B59: South Africa | C59: 29.55
B60: Tucson | C60: 147.9224
B61: Warren, NJ | C61: 153.186
B62: Grand Total | C62: 71640.687
B65: Water
B67: Sum of Total Water Usage (gallons)
B68: Site Name | C68: Total
B69: Agrinsa | C69: 2.0238146e+09
B70: Barcelona
B71: Bogota
B72: Buenos Aires
B73: Carnegie, PA | C73: 2141001
B74: Chicago, IL | C74: 148469047
B75: Dateland | C75: 1600316377
B76: Deerfield
B77: Englewood, OH | C77: 1233100
B78: Fairfield
B79: Granollers
B80: Gurnee, IL | C80: 36441500
B81: Les Borges | C81: 450677.52
B82: Leuna | C82: 31964.818
B83: Linden, NJ | C83: 4000
B84: Mexico City
B85: Mumbai
B86: Pittsburgh, PA
B87: Santiago
B88: Sao Paulo | C88: 7396.8175
B89: Shanghai | C89: 35663.227
B90: South Africa | C90: 17482.378
B91: Tucson | C91: 153350.65
B92: Warren, NJ
B93: Grand Total | C93: 3.8131162e+09

Sheet RA - Emissions Report
A3: Report Name: | B3: Preview
A4: Custom Report: | B4: Emissions
A5: Client: | B5: Vantage Specialty Chemicals
A6: Level: | B6: Site
A7: Date Range: | B7: 1/1/2023 to 12/31/2023
A8: CarbonMaps: | B8: Primary: Vantage Specialty Chemical Market-Based Carbon Map (Market-based), Secondary: Vantage Specialty Chemicals Location-Based CM (Location-based)
A11: Month | B11: Source | C11: Division | D11: Site Name | E11: Scope | F11: Address | G11: City | H11: State | I11: Country | J11: UOM | K11: Usage | L11: Total Cost (USD) | M11: Site Reference number | N11: Total CO2e Emissions (Market Based) (mtons CO2-e) | O11: CO2 Emissions (Primary) (mtons CO2-e) | P11: N2O Emissions (Primary) (mtons CO2-e) | Q11: CH4 Emissions (Primary) (mtons CO2-e) | R11: Total CO2e Emissions (Location-Based) (mtons CO2-e) | S11: CO2 Emissions (Secondary) (mtons CO2-e) | T11: N2O Emissions (Secondary) (mtons CO2-e) | U11: CH4 Emissions (Secondary) (mtons CO2-e) | V11: Year
A12: 44927 | B12: Diesel | C12: Farm | D12: Agrinsa | E12: Scope 1 | F12: RUTA 60 Km 12220 - Aimogasta | G12: La Rioja | H12: ARG | I12: Argentina | J12: MWh | K12: 11.528083 | N12: 2.698 | O12: 2.661364 | P12: 0.036391 | Q12: 0.000333 | R12: 2.698 | S12: 2.661364 | T12: 0.036391 | U12: 0.000333 | V12: =YEAR(A12) -> 2023
A13: 44927 | B13: Fertilizer | C13: Farm | D13: Agrinsa | E13: Scope 1 | F13: RUTA 60 Km 12220 - Aimogasta | G13: La Rioja | H13: ARG | I13: Argentina | J13: mtons CO2-e | K13: 0.03 | N13: 0.03 | O13: 0.03 | R13: =N13 -> 0.03 | V13: =YEAR(A13) -> 2023
A14: 44927 | B14: Gasoline | C14: Farm | D14: Agrinsa | E14: Scope 1 | F14: RUTA 60 Km 12220 - Aimogasta | G14: La Rioja | H14: ARG | I14: Argentina | J14: MWh | K14: 3.51218 | L14: 167.48 | N14: 0.761 | O14: 0.756151 | P14: 0.002195 | Q14: 0.003115 | R14: 0.761 | S14: 0.756151 | T14: 0.002195 | U14: 0.003115 | V14: =YEAR(A14) -> 2023
A15: 44927 | B15: Gasoline - 95 octane (premium) | C15: Farm | D15: Agrinsa | E15: Scope 1 | F15: RUTA 60 Km 12220 - Aimogasta | G15: La Rioja | H15: ARG | I15: Argentina | J15: gallons | K15: 964.76 | N15: 7.663 | O15: 7.609117 | P15: 0.022084 | Q15: 0.031343 | R15: 7.663 | S15: 7.609117 | T15: 0.022084 | U15: 0.031343 | V15: =YEAR(A15) -> 2023
A16: 44958 | B16: Diesel | C16: Farm | D16: Agrinsa | E16: Scope 1 | F16: RUTA 60 Km 12220 - Aimogasta | G16: La Rioja | H16: ARG | I16: Argentina | J16: MWh | K16: 8.745009 | N16: 2.047 | O16: 2.018866 | P16: 0.027606 | Q16: 0.000252 | R16: 2.047 | S16: 2.018866 | T16: 0.027606 | U16: 0.000252 | V16: =YEAR(A16) -> 2023
A17: 44958 | B17: Fertilizer | C17: Farm | D17: Agrinsa | E17: Scope 1 | F17: RUTA 60 Km 12220 - Aimogasta | G17: La Rioja | H17: ARG | I17: Argentina | J17: mtons CO2-e | K17: 0.03 | N17: 0.03 | O17: 0.03 | R17: =N17 -> 0.03 | V17: =YEAR(A17) -> 2023
A18: 44958 | B18: Gasoline | C18: Farm | D18: Agrinsa | E18: Scope 1 | F18: RUTA 60 Km 12220 - Aimogasta | G18: La Rioja | H18: ARG | I18: Argentina | J18: MWh | K18: 3.71954 | L18: 177.26 | N18: 0.806 | O18: 0.800795 | P18: 0.002324 | Q18: 0.003299 | R18: 0.806 | S18: 0.800795 | T18: 0.002324 | U18: 0.003299 | V18: =YEAR(A18) -> 2023
A19: 44958 | B19: Gasoline - 95 octane (premium) | C19: Farm | D19: Agrinsa | E19: Scope 1 | F19: RUTA 60 Km 12220 - Aimogasta | G19: La Rioja | H19: ARG | I19: Argentina | J19: gallons | K19: 721.55 | N19: 5.731 | O19: 5.690906 | P19: 0.016516 | Q19: 0.023442 | R19: 5.731 | S19: 5.690906 | T19: 0.016516 | U19: 0.023442 | V19: =YEAR(A19) -> 2023
A20: 44986 | B20: Diesel | C20: Farm | D20: Agrinsa | E20: Scope 1 | F20: RUTA 60 Km 12220 - Aimogasta | G20: La Rioja | H20: ARG | I20: Argentina | J20: MWh | K20: 90.954515 | N20: 21.287 | O20: 20.99769 | P20: 0.287119 | Q20: 0.002625 | R20: 21.287 | S20: 20.99769 | T20: 0.287119 | U20: 0.002625 | V20: =YEAR(A20) -> 2023
A21: 44986 | B21: Fertilizer | C21: Farm | D21: Agrinsa | E21: Scope 1 | F21: RUTA 60 Km 12220 - Aimogasta | G21: La Rioja | H21: ARG | I21: Argentina | J21: mtons CO2-e | K21: 0.03 | N21: 0.03 | O21: 0.03 | R21: =N21 -> 0.03 | V21: =YEAR(A21) -> 2023
A22: 44986 | B22: Gasoline | C22: Farm | D22: Agrinsa | E22: Scope 1 | F22: RUTA 60 Km 12220 - Aimogasta | G22: La Rioja | H22: ARG | I22: Argentina | J22: MWh | K22: 3.13276 | L22: 182.48 | N22: 0.679 | O22: 0.674465 | P22: 0.001957 | Q22: 0.002778 | R22: 0.679 | S22: 0.674465 | T22: 0.001957 | U22: 0.002778 | V22: =YEAR(A22) -> 2023
A23: 44986 | B23: Gasoline - 95 octane (premium) | C23: Farm | D23: Agrinsa | E23: Scope 1 | F23: RUTA 60 Km 12220 - Aimogasta | G23: La Rioja | H23: ARG | I23: Argentina | J23: gallons | K23: 1017.44 | N23: 8.081 | O23: 8.024607 | P23: 0.023289 | Q23: 0.033055 | R23: 8.081 | S23: 8.024607 | T23: 0.023289 | U23: 0.033055 | V23: =YEAR(A23) -> 2023
A24: 45017 | B24: Diesel | C24: Farm | D24: Agrinsa | E24: Scope 1 | F24: RUTA 60 Km 12220 - Aimogasta | G24: La Rioja | H24: ARG | I24: Argentina | J24: MWh | K24: 73.392018 | N24: 17.177 | O24: 16.943225 | P24: 0.231679 | Q24: 0.002118 | R24: 17.177 | S24: 16.943225 | T24: 0.231679 | U24: 0.002118 | V24: =YEAR(A24) -> 2023
A25: 45017 | B25: Fertilizer | C25: Farm | D25: Agrinsa | E25: Scope 1 | F25: RUTA 60 Km 12220 - Aimogasta | G25: La Rioja | H25: ARG | I25: Argentina | J25: mtons CO2-e | K25: 0.03 | N25: 0.03 | O25: 0.03 | R25: =N25 -> 0.03 | V25: =YEAR(A25) -> 2023
A26: 45017 | B26: Gasoline | C26: Farm | D26: Agrinsa | E26: Scope 1 | F26: RUTA 60 Km 12220 - Aimogasta | G26: La Rioja | H26: ARG | I26: Argentina | J26: MWh | K26: 3.32086 | L26: 193.9 | N26: 0.72 | O26: 0.714961 | P26: 0.002075 | Q26: 0.002945 | R26: 0.72 | S26: 0.714961 | T26: 0.002075 | U26: 0.002945 | V26: =YEAR(A26) -> 2023
A27: 45017 | B27: Gasoline - 95 octane (premium) | C27: Farm | D27: Agrinsa | E27: Scope 1 | F27: RUTA 60 Km 12220 - Aimogasta | G27: La Rioja | H27: ARG | I27: Argentina | J27: gallons | K27: 1118.82 | N27: 8.886 | O27: 8.824197 | P27: 0.02561 | Q27: 0.036348 | R27: 8.886 | S27: 8.824197 | T27: 0.02561 | U27: 0.036348 | V27: =YEAR(A27) -> 2023
A28: 45047 | B28: Diesel | C28: Farm | D28: Agrinsa | E28: Scope 1 | F28: RUTA 60 Km 12220 - Aimogasta | G28: La Rioja | H28: ARG | I28: Argentina | J28: MWh | K28: 26.547276 | N28: 6.213 | O28: 6.128684 | P28: 0.083803 | Q28: 0.000766 | R28: 6.213 | S28: 6.128684 | T28: 0.083803 | U28: 0.000766 | V28: =YEAR(A28) -> 2023
A29: 45047 | B29: Fertilizer | C29: Farm | D29: Agrinsa | E29: Scope 1 | F29: RUTA 60 Km 12220 - Aimogasta | G29: La Rioja | H29: ARG | I29: Argentina | J29: mtons CO2-e | K29: 0.03 | N29: 0.03 | O29: 0.03 | R29: =N29 -> 0.03 | V29: =YEAR(A29) -> 2023
A30: 45047 | B30: Gasoline | C30: Farm | D30: Agrinsa | E30: Scope 1 | F30: RUTA 60 Km 12220 - Aimogasta | G30: La Rioja | H30: ARG | I30: Argentina | J30: MWh | K30: 3.54996 | L30: 273.39 | N30: 0.77 | O30: 0.764285 | P30: 0.002218 | Q30: 0.003148 | R30: 0.77 | S30: 0.764285 | T30: 0.002218 | U30: 0.003148 | V30: =YEAR(A30) -> 2023
A31: 45047 | B31: Gasoline - 95 octane (premium) | C31: Farm | D31: Agrinsa | E31: Scope 1 | F31: RUTA 60 Km 12220 - Aimogasta | G31: La Rioja | H31: ARG | I31: Argentina | J31: gallons | K31: 991.97 | N31: 7.879 | O31: 7.823724 | P31: 0.022706 | Q31: 0.032227 | R31: 7.879 | S31: 7.823724 | T31: 0.022706 | U31: 0.032227 | V31: =YEAR(A31) -> 2023
A32: 45078 | B32: Diesel | C32: Farm | D32: Agrinsa | E32: Scope 1 | F32: RUTA 60 Km 12220 - Aimogasta | G32: La Rioja | H32: ARG | I32: Argentina | J32: MWh | K32: 3.430013 | N32: 0.803 | O32: 0.79185 | P32: 0.010828 | Q32: 9.9e-05 | R32: 0.803 | S32: 0.79185 | T32: 0.010828 | U32: 9.9e-05 | V32: =YEAR(A32) -> 2023
A33: 45078 | B33: Fertilizer | C33: Farm | D33: Agrinsa | E33: Scope 1 | F33: RUTA 60 Km 12220 - Aimogasta | G33: La Rioja | H33: ARG | I33: Argentina | J33: mtons CO2-e | K33: 0.03 | N33: 0.03 | O33: 0.03 | R33: =N33 -> 0.03 | V33: =YEAR(A33) -> 2023
A34: 45078 | B34: Gasoline | C34: Farm | D34: Agrinsa | E34: Scope 1 | F34: RUTA 60 Km 12220 - Aimogasta | G34: La Rioja | H34: ARG | I34: Argentina | J34: MWh | K34: 5.28346 | L34: 293.8 | N34: 1.145 | O34: 1.137497 | P34: 0.003301 | Q34: 0.004686 | R34: 1.145 | S34: 1.137497 | T34: 0.003301 | U34: 0.004686 | V34: =YEAR(A34) -> 2023
A35: 45078 | B35: Gasoline - 95 octane (premium) | C35: Farm | D35: Agrinsa | E35: Scope 1 | F35: RUTA 60 Km 12220 - Aimogasta | G35: La Rioja | H35: ARG | I35: Argentina | J35: gallons | K35: 0 | N35: 0 | O35: 0 | P35: 0 | Q35: 0 | R35: 0 | S35: 0 | T35: 0 | U35: 0 | V35: =YEAR(A35) -> 2023
A36: 45108 | B36: Diesel | C36: Farm | D36: Agrinsa | E36: Scope 1 | F36: RUTA 60 Km 12220 - Aimogasta | G36: La Rioja | H36: ARG | I36: Argentina | J36: MWh | K36: 4.645937 | N36: 1.087 | O36: 1.072557 | P36: 0.014666 | Q36: 0.000134 | R36: 1.087 | S36: 1.072557 | T36: 0.014666 | U36: 0.000134 | V36: =YEAR(A36) -> 2023
A37: 45108 | B37: Fertilizer | C37: Farm | D37: Agrinsa | E37: Scope 1 | F37: RUTA 60 Km 12220 - Aimogasta | G37: La Rioja | H37: ARG | I37: Argentina | J37: mtons CO2-e | K37: 0.03 | N37: 0.03 | O37: 0.03 | R37: =N37 -> 0.03 | V37: =YEAR(A37) -> 2023
A38: 45108 | B38: Gasoline | C38: Farm | D38: Agrinsa | E38: Scope 1 | F38: RUTA 60 Km 12220 - Aimogasta | G38: La Rioja | H38: ARG | I38: Argentina | J38: MWh | K38: 6.64514 | L38: 365.84 | N38: 1.441 | O38: 1.430659 | P38: 0.004152 | Q38: 0.005893 | R38: 1.441 | S38: 1.430659 | T38: 0.004152 | U38: 0.005893 | V38: =YEAR(A38) -> 2023
A39: 45108 | B39: Gasoline - 95 octane (premium) | C39: Farm | D39: Agrinsa | E39: Scope 1 | F39: RUTA 60 Km 12220 - Aimogasta | G39: La Rioja | H39: ARG | I39: Argentina | J39: gallons | K39: 27.96 | N39: 0.222 | O39: 0.220522 | P39: 0.00064 | Q39: 0.000908 | R39: 0.222 | S39: 0.220522 | T39: 0.00064 | U39: 0.000908 | V39: =YEAR(A39) -> 2023
A40: 45139 | B40: Diesel | C40: Farm | D40: Agrinsa | E40: Scope 1 | F40: RUTA 60 Km 12220 - Aimogasta | G40: La Rioja | H40: ARG | I40: Argentina | J40: MWh | K40: 4.561647 | N40: 1.068 | O40: 1.053098 | P40: 0.0144 | Q40: 0.000132 | R40: 1.068 | S40: 1.053098 | T40: 0.0144 | U40: 0.000132 | V40: =YEAR(A40) -> 2023
A41: 45139 | B41: Fertilizer | C41: Farm | D41: Agrinsa | E41: Scope 1 | F41: RUTA 60 Km 12220 - Aimogasta | G41: La Rioja | H41: ARG | I41: Argentina | J41: mtons CO2-e | K41: 0.03 | N41: 0.03 | O41: 0.03 | R41: =N41 -> 0.03 | V41: =YEAR(A41) -> 2023
A42: 45139 | B42: Gasoline | C42: Farm | D42: Agrinsa | E42: Scope 1 | F42: RUTA 60 Km 12220 - Aimogasta | G42: La Rioja | H42: ARG | I42: Argentina | J42: MWh | K42: 6.72146 | L42: 370.46 | N42: 1.457 | O42: 1.44709 | P42: 0.0042 | Q42: 0.005961 | R42: 1.457 | S42: 1.44709 | T42: 0.0042 | U42: 0.005961 | V42: =YEAR(A42) -> 2023
A43: 45139 | B43: Gasoline - 95 octane (premium) | C43: Farm | D43: Agrinsa | E43: Scope 1 | F43: RUTA 60 Km 12220 - Aimogasta | G43: La Rioja | H43: ARG | I43: Argentina | J43: gallons | K43: 1.78 | N43: 0.014 | O43: 0.014039 | P43: 4.1e-05 | Q43: 5.8e-05 | R43: 0.014 | S43: 0.014039 | T43: 4.1e-05 | U43: 5.8e-05 | V43: =YEAR(A43) -> 2023
A44: 45170 | B44: Diesel | C44: Farm | D44: Agrinsa | E44: Scope 1 | F44: RUTA 60 Km 12220 - Aimogasta | G44: La Rioja | H44: ARG | I44: Argentina | J44: MWh | K44: 5.227162 | L44: 481.2612 | N44: 1.223 | O44: 1.206739 | P44: 0.016501 | Q44: 0.000151 | R44: 1.223 | S44: 1.206739 | T44: 0.016501 | U44: 0.000151 | V44: =YEAR(A44) -> 2023
A45: 45170 | B45: Fertilizer | C45: Farm | D45: Agrinsa | E45: Scope 1 | F45: RUTA 60 Km 12220 - Aimogasta | G45: La Rioja | H45: ARG | I45: Argentina | J45: mtons CO2-e | K45: 0.03 | N45: 0.03 | O45: 0.03 | R45: =N45 -> 0.03 | V45: =YEAR(A45) -> 2023
A46: 45170 | B46: Gasoline | C46: Farm | D46: Agrinsa | E46: Scope 1 | F46: RUTA 60 Km 12220 - Aimogasta | G46: La Rioja | H46: ARG | I46: Argentina | J46: MWh | K46: 6.656 | N46: 1.443 | O46: 1.432997 | P46: 0.004159 | Q46: 0.005903 | R46: 1.443 | S46: 1.432997 | T46: 0.004159 | U46: 0.005903 | V46: =YEAR(A46) -> 2023
A47: 45170 | B47: Gasoline - 95 octane (premium) | C47: Farm | D47: Agrinsa | E47: Scope 1 | F47: RUTA 60 Km 12220 - Aimogasta | G47: La Rioja | H47: ARG | I47: Argentina | J47: gallons | K47: 30 | N47: 0.238 | O47: 0.236612 | P47: 0.000687 | Q47: 0.000975 | R47: 0.238 | S47: 0.236612 | T47: 0.000687 | U47: 0.000975 | V47: =YEAR(A47) -> 2023
A48: 45200 | B48: Diesel | C48: Farm | D48: Agrinsa | E48: Scope 1 | F48: RUTA 60 Km 12220 - Aimogasta | G48: La Rioja | H48: ARG | I48: Argentina | J48: MWh | K48: 17.511278 | N48: 4.098 | O48: 4.04264 | P48: 0.055278 | Q48: 0.000505 | R48: 4.098 | S48: 4.04264 | T48: 0.055278 | U48: 0.000505 | V48: =YEAR(A48) -> 2023
A49: 45200 | B49: Fertilizer | C49: Farm | D49: Agrinsa | E49: Scope 1 | F49: RUTA 60 Km 12220 - Aimogasta | G49: La Rioja | H49: ARG | I49: Argentina | J49: mtons CO2-e | K49: 0.03 | L49: 90160 | N49: 0.03 | O49: 0.03 | R49: =N49 -> 0.03 | V49: =YEAR(A49) -> 2023
A50: 45200 | B50: Gasoline | C50: Farm | D50: Agrinsa | E50: Scope 1 | F50: RUTA 60 Km 12220 - Aimogasta | G50: La Rioja | H50: ARG | I50: Argentina | J50: MWh | K50: 3.94588 | L50: 243.99 | N50: 0.855 | O50: 0.849524 | P50: 0.002466 | Q50: 0.003499 | R50: 0.855 | S50: 0.849524 | T50: 0.002466 | U50: 0.003499 | V50: =YEAR(A50) -> 2023
A51: 45200 | B51: Gasoline - 95 octane (premium) | C51: Farm | D51: Agrinsa | E51: Scope 1 | F51: RUTA 60 Km 12220 - Aimogasta | G51: La Rioja | H51: ARG | I51: Argentina | J51: gallons | K51: 446.68 | N51: 3.548 | O51: 3.522991 | P51: 0.010225 | Q51: 0.014512 | R51: 3.548 | S51: 3.522991 | T51: 0.010225 | U51: 0.014512 | V51: =YEAR(A51) -> 2023
A52: 45231 | B52: Diesel | C52: Farm | D52: Agrinsa | E52: Scope 1 | F52: RUTA 60 Km 12220 - Aimogasta | G52: La Rioja | H52: ARG | I52: Argentina | J52: MWh | K52: 77.533826 | N52: 18.146 | O52: 17.8994 | P52: 0.244754 | Q52: 0.002238 | R52: 18.146 | S52: 17.8994 | T52: 0.244754 | U52: 0.002238 | V52: =YEAR(A52) -> 2023
A53: 45231 | B53: Fertilizer | C53: Farm | D53: Agrinsa | E53: Scope 1 | F53: RUTA 60 Km 12220 - Aimogasta | G53: La Rioja | H53: ARG | I53: Argentina | J53: mtons CO2-e | K53: 0.03 | N53: 0.03 | O53: 0.03 | R53: =N53 -> 0.03 | V53: =YEAR(A53) -> 2023
A54: 45231 | B54: Gasoline | C54: Farm | D54: Agrinsa | E54: Scope 1 | F54: RUTA 60 Km 12220 - Aimogasta | G54: La Rioja | H54: ARG | I54: Argentina | J54: MWh | K54: 3.778 | N54: 0.819 | O54: 0.813381 | P54: 0.002361 | Q54: 0.00335 | R54: 0.819 | S54: 0.813381 | T54: 0.002361 | U54: 0.00335 | V54: =YEAR(A54) -> 2023
A55: 45231 | B55: Gasoline - 95 octane (premium) | C55: Farm | D55: Agrinsa | E55: Scope 1 | F55: RUTA 60 Km 12220 - Aimogasta | G55: La Rioja | H55: ARG | I55: Argentina | J55: gallons | K55: 1471.23 | N55: 11.685 | O55: 11.603675 | P55: 0.033677 | Q55: 0.047797 | R55: 11.685 | S55: 11.603675 | T55: 0.033677 | U55: 0.047797 | V55: =YEAR(A55) -> 2023
A56: 45261 | B56: Diesel | C56: Farm | D56: Agrinsa | E56: Scope 1 | F56: RUTA 60 Km 12220 - Aimogasta | G56: La Rioja | H56: ARG | I56: Argentina | J56: MWh | K56: 19.47035 | N56: 4.557 | O56: 4.49491 | P56: 0.061463 | Q56: 0.000562 | R56: 4.557 | S56: 4.49491 | T56: 0.061463 | U56: 0.000562 | V56: =YEAR(A56) -> 2023
A57: 45261 | B57: Fertilizer | C57: Farm | D57: Agrinsa | E57: Scope 1 | F57: RUTA 60 Km 12220 - Aimogasta | G57: La Rioja | H57: ARG | I57: Argentina | J57: mtons CO2-e | K57: 0.03 | L57: 12499.2 | N57: 0.03 | O57: 0.03 | R57: =N57 -> 0.03 | V57: =YEAR(A57) -> 2023
A58: 45261 | B58: Gasoline | C58: Farm | D58: Agrinsa | E58: Scope 1 | F58: RUTA 60 Km 12220 - Aimogasta | G58: La Rioja | H58: ARG | I58: Argentina | J58: MWh | K58: 3.93 | N58: 0.852 | O58: 0.846106 | P58: 0.002456 | Q58: 0.003485 | R58: 0.852 | S58: 0.846106 | T58: 0.002456 | U58: 0.003485 | V58: =YEAR(A58) -> 2023
A59: 45261 | B59: Gasoline - 95 octane (premium) | C59: Farm | D59: Agrinsa | E59: Scope 1 | F59: RUTA 60 Km 12220 - Aimogasta | G59: La Rioja | H59: ARG | I59: Argentina | J59: gallons | K59: 514.41 | N59: 4.086 | O59: 4.057181 | P59: 0.011775 | Q59: 0.016712 | R59: 4.086 | S59: 4.057181 | T59: 0.011775 | U59: 0.016712 | V59: =YEAR(A59) -> 2023
A60: 44562 | B60: Electric Power | C60: Farm | D60: Agrinsa | E60: Scope 2 | F60: RUTA 60 Km 12220 - Aimogasta | G60: La Rioja | H60: ARG | I60: Argentina | J60: MWh | K60: 490.08108 | N60: 151.531 | O60: 151.04299 | P60: 0.268922 | Q60: 0.218772 | R60: 151.531 | S60: 151.04299 | T60: 0.268922 | U60: 0.218772 | V60: =YEAR(A60) -> 2022
A61: 44593 | B61: Electric Power | C61: Farm | D61: Agrinsa | E61: Scope 2 | F61: RUTA 60 Km 12220 - Aimogasta | G61: La Rioja | H61: ARG | I61: Argentina | J61: MWh | K61: 490.08108 | N61: 151.531 | O61: 151.04299 | P61: 0.268922 | Q61: 0.218772 | R61: 151.531 | S61: 151.04299 | T61: 0.268922 | U61: 0.218772 | V61: =YEAR(A61) -> 2022
A62: 44621 | B62: Electric Power | C62: Farm | D62: Agrinsa | E62: Scope 2 | F62: RUTA 60 Km 12220 - Aimogasta | G62: La Rioja | H62: ARG | I62: Argentina | J62: MWh | K62: 490.08108 | N62: 151.531 | O62: 151.04299 | P62: 0.268922 | Q62: 0.218772 | R62: 151.531 | S62: 151.04299 | T62: 0.268922 | U62: 0.218772 | V62: =YEAR(A62) -> 2022
A63: 44652 | B63: Electric Power | C63: Farm | D63: Agrinsa | E63: Scope 2 | F63: RUTA 60 Km 12220 - Aimogasta | G63: La Rioja | H63: ARG | I63: Argentina | J63: MWh | K63: 490.08108 | N63: 151.531 | O63: 151.04299 | P63: 0.268922 | Q63: 0.218772 | R63: 151.531 | S63: 151.04299 | T63: 0.268922 | U63: 0.218772 | V63: =YEAR(A63) -> 2022
A64: 44682 | B64: Electric Power | C64: Farm | D64: Agrinsa | E64: Scope 2 | F64: RUTA 60 Km 12220 - Aimogasta | G64: La Rioja | H64: ARG | I64: Argentina | J64: MWh | K64: 490.08108 | N64: 151.531 | O64: 151.04299 | P64: 0.268922 | Q64: 0.218772 | R64: 151.531 | S64: 151.04299 | T64: 0.268922 | U64: 0.218772 | V64: =YEAR(A64) -> 2022
A65: 44713 | B65: Electric Power | C65: Farm | D65: Agrinsa | E65: Scope 2 | F65: RUTA 60 Km 12220 - Aimogasta | G65: La Rioja | H65: ARG | I65: Argentina | J65: MWh | K65: 490.08108 | N65: 151.531 | O65: 151.04299 | P65: 0.268922 | Q65: 0.218772 | R65: 151.531 | S65: 151.04299 | T65: 0.268922 | U65: 0.218772 | V65: =YEAR(A65) -> 2022
A66: 44743 | B66: Electric Power | C66: Farm | D66: Agrinsa | E66: Scope 2 | F66: RUTA 60 Km 12220 - Aimogasta | G66: La Rioja | H66: ARG | I66: Argentina | J66: MWh | K66: 490.08108 | N66: 151.531 | O66: 151.04299 | P66: 0.268922 | Q66: 0.218772 | R66: 151.531 | S66: 151.04299 | T66: 0.268922 | U66: 0.218772 | V66: =YEAR(A66) -> 2022
A67: 44774 | B67: Electric Power | C67: Farm | D67: Agrinsa | E67: Scope 2 | F67: RUTA 60 Km 12220 - Aimogasta | G67: La Rioja | H67: ARG | I67: Argentina | J67: MWh | K67: 490.08108 | N67: 151.531 | O67: 151.04299 | P67: 0.268922 | Q67: 0.218772 | R67: 151.531 | S67: 151.04299 | T67: 0.268922 | U67: 0.218772 | V67: =YEAR(A67) -> 2022
A68: 44805 | B68: Electric Power | C68: Farm | D68: Agrinsa | E68: Scope 2 | F68: RUTA 60 Km 12220 - Aimogasta | G68: La Rioja | H68: ARG | I68: Argentina | J68: MWh | K68: 490.08108 | N68: 151.531 | O68: 151.04299 | P68: 0.268922 | Q68: 0.218772 | R68: 151.531 | S68: 151.04299 | T68: 0.268922 | U68: 0.218772 | V68: =YEAR(A68) -> 2022
A69: 44835 | B69: Electric Power | C69: Farm | D69: Agrinsa | E69: Scope 2 | F69: RUTA 60 Km 12220 - Aimogasta | G69: La Rioja | H69: ARG | I69: Argentina | J69: MWh | K69: 490.08108 | N69: 151.531 | O69: 151.04299 | P69: 0.268922 | Q69: 0.218772 | R69: 151.531 | S69: 151.04299 | T69: 0.268922 | U69: 0.218772 | V69: =YEAR(A69) -> 2022
... A82: 45231 | B82: Electric Power | C82: Farm | D82: Agrinsa | E82: Scope 2 | F82: RUTA 60 Km 12220 - Aimogasta | G82: La Rioja | H82: ARG | I82: Argentina | J82: MWh | K82: 696.896 | N82: 215.477 | O82: 214.78335 | P82: 0.382408 | Q82: 0.311094 | R82: 215.477 | S82: 214.78335 | T82: 0.382408 | U82: 0.311094 | V82: =YEAR(A82) -> 2023
A83: 45261 | B83: Electric Power | C83: Farm | D83: Agrinsa | E83: Scope 2 | F83: RUTA 60 Km 12220 - Aimogasta | G83: La Rioja | H83: ARG | I83: Argentina | J83: MWh | K83: 669.93 | L83: 59395.022 | N83: 207.139 | O83: 206.47243 | P83: 0.367611 | Q83: 0.299057 | R83: 207.139 | S83: 206.47243 | T83: 0.367611 | U83: 0.299057 | V83: =YEAR(A83) -> 2023
A84: 44927 | B84: Diesel | C84: Office | D84: Barcelona | E84: Scope 1 | F84: C/Tanger 86 | G84: Barcelona | H84: ESP | I84: Spain | J84: MWh | K84: 15.018001 | N84: 3.515 | O84: 3.467044 | P84: 0.047408 | Q84: 0.000433 | R84: 3.515 | S84: 3.467044 | T84: 0.047408 | U84: 0.000433 | V84: =YEAR(A84) -> 2023
A85: 44927 | B85: Gas Oil | C85: Office | D85: Barcelona | E85: Scope 1 | F85: C/Tanger 86 | G85: Barcelona | H85: ESP | I85: Spain | J85: MWh | K85: 1.21805 | L85: 293.21 | N85: 0.309 | O85: 0.305139 | P85: 0.003242 | Q85: 0.000375 | R85: 0.309 | S85: 0.305139 | T85: 0.003242 | U85: 0.000375 | V85: =YEAR(A85) -> 2023
A86: 44927 | B86: Gasoline | C86: Office | D86: Barcelona | E86: Scope 1 | F86: C/Tanger 86 | G86: Barcelona | H86: ESP | I86: Spain | J86: MWh | K86: 4.69305 | L86: 785 | N86: 1.017 | O86: 1.010386 | P86: 0.002932 | Q86: 0.004162 | R86: 1.017 | S86: 1.010386 | T86: 0.002932 | U86: 0.004162 | V86: =YEAR(A86) -> 2023
A87: 44927 | B87: Gasoline - 87 octane (regular) | C87: Office | D87: Barcelona | E87: Scope 1 | F87: C/Tanger 86 | G87: Barcelona | H87: ESP | I87: Spain | J87: MWh | K87: 6.1645 | L87: 1065.2 | N87: 1.336 | O87: 1.32718 | P87: 0.003852 | Q87: 0.005467 | R87: 1.336 | S87: 1.32718 | T87: 0.003852 | U87: 0.005467 | V87: =YEAR(A87) -> 2023
A88: 44927 | B88: Liquefied Petroleum Gas (LPG) | C88: Office | D88: Barcelona | E88: Scope 1 | F88: C/Tanger 86 | G88: Barcelona | H88: ESP | I88: Spain | J88: MWh | K88: 2.397 | N88: 0.526 | O88: 0.525309 | P88: 0.000301 | Q88: 0.000487 | R88: 0.526 | S88: 0.525309 | T88: 0.000301 | U88: 0.000487 | V88: =YEAR(A88) -> 2023
A89: 44927 | B89: Natural Gas | C89: Office | D89: Barcelona | E89: Scope 1 | F89: C/Tanger 86 | G89: Barcelona | H89: ESP | I89: Spain | J89: MWh | K89: 11.0824 | N89: 2.009 | O89: 2.006449 | P89: 0.001032 | Q89: 0.001127 | R89: 2.009 | S89: 2.006449 | T89: 0.001032 | U89: 0.001127 | V89: =YEAR(A89) -> 2023
A90: 44958 | B90: Diesel | C90: Office | D90: Barcelona | E90: Scope 1 | F90: C/Tanger 86 | G90: Barcelona | H90: ESP | I90: Spain | J90: MWh | K90: 13.615001 | N90: 3.187 | O90: 3.143149 | P90: 0.042979 | Q90: 0.000393 | R90: 3.187 | S90: 3.143149 | T90: 0.042979 | U90: 0.000393 | V90: =YEAR(A90) -> 2023
A91: 44958 | B91: Gas Oil | C91: Office | D91: Barcelona | E91: Scope 1 | F91: C/Tanger 86 | G91: Barcelona | H91: ESP | I91: Spain | J91: MWh | K91: 1.5673 | L91: 353.15 | N91: 0.397 | O91: 0.392631 | P91: 0.004171 | Q91: 0.000483 | R91: 0.397 | S91: 0.392631 | T91: 0.004171 | U91: 0.000483 | V91: =YEAR(A91) -> 2023
A92: 44958 | B92: Gasoline | C92: Office | D92: Barcelona | E92: Scope 1 | F92: C/Tanger 86 | G92: Barcelona | H92: ESP | I92: Spain | J92: MWh | K92: 4.55515 | L92: 761.27 | N92: 0.988 | O92: 0.980697 | P92: 0.002846 | Q92: 0.00404 | R92: 0.988 | S92: 0.980697 | T92: 0.002846 | U92: 0.00404 | V92: =YEAR(A92) -> 2023
A93: 44958 | B93: Gasoline - 87 octane (regular) | C93: Office | D93: Barcelona | E93: Scope 1 | F93: C/Tanger 86 | G93: Barcelona | H93: ESP | I93: Spain | J93: MWh | K93: 6.38795 | L93: 1089.45 | N93: 1.385 | O93: 1.375288 | P93: 0.003991 | Q93: 0.005665 | R93: 1.385 | S93: 1.375288 | T93: 0.003991 | U93: 0.005665 | V93: =YEAR(A93) -> 2023
A94: 44958 | B94: Liquefied Petroleum Gas (LPG) | C94: Office | D94: Barcelona | E94: Scope 1 | F94: C/Tanger 86 | G94: Barcelona | H94: ESP | I94: Spain | J94: MWh | K94: 2.829 | N94: 0.621 | O94: 0.619983 | P94: 0.000355 | Q94: 0.000575 | R94: 0.621 | S94: 0.619983 | T94: 0.000355 | U94: 0.000575 | V94: =YEAR(A94) -> 2023
A95: 44958 | B95: Natural Gas | C95: Office | D95: Barcelona | E95: Scope 1 | F95: C/Tanger 86 | G95: Barcelona | H95: ESP | I95: Spain | J95: MWh | K95: 13.0648 | N95: 2.368 | O95: 2.365359 | P95: 0.001217 | Q95: 0.001328 | R95: 2.368 | S95: 2.365359 | T95: 0.001217 | U95: 0.001328 | V95: =YEAR(A95) -> 2023
A96: 44986 | B96: Diesel | C96: Office | D96: Barcelona | E96: Scope 1 | F96: C/Tanger 86 | G96: Barcelona | H96: ESP | I96: Spain | J96: MWh | K96: 13.696001 | N96: 3.205 | O96: 3.161848 | P96: 0.043235 | Q96: 0.000395 | R96: 3.205 | S96: 3.161848 | T96: 0.043235 | U96: 0.000395 | V96: =YEAR(A96) -> 2023
A97: 44986 | B97: Gas Oil | C97: Office | D97: Barcelona | E97: Scope 1 | F97: C/Tanger 86 | G97: Barcelona | H97: ESP | I97: Spain | J97: MWh | K97: 1.25175 | L97: 303.83 | N97: 0.317 | O97: 0.313581 | P97: 0.003331 | Q97: 0.000386 | R97: 0.317 | S97: 0.313581 | T97: 0.003331 | U97: 0.000386 | V97: =YEAR(A97) -> 2023
A98: 44986 | B98: Gasoline | C98: Office | D98: Barcelona | E98: Scope 1 | F98: C/Tanger 86 | G98: Barcelona | H98: ESP | I98: Spain | J98: MWh | K98: 4.8624 | L98: 812.49 | N98: 1.054 | O98: 1.046846 | P98: 0.003038 | Q98: 0.004312 | R98: 1.054 | S98: 1.046846 | T98: 0.003038 | U98: 0.004312 | V98: =YEAR(A98) -> 2023
A99: 44986 | B99: Gasoline - 87 octane (regular) | C99: Office | D99: Barcelona | E99: Scope 1 | F99: C/Tanger 86 | G99: Barcelona | H99: ESP | I99: Spain | J99: MWh | K99: 5.5233 | L99: 983.84 | N99: 1.197 | O99: 1.189134 | P99: 0.003451 | Q99: 0.004898 | R99: 1.197 | S99: 1.189134 | T99: 0.003451 | U99: 0.004898 | V99: =YEAR(A99) -> 2023
A100: 44986 | B100: Liquefied Petroleum Gas (LPG) | C100: Office | D100: Barcelona | E100: Scope 1 | F100: C/Tanger 86 | G100: Barcelona | H100: ESP | I100: Spain | J100: MWh | K100: 4.323 | N100: 0.949 | O100: 0.947397 | P100: 0.000542 | Q100: 0.000879 | R100: 0.949 | S100: 0.947397 | T100: 0.000542 | U100: 0.000879 | V100: =YEAR(A100) -> 2023
A101: 44986 | B101: Natural Gas | C101: Office | D101: Barcelona | E101: Scope 1 | F101: C/Tanger 86 | G101: Barcelona | H101: ESP | I101: Spain | J101: MWh | K101: 12.6408 | N101: 2.291 | O101: 2.288595 | P101: 0.001178 | Q101: 0.001285 | R101: 2.291 | S101: 2.288595 | T101: 0.001177 | U101: 0.001285 | V101: =YEAR(A101) -> 2023
A102: 45017 | B102: Diesel | C102: Office | D102: Barcelona | E102: Scope 1 | F102: C/Tanger 86 | G102: Barcelona | H102: ESP | I102: Spain | J102: MWh | K102: 9.867001 | N102: 2.309 | O102: 2.277888 | P102: 0.031147 | Q102: 0.000285 | R102: 2.309 | S102: 2.277888 | T102: 0.031147 | U102: 0.000285 | V102: =YEAR(A102) -> 2023
A103: 45017 | B103: Gas Oil | C103: Office | D103: Barcelona | E103: Scope 1 | F103: C/Tanger 86 | G103: Barcelona | H103: ESP | I103: Spain | J103: MWh | K103: 1.0416 | L103: 280.9 | N103: 0.264 | O103: 0.260936 | P103: 0.002772 | Q103: 0.000321 | R103: 0.264 | S103: 0.260936 | T103: 0.002772 | U103: 0.000321 | V103: =YEAR(A103) -> 2023
A104: 45017 | B104: Gasoline | C104: Office | D104: Barcelona | E104: Scope 1 | F104: C/Tanger 86 | G104: Barcelona | H104: ESP | I104: Spain | J104: MWh | K104: 4.2226 | L104: 713.24 | N104: 0.915 | O104: 0.909101 | P104: 0.002638 | Q104: 0.003745 | R104: 0.915 | S104: 0.909101 | T104: 0.002638 | U104: 0.003745 | V104: =YEAR(A104) -> 2023
A105: 45017 | B105: Gasoline - 87 octane (regular) | C105: Office | D105: Barcelona | E105: Scope 1 | F105: C/Tanger 86 | G105: Barcelona | H105: ESP | I105: Spain | J105: MWh | K105: 4.50525 | L105: 813.37 | N105: 0.977 | O105: 0.969953 | P105: 0.002815 | Q105: 0.003995 | R105: 0.977 | S105: 0.969953 | T105: 0.002815 | U105: 0.003995 | V105: =YEAR(A105) -> 2023
A106: 45017 | B106: Liquefied Petroleum Gas (LPG) | C106: Office | D106: Barcelona | E106: Scope 1 | F106: C/Tanger 86 | G106: Barcelona | H106: ESP | I106: Spain | J106: MWh | K106: 3.525 | N106: 0.774 | O106: 0.772513 | P106: 0.000442 | Q106: 0.000717 | R106: 0.774 | S106: 0.772513 | T106: 0.000442 | U106: 0.000717 | V106: =YEAR(A106) -> 2023
A107: 45017 | B107: Natural Gas | C107: Office | D107: Barcelona | E107: Scope 1 | F107: C/Tanger 86 | G107: Barcelona | H107: ESP | I107: Spain | J107: MWh | K107: 11.2344 | N107: 2.036 | O107: 2.033968 | P107: 0.001046 | Q107: 0.001142 | R107: 2.036 | S107: 2.033968 | T107: 0.001046 | U107: 0.001142 | V107: =YEAR(A107) -> 2023
A108: 45047 | B108: Diesel | C108: Office | D108: Barcelona | E108: Scope 1 | F108: C/Tanger 86 | G108: Barcelona | H108: ESP | I108: Spain | J108: MWh | K108: 11.255001 | N108: 2.634 | O108: 2.598321 | P108: 0.035529 | Q108: 0.000325 | R108: 2.634 | S108: 2.598321 | T108: 0.035529 | U108: 0.000325 | V108: =YEAR(A108) -> 2023
A109: 45047 | B109: Gas Oil | C109: Office | D109: Barcelona | E109: Scope 1 | F109: C/Tanger 86 | G109: Barcelona | H109: ESP | I109: Spain | J109: MWh | K109: 1.258 | N109: 0.319 | O109: 0.315147 | P109: 0.003348 | Q109: 0.000387 | R109: 0.319 | S109: 0.315147 | T109: 0.003348 | U109: 0.000387 | V109: =YEAR(A109) -> 2023
A110: 45047 | B110: Gasoline | C110: Office | D110: Barcelona | E110: Scope 1 | F110: C/Tanger 86 | G110: Barcelona | H110: ESP | I110: Spain | J110: MWh | K110: 4.169 | N110: 0.904 | O110: 0.897561 | P110: 0.002605 | Q110: 0.003697 | R110: 0.904 | S110: 0.897561 | T110: 0.002605 | U110: 0.003697 | V110: =YEAR(A110) -> 2023
A111: 45047 | B111: Gasoline - 87 octane (regular) | C111: Office | D111: Barcelona | E111: Scope 1 | F111: C/Tanger 86 | G111: Barcelona | H111: ESP | I111: Spain | J111: MWh | K111: 4.477 | N111: 0.971 | O111: 0.963871 | P111: 0.002797 | Q111: 0.00397 | R111: 0.971 | S111: 0.963871 | T111: 0.002797 | U111: 0.00397 | V111: =YEAR(A111) -> 2023
A112: 45047 | B112: Natural Gas | C112: Office | D112: Barcelona | E112: Scope 1 | F112: C/Tanger 86 | G112: Barcelona | H112: ESP | I112: Spain | J112: MWh | K112: 13.2056 | N112: 2.393 | O112: 2.390851 | P112: 0.00123 | Q112: 0.001343 | R112: 2.393 | S112: 2.390851 | T112: 0.00123 | U112: 0.001343 | V112: =YEAR(A112) -> 2023
A113: 45078 | B113: Diesel | C113: Office | D113: Barcelona | E113: Scope 1 | F113: C/Tanger 86 | G113: Barcelona | H113: ESP | I113: Spain | J113: MWh | K113: 11.893001 | N113: 2.783 | O113: 2.745609 | P113: 0.037543 | Q113: 0.000343 | R113: 2.783 | S113: 2.745609 | T113: 0.037543 | U113: 0.000343 | V113: =YEAR(A113) -> 2023
A114: 45078 | B114: Gas Oil | C114: Office | D114: Barcelona | E114: Scope 1 | F114: C/Tanger 86 | G114: Barcelona | H114: ESP | I114: Spain | J114: MWh | K114: 1.342 | N114: 0.34 | O114: 0.33619 | P114: 0.003572 | Q114: 0.000413 | R114: 0.34 | S114: 0.33619 | T114: 0.003572 | U114: 0.000413 | V114: =YEAR(A114) -> 2023
A115: 45078 | B115: Gasoline | C115: Office | D115: Barcelona | E115: Scope 1 | F115: C/Tanger 86 | G115: Barcelona | H115: ESP | I115: Spain | J115: MWh | K115: 3.809 | N115: 0.826 | O115: 0.820055 | P115: 0.00238 | Q115: 0.003378 | R115: 0.826 | S115: 0.820055 | T115: 0.00238 | U115: 0.003378 | V115: =YEAR(A115) -> 2023
A116: 45078 | B116: Gasoline - 87 octane (regular) | C116: Office | D116: Barcelona | E116: Scope 1 | F116: C/Tanger 86 | G116: Barcelona | H116: ESP | I116: Spain | J116: MWh | K116: 4.417 | N116: 0.958 | O116: 0.950954 | P116: 0.00276 | Q116: 0.003917 | R116: 0.958 | S116: 0.950954 | T116: 0.00276 | U116: 0.003917 | V116: =YEAR(A116) -> 2023
...

Sheet RA- Water Report
A3: Report Name: | B3: Preview
A4: Custom Report: | B4: Cost and Usage
A5: Service: | B5: Water
A6: Client: | B6: Vantage Specialty Chemicals
A7: Level: | B7: Site
A8: Filters: | B8: Site Status:Active
A9: Date Range: | B9: 1/1/2023 to 12/31/2023
A10: Units of Measure: | B10: Currency:USD, Water:gallons
A12: Service Month | B12: Site Name | C12: Total Cost (USD) | D12: Total Water Usage (gallons) | E12: Unit Cost | F12: Year
A13: 44927 | B13: Agrinsa | C13: 80091.85 | D13: 2.2208429e+08 | E13: 0.0003606371 | F13: =YEAR(A13) -> 2023
A14: 44927 | B14: Barcelona | F14: =YEAR(A14) -> 2023
A15: 44927 | B15: Bogota | F15: =YEAR(A15) -> 2023
A16: 44927 | B16: Buenos Aires | F16: =YEAR(A16) -> 2023
A17: 44927 | B17: Carnegie, PA | D17: 171500 | F17: =YEAR(A17) -> 2023
A18: 44927 | B18: Chicago, IL | F18: =YEAR(A18) -> 2023
A19: 44927 | B19: Dateland | F19: =YEAR(A19) -> 2023
A20: 44927 | B20: Deerfield | F20: =YEAR(A20) -> 2023
A21: 44927 | B21: Englewood, OH | C21: 538.895 | D21: 95050 | E21: 0.0056695949 | F21: =YEAR(A21) -> 2023
A22: 44927 | B22: Fairfield | F22: =YEAR(A22) -> 2023
A23: 44927 | B23: Granollers | F23: =YEAR(A23) -> 2023
A24: 44927 | B24: Gurnee, IL | F24: =YEAR(A24) -> 2023
A25: 44927 | B25: Les Borges | D25: 0 | F25: =YEAR(A25) -> 2023
A26: 44927 | B26: Leuna | F26: =YEAR(A26) -> 2023
A27: 44927 | B27: Linden, NJ | D27: 4000 | F27: =YEAR(A27) -> 2023
A28: 44927 | B28: Mexico City | F28: =YEAR(A28) -> 2023
A29: 44927 | B29: Mumbai | F29: =YEAR(A29) -> 2023
A30: 44927 | B30: Pittsburgh, PA | F30: =YEAR(A30) -> 2023
A31: 44927 | B31: Santiago | F31: =YEAR(A31) -> 2023
A32: 44927 | B32: Sao Paulo | D32: 264.17205 | F32: =YEAR(A32) -> 2023
A33: 44927 | B33: Shanghai | C33: 10.667511 | D33: 3170.0646 | E33: 0.0033650768 | F33: =YEAR(A33) -> 2023
A34: 44927 | B34: South Africa | F34: =YEAR(A34) -> 2023
A35: 44927 | B35: Tucson | D35: 1496.1039 | F35: =YEAR(A35) -> 2023
A36: 44927 | B36: Warren, NJ | F36: =YEAR(A36) -> 2023
A37: 44958 | B37: Agrinsa | C37: 81587.75 | D37: 1.8607986e+08 | E37: 0.0004384555 | F37: =YEAR(A37) -> 2023
A38: 44958 | B38: Barcelona | F38: =YEAR(A38) -> 2023
A39: 44958 | B39: Bogota | F39: =YEAR(A39) -> 2023
A40: 44958 | B40: Buenos Aires | F40: =YEAR(A40) -> 2023
A41: 44958 | B41: Carnegie, PA | D41: 171000 | F41: =YEAR(A41) -> 2023
A42: 44958 | B42: Chicago, IL | F42: =YEAR(A42) -> 2023
A43: 44958 | B43: Dateland | F43: =YEAR(A43) -> 2023
A44: 44958 | B44: Deerfield | F44: =YEAR(A44) -> 2023
A45: 44958 | B45: Englewood, OH | C45: 538.895 | D45: 95050 | E45: 0.0056695949 | F45: =YEAR(A45) -> 2023
A46: 44958 | B46: Fairfield | F46: =YEAR(A46) -> 2023
A47: 44958 | B47: Granollers | F47: =YEAR(A47) -> 2023
A48: 44958 | B48: Gurnee, IL | C48: 3280.68 | D48: 624500 | E48: 0.0052532906 | F48: =YEAR(A48) -> 2023
A49: 44958 | B49: Les Borges | D49: 0 | F49: =YEAR(A49) -> 2023
A50: 44958 | B50: Leuna | F50: =YEAR(A50) -> 2023
A51: 44958 | B51: Linden, NJ | F51: =YEAR(A51) -> 2023
A52: 44958 | B52: Mexico City | F52: =YEAR(A52) -> 2023
A53: 44958 | B53: Mumbai | F53: =YEAR(A53) -> 2023
A54: 44958 | B54: Pittsburgh, PA | F54: =YEAR(A54) -> 2023
A55: 44958 | B55: Santiago | F55: =YEAR(A55) -> 2023
A56: 44958 | B56: Sao Paulo | D56: 792.51616 | F56: =YEAR(A56) -> 2023
A57: 44958 | B57: Shanghai | C57: 6.943066 | D57: 2113.3764 | E57: 0.0032852954 | F57: =YEAR(A57) -> 2023
A58: 44958 | B58: South Africa | F58: =YEAR(A58) -> 2023
A59: 44958 | B59: Tucson | D59: 2244.1558 | F59: =YEAR(A59) -> 2023
A60: 44958 | B60: Warren, NJ | F60: =YEAR(A60) -> 2023
A61: 44986 | B61: Agrinsa | C61: 92651.13 | D61: 1.3523282e+08 | E61: 0.0006851231 | F61: =YEAR(A61) -> 2023
A62: 44986 | B62: Barcelona | F62: =YEAR(A62) -> 2023
A63: 44986 | B63: Bogota | F63: =YEAR(A63) -> 2023
A64: 44986 | B64: Buenos Aires | F64: =YEAR(A64) -> 2023
A65: 44986 | B65: Carnegie, PA | D65: 129500 | F65: =YEAR(A65) -> 2023
A66: 44986 | B66: Chicago, IL | F66: =YEAR(A66) -> 2023
A67: 44986 | B67: Dateland | F67: =YEAR(A67) -> 2023
A68: 44986 | B68: Deerfield | F68: =YEAR(A68) -> 2023
A69: 44986 | B69: Englewood, OH | C69: 466.605 | D69: 82300 | E69: 0.0056695625 | F69: =YEAR(A69) -> 2023
A70: 44986 | B70: Fairfield | F70: =YEAR(A70) -> 2023
A71: 44986 | B71: Granollers | F71: =YEAR(A71) -> 2023
A72: 44986 | B72: Gurnee, IL | C72: 3280.68 | D72: 624500 | E72: 0.0052532906 | F72: =YEAR(A72) -> 2023
A73: 44986 | B73: Les Borges | D73: 47022.625 | F73: =YEAR(A73) -> 2023
A74: 44986 | B74: Leuna | F74: =YEAR(A74) -> 2023
A75: 44986 | B75: Linden, NJ | F75: =YEAR(A75) -> 2023
A76: 44986 | B76: Mexico City | F76: =YEAR(A76) -> 2023
A77: 44986 | B77: Mumbai | F77: =YEAR(A77) -> 2023
A78: 44986 | B78: Pittsburgh, PA | F78: =YEAR(A78) -> 2023
A79: 44986 | B79: Santiago | F79: =YEAR(A79) -> 2023
A80: 44986 | B80: Sao Paulo | D80: 792.51616 | F80: =YEAR(A80) -> 2023
A81: 44986 | B81: Shanghai | C81: 13.018248 | D81: 3962.5808 | E81: 0.0032852952 | F81: =YEAR(A81) -> 2023
A82: 44986 | B82: South Africa | F82: =YEAR(A82) -> 2023
A83: 44986 | B83: Tucson | D83: 2244.1558 | F83: =YEAR(A83) -> 2023
A84: 44986 | B84: Warren, NJ | F84: =YEAR(A84) -> 2023
A85: 45017 | B85: Agrinsa | C85: 73349.59 | D85: 79283079 | E85: 0.0009251607 | F85: =YEAR(A85) -> 2023
A86: 45017 | B86: Barcelona | F86: =YEAR(A86) -> 2023
A87: 45017 | B87: Bogota | F87: =YEAR(A87) -> 2023
A88: 45017 | B88: Buenos Aires | F88: =YEAR(A88) -> 2023
A89: 45017 | B89: Carnegie, PA | D89: 171000 | F89: =YEAR(A89) -> 2023
A90: 45017 | B90: Chicago, IL | F90: =YEAR(A90) -> 2023
A91: 45017 | B91: Dateland | F91: =YEAR(A91) -> 2023
A92: 45017 | B92: Deerfield | F92: =YEAR(A92) -> 2023
A93: 45017 | B93: Englewood, OH | C93: 466.605 | D93: 82300 | E93: 0.0056695625 | F93: =YEAR(A93) -> 2023
A94: 45017 | B94: Fairfield | F94: =YEAR(A94) -> 2023
A95: 45017 | B95: Granollers | F95: =YEAR(A95) -> 2023
A96: 45017 | B96: Gurnee, IL | C96: 16487.91 | D96: 3129500 | E96: 0.0052685444 | F96: =YEAR(A96) -> 2023
A97: 45017 | B97: Les Borges | D97: 0 | F97: =YEAR(A97) -> 2023
A98: 45017 | B98: Leuna | F98: =YEAR(A98) -> 2023
A99: 45017 | B99: Linden, NJ | F99: =YEAR(A99) -> 2023
A100: 45017 | B100: Mexico City | F100: =YEAR(A100) -> 2023
A101: 45017 | B101: Mumbai | F101: =YEAR(A101) -> 2023
A102: 45017 | B102: Pittsburgh, PA | F102: =YEAR(A102) -> 2023
A103: 45017 | B103: Santiago | F103: =YEAR(A103) -> 2023
...

Sheet MB-CarbonMap
A1: Vantage Specialty Chemicals | B1: Vantage Specialty Chemicals | C1: Vantage Specialty Chemicals | D1: Vantage Specialty Chemicals | E1: Vantage Specialty Chemicals | F1: Vantage Specialty Chemicals | G1: Vantage Specialty Chemicals | H1: Vantage Specialty Chemicals | I1: Vantage Specialty Chemicals | J1: Vantage Specialty Chemicals | K1: Vantage Specialty Chemicals | L1: Vantage Specialty Chemicals | M1: Vantage Specialty Chemicals | N1: Vantage Specialty Chemicals | O1: Vantage Specialty Chemicals | P1: Vantage Specialty Chemicals | Q1: Vantage Specialty Chemicals | R1: Vantage Specialty Chemicals
A2: CarbonMap Details | B2: CarbonMap Details | C2: CarbonMap Details | D2: CarbonMap Details | E2: CarbonMap Details | F2: CarbonMap Details | G2: CarbonMap Details | H2: CarbonMap Details | I2: CarbonMap Details | J2: CarbonMap Details | K2: CarbonMap Details | L2: CarbonMap Details | M2: CarbonMap Details | N2: CarbonMap Details | O2: CarbonMap Details | P2: CarbonMap Details | Q2: CarbonMap Details | R2: CarbonMap Details
A3: Division/Group - All, Site(s) - All | B3: Division/Group - All, Site(s) - All | C3: Division/Group - All, Site(s) - All | D3: Division/Group - All, Site(s) - All | E3: Division/Group - All, Site(s) - All | F3: Division/Group - All, Site(s) - All | G3: Division/Group - All, Site(s) - All | H3: Division/Group - All, Site(s) - All | I3: Division/Group - All, Site(s) - All | J3: Division/Group - All, Site(s) - All | K3: Division/Group - All, Site(s) - All | L3: Division/Group - All, Site(s) - All | M3: Division/Group - All, Site(s) - All | N3: Division/Group - All, Site(s) - All | O3: Division/Group - All, Site(s) - All | P3: Division/Group - All, Site(s) - All | Q3: Division/Group - All, Site(s) - All | R3: Division/Group - All, Site(s) - All
A4: CarbonMap Name - Primary: Vantage Specialty Chemical Market-Based Carbon Map (Market-based),CarbonMap Version -CY 2023 | B4: CarbonMap Name - Primary: Vantage Specialty Chemical Market-Based Carbon Map (Market-based),CarbonMap Version -CY 2023 | C4: CarbonMap Name - Primary: Vantage Specialty Chemical Market-Based Carbon Map (Market-based),CarbonMap Version -CY 2023 | D4: CarbonMap Name - Primary: Vantage Specialty Chemical Market-Based Carbon Map (Market-based),CarbonMap Version -CY 2023 | E4: CarbonMap Name - Primary: Vantage Specialty Chemical Market-Based Carbon Map (Market-based),CarbonMap Version -CY 2023 | F4: CarbonMap Name - Primary: Vantage Specialty Chemical Market-Based Carbon Map (Market-based),CarbonMap Version -CY 2023 | G4: CarbonMap Name - Primary: Vantage Specialty Chemical Market-Based Carbon Map (Market-based),CarbonMap Version -CY 2023 | H4: CarbonMap Name - Primary: Vantage Specialty Chemical Market-Based Carbon Map (Market-based),CarbonMap Version -CY 2023 | I4: CarbonMap Name - Primary: Vantage Specialty Chemical Market-Based Carbon Map (Market-based),CarbonMap Version -CY 2023 | J4: CarbonMap Name - Primary: Vantage Specialty Chemical Market-Based Carbon Map (Market-based),CarbonMap Version -CY 2023 | K4: CarbonMap Name - Primary: Vantage Specialty Chemical Market-Based Carbon Map (Market-based),CarbonMap Version -CY 2023 | L4: CarbonMap Name - Primary: Vantage Specialty Chemical Market-Based Carbon Map (Market-based),CarbonMap Version -CY 2023 | M4: CarbonMap Name - Primary: Vantage Specialty Chemical Market-Based Carbon Map (Market-based),CarbonMap Version -CY 2023 | N4: CarbonMap Name - Primary: Vantage Specialty Chemical Market-Based Carbon Map (Market-based),CarbonMap Version -CY 2023 | O4: CarbonMap Name - Primary: Vantage Specialty Chemical Market-Based Carbon Map (Market-based),CarbonMap Version -CY 2023 | P4: CarbonMap Name - Primary: Vantage Specialty Chemical Market-Based Carbon Map (Market-based),CarbonMap Version -CY 2023 | Q4: CarbonMap Name - Primary: Vantage Specialty Chemical Market-Based Carbon Map (Market-based),CarbonMap Version -CY 2023 | R4: CarbonMap Name - Primary: Vantage Specialty Chemical Market-Based Carbon Map (Market-based),CarbonMap Version -CY 2023
A5: Note : all values CO2-e (The emission factors below are displayed as CO2-equivalents. Global Warming Potential (GWP) has been applied to the native pollutant emission factors.) | B5: Note : all values CO2-e (The emission factors below are displayed as CO2-equivalents. Global Warming Potential (GWP) has been applied to the native pollutant emission factors.) | C5: Note : all values CO2-e (The emission factors below are displayed as CO2-equivalents. Global Warming Potential (GWP) has been applied to the native pollutant emission factors.) | D5: Note : all values CO2-e (The emission factors below are displayed as CO2-equivalents. Global Warming Potential (GWP) has been applied to the native pollutant emission factors.) | E5: Note : all values CO2-e (The emission factors below are displayed as CO2-equivalents. Global Warming Potential (GWP) has been applied to the native pollutant emission factors.) | F5: Note : all values CO2-e (The emission factors below are displayed as CO2-equivalents. Global Warming Potential (GWP) has been applied to the native pollutant emission factors.) | G5: Note : all values CO2-e (The emission factors below are displayed as CO2-equivalents. Global Warming Potential (GWP) has been applied to the native pollutant emission factors.) | H5: Note : all values CO2-e (The emission factors below are displayed as CO2-equivalents. Global Warming Potential (GWP) has been applied to the native pollutant emission factors.) | I5: Note : all values CO2-e (The emission factors below are displayed as CO2-equivalents. Global Warming Potential (GWP) has been applied to the native pollutant emission factors.) | J5: Note : all values CO2-e (The emission factors below are displayed as CO2-equivalents. Global Warming Potential (GWP) has been applied to the native pollutant emission factors.) | K5: Note : all values CO2-e (The emission factors below are displayed as CO2-equivalents. Global Warming Potential (GWP) has been applied to the native pollutant emission factors.) | L5: Note : all values CO2-e (The emission factors below are displayed as CO2-equivalents. Global Warming Potential (GWP) has been applied to the native pollutant emission factors.) | M5: Note : all values CO2-e (The emission factors below are displayed as CO2-equivalents. Global Warming Potential (GWP) has been applied to the native pollutant emission factors.) | N5: Note : all values CO2-e (The emission factors below are displayed as CO2-equivalents. Global Warming Potential (GWP) has been applied to the native pollutant emission factors.) | O5: Note : all values CO2-e (The emission factors below are displayed as CO2-equivalents. Global Warming Potential (GWP) has been applied to the native pollutant emission factors.) | P5: Note : all values CO2-e (The emission factors below are displayed as CO2-equivalents. Global Warming Potential (GWP) has been applied to the native pollutant emission factors.) | Q5: Note : all values CO2-e (The emission factors below are displayed as CO2-equivalents. Global Warming Potential (GWP) has been applied to the native pollutant emission factors.) | R5: Note : all values CO2-e (The emission factors below are displayed as CO2-equivalents. Global Warming Potential (GWP) has been applied to the native pollutant emission factors.)
A6: Division | B6: Site | C6: Region/Utility | D6: Scope | E6: Frequency | F6: Source | G6: Units | H6: Emission Factor Set | I6: Emission Factor Version | J6: CO2 | K6: CH4 | L6: N2O | M6: HFC | N6: PFC | O6: SF6 | P6: NF3 | Q6: Comments | R6: As of Year
A7: Farm | B7: Agrinsa | C7: Non Regional | D7: Scope 1 | E7: Monthly | F7: Diesel | G7: grams/liters | H7: Department for Environment Food and Rural Affairs (DEFRA) | I7: 2023 Guideline to DEFRA | J7: 2478.87 | K7: 0.30992 | L7: 33.89568 | Q7: The 2023 GHG Conversion factors are suitable for all UK based organisations, and international organisations with a UK operations footprint. Expiration Date: 7/31/2024 | R7: 2023
A8: Farm | B8: Dateland | C8: Non Regional | D8: Scope 1 | E8: Monthly | F8: Diesel | G8: grams/liters | H8: Department for Environment Food and Rural Affairs (DEFRA) | I8: 2023 Guideline to DEFRA | J8: 2478.87 | K8: 0.30992 | L8: 33.89568 | Q8: The 2023 GHG Conversion factors are suitable for all UK based organisations, and international organisations with a UK operations footprint. Expiration Date: 7/31/2024 | R8: 2023
A9: Food | B9: Pittsburgh, PA | C9: Non Regional | D9: Scope 1 | E9: Monthly | F9: Diesel | G9: grams/liters | H9: Department for Environment Food and Rural Affairs (DEFRA) | I9: 2023 Guideline to DEFRA | J9: 2478.87 | K9: 0.30992 | L9: 33.89568 | Q9: The 2023 GHG Conversion factors are suitable for all UK based organisations, and international organisations with a UK operations footprint. Expiration Date: 7/31/2024 | R9: 2023
A10: Manufacturing | B10: Carnegie, PA | C10: Non Regional | D10: Scope 1 | E10: Monthly | F10: Diesel | G10: grams/liters | H10: Department for Environment Food and Rural Affairs (DEFRA) | I10: 2023 Guideline to DEFRA | J10: 2478.87 | K10: 0.30992 | L10: 33.89568 | Q10: The 2023 GHG Conversion factors are suitable for all UK based organisations, and international organisations with a UK operations footprint. Expiration Date: 7/31/2024 | R10: 2023
A11: Manufacturing | B11: Chicago, IL | C11: Non Regional | D11: Scope 1 | E11: Monthly | F11: Diesel | G11: grams/liters | H11: Department for Environment Food and Rural Affairs (DEFRA) | I11: 2023 Guideline to DEFRA | J11: 2478.87 | K11: 0.30992 | L11: 33.89568 | Q11: The 2023 GHG Conversion factors are suitable for all UK based organisations, and international organisations with a UK operations footprint. Expiration Date: 7/31/2024 | R11: 2023
A12: Manufacturing | B12: Englewood, OH | C12: Non Regional | D12: Scope 1 | E12: Monthly | F12: Diesel | G12: grams/liters | H12: Department for Environment Food and Rural Affairs (DEFRA) | I12: 2023 Guideline to DEFRA | J12: 2478.87 | K12: 0.30992 | L12: 33.89568 | Q12: The 2023 GHG Conversion factors are suitable for all UK based organisations, and international organisations with a UK operations footprint. Expiration Date: 7/31/2024 | R12: 2023
A13: Manufacturing | B13: Fairfield | C13: Non Regional | D13: Scope 1 | E13: Monthly | F13: Diesel | G13: grams/liters | H13: Department for Environment Food and Rural Affairs (DEFRA) | I13: 2023 Guideline to DEFRA | J13: 2478.87 | K13: 0.30992 | L13: 33.89568 | Q13: The 2023 GHG Conversion factors are suitable for all UK based organisations, and international organisations with a UK operations footprint. Expiration Date: 7/31/2024 | R13: 2023
A14: Manufacturing | B14: Gurnee, IL | C14: Non Regional | D14: Scope 1 | E14: Monthly | F14: Diesel | G14: grams/liters | H14: Department for Environment Food and Rural Affairs (DEFRA) | I14: 2023 Guideline to DEFRA | J14: 2478.87 | K14: 0.30992 | L14: 33.89568 | Q14: The 2023 GHG Conversion factors are suitable for all UK based organisations, and international organisations with a UK operations footprint. Expiration Date: 7/31/2024 | R14: 2023
A15: Manufacturing | B15: Les Borges | C15: Non Regional | D15: Scope 1 | E15: Monthly | F15: Diesel | G15: grams/liters | H15: Department for Environment Food and Rural Affairs (DEFRA) | I15: 2023 Guideline to DEFRA | J15: 2478.87 | K15: 0.30992 | L15: 33.89568 | Q15: The 2023 GHG Conversion factors are suitable for all UK based organisations, and international organisations with a UK operations footprint. Expiration Date: 7/31/2024 | R15: 2023
A16: Manufacturing | B16: Leuna | C16: Non Regional | D16: Scope 1 | E16: Monthly | F16: Diesel | G16: grams/liters | H16: Department for Environment Food and Rural Affairs (DEFRA) | I16: 2023 Guideline to DEFRA | J16: 2478.87 | K16: 0.30992 | L16: 33.89568 | Q16: The 2023 GHG Conversion factors are suitable for all UK based organisations, and international organisations with a UK operations footprint. Expiration Date: 7/31/2024 | R16: 2023
A17: Manufacturing | B17: Tucson | C17: Non Regional | D17: Scope 1 | E17: Monthly | F17: Diesel | G17: grams/liters | H17: Department for Environment Food and Rural Affairs (DEFRA) | I17: 2023 Guideline to DEFRA | J17: 2478.87 | K17: 0.30992 | L17: 33.89568 | Q17: The 2023 GHG Conversion factors are suitable for all UK based organisations, and international organisations with a UK operations footprint. Expiration Date: 7/31/2024 | R17: 2023
A18: Office | B18: Barcelona | C18: Non Regional | D18: Scope 1 | E18: Monthly | F18: Diesel | G18: grams/liters | H18: Department for Environment Food and Rural Affairs (DEFRA) | I18: 2023 Guideline to DEFRA | J18: 2478.87 | K18: 0.30992 | L18: 33.89568 | Q18: The 2023 GHG Conversion factors are suitable for all UK based organisations, and international organisations with a UK operations footprint. Expiration Date: 7/31/2024 | R18: 2023
... A30: Warehouse | B30: South Africa | C30: Non Regional | D30: Scope 1 | E30: Monthly | F30: Diesel | G30: grams/liters | H30: Department for Environment Food and Rural Affairs (DEFRA) | I30: 2023 Guideline to DEFRA | J30: 2478.87 | K30: 0.30992 | L30: 33.89568 | Q30: The 2023 GHG Conversion factors are suitable for all UK based organisations, and international organisations with a UK operations footprint. Expiration Date: 7/31/2024 | R30: 2023
A31: Farm | B31: Agrinsa | C31: - | D31: Scope 1 | E31: Monthly | F31: Diesel - Clear Diesel | G31: grams/liters | H31: Manual | I31: Manual | J31: 2478.87 | K31: 0.30992 | L31: 33.89568 | Q31: Manual input from DEFRA Diesel factors 2023 | R31: -
A32: Farm | B32: Dateland | C32: - | D32: Scope 1 | E32: Monthly | F32: Diesel - Clear Diesel | G32: grams/liters | H32: Manual | I32: Manual | J32: 2478.87 | K32: 0.30992 | L32: 33.89568 | Q32: Manual input from DEFRA Diesel factors 2023 | R32: -
A33: Food | B33: Pittsburgh, PA | C33: - | D33: Scope 1 | E33: Monthly | F33: Diesel - Clear Diesel | G33: grams/liters | H33: Manual | I33: Manual | J33: 2478.87 | K33: 0.30992 | L33: 33.89568 | Q33: Manual input from DEFRA Diesel factors 2023 | R33: -
A34: Manufacturing | B34: Carnegie, PA | C34: - | D34: Scope 1 | E34: Monthly | F34: Diesel - Clear Diesel | G34: grams/liters | H34: Manual | I34: Manual | J34: 2478.87 | K34: 0.30992 | L34: 33.89568 | Q34: Manual input from DEFRA Diesel factors 2023 | R34: -
A35: Manufacturing | B35: Chicago, IL | C35: - | D35: Scope 1 | E35: Monthly | F35: Diesel - Clear Diesel | G35: grams/liters | H35: Manual | I35: Manual | J35: 2478.87 | K35: 0.30992 | L35: 33.89568 | Q35: Manual input from DEFRA Diesel factors 2023 | R35: -
A36: Manufacturing | B36: Englewood, OH | C36: - | D36: Scope 1 | E36: Monthly | F36: Diesel - Clear Diesel | G36: grams/liters | H36: Manual | I36: Manual | J36: 2478.87 | K36: 0.30992 | L36: 33.89568 | Q36: Manual input from DEFRA Diesel factors 2023 | R36: -
A37: Manufacturing | B37: Fairfield | C37: - | D37: Scope 1 | E37: Monthly | F37: Diesel - Clear Diesel | G37: grams/liters | H37: Manual | I37: Manual | J37: 2478.87 | K37: 0.30992 | L37: 33.89568 | Q37: Manual input from DEFRA Diesel factors 2023 | R37: -
A38: Manufacturing | B38: Gurnee, IL | C38: - | D38: Scope 1 | E38: Monthly | F38: Diesel - Clear Diesel | G38: grams/liters | H38: Manual | I38: Manual | J38: 2478.87 | K38: 0.30992 | L38: 33.89568 | Q38: Manual input from DEFRA Diesel factors 2023 | R38: -
A39: Manufacturing | B39: Les Borges | C39: - | D39: Scope 1 | E39: Monthly | F39: Diesel - Clear Diesel | G39: grams/liters | H39: Manual | I39: Manual | J39: 2478.87 | K39: 0.30992 | L39: 33.89568 | Q39: Manual input from DEFRA Diesel factors 2023 | R39: -
A40: Manufacturing | B40: Leuna | C40: - | D40: Scope 1 | E40: Monthly | F40: Diesel - Clear Diesel | G40: grams/liters | H40: Manual | I40: Manual | J40: 2478.87 | K40: 0.30992 | L40: 33.89568 | Q40: Manual input from DEFRA Diesel factors 2023 | R40: -
A41: Manufacturing | B41: Tucson | C41: - | D41: Scope 1 | E41: Monthly | F41: Diesel - Clear Diesel | G41: grams/liters | H41: Manual | I41: Manual | J41: 2478.87 | K41: 0.30992 | L41: 33.89568 | Q41: Manual input from DEFRA Diesel factors 2023 | R41: -
A42: Office | B42: Barcelona | C42: - | D42: Scope 1 | E42: Monthly | F42: Diesel - Clear Diesel | G42: grams/liters | H42: Manual | I42: Manual | J42: 2478.87 | K42: 0.30992 | L42: 33.89568 | Q42: Manual input from DEFRA Diesel factors 2023 | R42: -
... A54: Warehouse | B54: South Africa | C54: - | D54: Scope 1 | E54: Monthly | F54: Diesel - Clear Diesel | G54: grams/liters | H54: Manual | I54: Manual | J54: 2478.87 | K54: 0.30992 | L54: 33.89568 | Q54: Manual input from DEFRA Diesel factors 2023 | R54: -
A55: Farm | B55: Agrinsa | C55: Non Regional | D55: Scope 1 | E55: Monthly | F55: Diesel - Ultra Low Sulfur Diesel (ULSD) | G55: grams/liters | H55: Department for Environment Food and Rural Affairs (DEFRA) | I55: 2023 Guideline to DEFRA | J55: 2478.87 | K55: 0.30992 | L55: 33.89568 | Q55: The 2023 GHG Conversion factors are suitable for all UK based organisations, and international organisations with a UK operations footprint. Expiration Date: 7/31/2024 | R55: 2023
A56: Farm | B56: Dateland | C56: Non Regional | D56: Scope 1 | E56: Monthly | F56: Diesel - Ultra Low Sulfur Diesel (ULSD) | G56: grams/liters | H56: Department for Environment Food and Rural Affairs (DEFRA) | I56: 2023 Guideline to DEFRA | J56: 2478.87 | K56: 0.30992 | L56: 33.89568 | Q56: The 2023 GHG Conversion factors are suitable for all UK based organisations, and international organisations with a UK operations footprint. Expiration Date: 7/31/2024 | R56: 2023
A57: Food | B57: Pittsburgh, PA | C57: Non Regional | D57: Scope 1 | E57: Monthly | F57: Diesel - Ultra Low Sulfur Diesel (ULSD) | G57: grams/liters | H57: Department for Environment Food and Rural Affairs (DEFRA) | I57: 2023 Guideline to DEFRA | J57: 2478.87 | K57: 0.30992 | L57: 33.89568 | Q57: The 2023 GHG Conversion factors are suitable for all UK based organisations, and international organisations with a UK operations footprint. Expiration Date: 7/31/2024 | R57: 2023
A58: Manufacturing | B58: Carnegie, PA | C58: Non Regional | D58: Scope 1 | E58: Monthly | F58: Diesel - Ultra Low Sulfur Diesel (ULSD) | G58: grams/liters | H58: Department for Environment Food and Rural Affairs (DEFRA) | I58: 2023 Guideline to DEFRA | J58: 2478.87 | K58: 0.30992 | L58: 33.89568 | Q58: The 2023 GHG Conversion factors are suitable for all UK based organisations, and international organisations with a UK operations footprint. Expiration Date: 7/31/2024 | R58: 2023
A59: Manufacturing | B59: Chicago, IL | C59: Non Regional | D59: Scope 1 | E59: Monthly | F59: Diesel - Ultra Low Sulfur Diesel (ULSD) | G59: grams/liters | H59: Department for Environment Food and Rural Affairs (DEFRA) | I59: 2023 Guideline to DEFRA | J59: 2478.87 | K59: 0.30992 | L59: 33.89568 | Q59: The 2023 GHG Conversion factors are suitable for all UK based organisations, and international organisations with a UK operations footprint. Expiration Date: 7/31/2024 | R59: 2023
A60: Manufacturing | B60: Englewood, OH | C60: Non Regional | D60: Scope 1 | E60: Monthly | F60: Diesel - Ultra Low Sulfur Diesel (ULSD) | G60: grams/liters | H60: Department for Environment Food and Rural Affairs (DEFRA) | I60: 2023 Guideline to DEFRA | J60: 2478.87 | K60: 0.30992 | L60: 33.89568 | Q60: The 2023 GHG Conversion factors are suitable for all UK based organisations, and international organisations with a UK operations footprint. Expiration Date: 7/31/2024 | R60: 2023
A61: Manufacturing | B61: Fairfield | C61: Non Regional | D61: Scope 1 | E61: Monthly | F61: Diesel - Ultra Low Sulfur Diesel (ULSD) | G61: grams/liters | H61: Department for Environment Food and Rural Affairs (DEFRA) | I61: 2023 Guideline to DEFRA | J61: 2478.87 | K61: 0.30992 | L61: 33.89568 | Q61: The 2023 GHG Conversion factors are suitable for all UK based organisations, and international organisations with a UK operations footprint. Expiration Date: 7/31/2024 | R61: 2023
A62: Manufacturing | B62: Gurnee, IL | C62: Non Regional | D62: Scope 1 | E62: Monthly | F62: Diesel - Ultra Low Sulfur Diesel (ULSD) | G62: grams/liters | H62: Department for Environment Food and Rural Affairs (DEFRA) | I62: 2023 Guideline to DEFRA | J62: 2478.87 | K62: 0.30992 | L62: 33.89568 | Q62: The 2023 GHG Conversion factors are suitable for all UK based organisations, and international organisations with a UK operations footprint. Expiration Date: 7/31/2024 | R62: 2023
A63: Manufacturing | B63: Les Borges | C63: Non Regional | D63: Scope 1 | E63: Monthly | F63: Diesel - Ultra Low Sulfur Diesel (ULSD) | G63: grams/liters | H63: Department for Environment Food and Rural Affairs (DEFRA) | I63: 2023 Guideline to DEFRA | J63: 2478.87 | K63: 0.30992 | L63: 33.89568 | Q63: The 2023 GHG Conversion factors are suitable for all UK based organisations, and international organisations with a UK operations footprint. Expiration Date: 7/31/2024 | R63: 2023
A64: Manufacturing | B64: Leuna | C64: Non Regional | D64: Scope 1 | E64: Monthly | F64: Diesel - Ultra Low Sulfur Diesel (ULSD) | G64: grams/liters | H64: Department for Environment Food and Rural Affairs (DEFRA) | I64: 2023 Guideline to DEFRA | J64: 2478.87 | K64: 0.30992 | L64: 33.89568 | Q64: The 2023 GHG Conversion factors are suitable for all UK based organisations, and international organisations with a UK operations footprint. Expiration Date: 7/31/2024 | R64: 2023
A65: Manufacturing | B65: Tucson | C65: Non Regional | D65: Scope 1 | E65: Monthly | F65: Diesel - Ultra Low Sulfur Diesel (ULSD) | G65: grams/liters | H65: Department for Environment Food and Rural Affairs (DEFRA) | I65: 2023 Guideline to DEFRA | J65: 2478.87 | K65: 0.30992 | L65: 33.89568 | Q65: The 2023 GHG Conversion factors are suitable for all UK based organisations, and international organisations with a UK operations footprint. Expiration Date: 7/31/2024 | R65: 2023
A66: Office | B66: Barcelona | C66: Non Regional | D66: Scope 1 | E66: Monthly | F66: Diesel - Ultra Low Sulfur Diesel (ULSD) | G66: grams/liters | H66: Department for Environment Food and Rural Affairs (DEFRA) | I66: 2023 Guideline to DEFRA | J66: 2478.87 | K66: 0.30992 | L66: 33.89568 | Q66: The 2023 GHG Conversion factors are suitable for all UK based organisations, and international organisations with a UK operations footprint. Expiration Date: 7/31/2024 | R66: 2023
... A78: Warehouse | B78: South Africa | C78: Non Regional | D78: Scope 1 | E78: Monthly | F78: Diesel - Ultra Low Sulfur Diesel (ULSD) | G78: grams/liters | H78: Department for Environment Food and Rural Affairs (DEFRA) | I78: 2023 Guideline to DEFRA | J78: 2478.87 | K78: 0.30992 | L78: 33.89568 | Q78: The 2023 GHG Conversion factors are suitable for all UK based organisations, and international organisations with a UK operations footprint. Expiration Date: 7/31/2024 | R78: 2023
A79: Farm | B79: Agrinsa | C79: Non Regional | D79: Scope 1 | E79: Monthly | F79: Dry Ice | G79: metric tons/mtons CO2-e | H79: 1 to 1 EF set | I79: 1 to 1 | J79: 1 | Q79: Where data is provided/loaded as pre-calculated emissions. Therefore 1:1 ratio is applied. Emissions calculation information would be provided by client and/or third-party documentation. | R79: -
A80: Farm | B80: Dateland | C80: Non Regional | D80: Scope 1 | E80: Monthly | F80: Dry Ice | G80: metric tons/mtons CO2-e | H80: 1 to 1 EF set | I80: 1 to 1 | J80: 1 | Q80: Where data is provided/loaded as pre-calculated emissions. Therefore 1:1 ratio is applied. Emissions calculation information would be provided by client and/or third-party documentation. | R80: -
A81: Food | B81: Pittsburgh, PA | C81: Non Regional | D81: Scope 1 | E81: Monthly | F81: Dry Ice | G81: metric tons/mtons CO2-e | H81: 1 to 1 EF set | I81: 1 to 1 | J81: 1 | Q81: Where data is provided/loaded as pre-calculated emissions. Therefore 1:1 ratio is applied. Emissions calculation information would be provided by client and/or third-party documentation. | R81: -
A82: Manufacturing | B82: Carnegie, PA | C82: Non Regional | D82: Scope 1 | E82: Monthly | F82: Dry Ice | G82: metric tons/mtons CO2-e | H82: 1 to 1 EF set | I82: 1 to 1 | J82: 1 | Q82: Where data is provided/loaded as pre-calculated emissions. Therefore 1:1 ratio is applied. Emissions calculation information would be provided by client and/or third-party documentation. | R82: -
A83: Manufacturing | B83: Chicago, IL | C83: Non Regional | D83: Scope 1 | E83: Monthly | F83: Dry Ice | G83: metric tons/mtons CO2-e | H83: 1 to 1 EF set | I83: 1 to 1 | J83: 1 | Q83: Where data is provided/loaded as pre-calculated emissions. Therefore 1:1 ratio is applied. Emissions calculation information would be provided by client and/or third-party documentation. | R83: -
A84: Manufacturing | B84: Englewood, OH | C84: Non Regional | D84: Scope 1 | E84: Monthly | F84: Dry Ice | G84: metric tons/mtons CO2-e | H84: 1 to 1 EF set | I84: 1 to 1 | J84: 1 | Q84: Where data is provided/loaded as pre-calculated emissions. Therefore 1:1 ratio is applied. Emissions calculation information would be provided by client and/or third-party documentation. | R84: -
A85: Manufacturing | B85: Fairfield | C85: Non Regional | D85: Scope 1 | E85: Monthly | F85: Dry Ice | G85: metric tons/mtons CO2-e | H85: 1 to 1 EF set | I85: 1 to 1 | J85: 1 | Q85: Where data is provided/loaded as pre-calculated emissions. Therefore 1:1 ratio is applied. Emissions calculation information would be provided by client and/or third-party documentation. | R85: -
A86: Manufacturing | B86: Gurnee, IL | C86: Non Regional | D86: Scope 1 | E86: Monthly | F86: Dry Ice | G86: metric tons/mtons CO2-e | H86: 1 to 1 EF set | I86: 1 to 1 | J86: 1 | Q86: Where data is provided/loaded as pre-calculated emissions. Therefore 1:1 ratio is applied. Emissions calculation information would be provided by client and/or third-party documentation. | R86: -
A87: Manufacturing | B87: Les Borges | C87: Non Regional | D87: Scope 1 | E87: Monthly | F87: Dry Ice | G87: metric tons/mtons CO2-e | H87: 1 to 1 EF set | I87: 1 to 1 | J87: 1 | Q87: Where data is provided/loaded as pre-calculated emissions. Therefore 1:1 ratio is applied. Emissions calculation information would be provided by client and/or third-party documentation. | R87: -
A88: Manufacturing | B88: Leuna | C88: Non Regional | D88: Scope 1 | E88: Monthly | F88: Dry Ice | G88: metric tons/mtons CO2-e | H88: 1 to 1 EF set | I88: 1 to 1 | J88: 1 | Q88: Where data is provided/loaded as pre-calculated emissions. Therefore 1:1 ratio is applied. Emissions calculation information would be provided by client and/or third-party documentation. | R88: -
A89: Manufacturing | B89: Tucson | C89: Non Regional | D89: Scope 1 | E89: Monthly | F89: Dry Ice | G89: metric tons/mtons CO2-e | H89: 1 to 1 EF set | I89: 1 to 1 | J89: 1 | Q89: Where data is provided/loaded as pre-calculated emissions. Therefore 1:1 ratio is applied. Emissions calculation information would be provided by client and/or third-party documentation. | R89: -
A90: Office | B90: Barcelona | C90: Non Regional | D90: Scope 1 | E90: Monthly | F90: Dry Ice | G90: metric tons/mtons CO2-e | H90: 1 to 1 EF set | I90: 1 to 1 | J90: 1 | Q90: Where data is provided/loaded as pre-calculated emissions. Therefore 1:1 ratio is applied. Emissions calculation information would be provided by client and/or third-party documentation. | R90: -
... A102: Warehouse | B102: South Africa | C102: Non Regional | D102: Scope 1 | E102: Monthly | F102: Dry Ice | G102: metric tons/mtons CO2-e | H102: 1 to 1 EF set | I102: 1 to 1 | J102: 1 | Q102: Where data is provided/loaded as pre-calculated emissions. Therefore 1:1 ratio is applied. Emissions calculation information would be provided by client and/or third-party documentation. | R102: -
A103: Farm | B103: Agrinsa | C103: - | D103: Scope 1 | E103: Monthly | F103: Fertilizer | G103: metric tons/mtons CO2-e | H103: Manual | I103: Manual | J103: 1 | R103: -
A104: Farm | B104: Dateland | C104: - | D104: Scope 1 | E104: Monthly | F104: Fertilizer | G104: metric tons/mtons CO2-e | H104: Manual | I104: Manual | J104: 1 | R104: -
A105: Food | B105: Pittsburgh, PA | C105: - | D105: Scope 1 | E105: Monthly | F105: Fertilizer | G105: metric tons/mtons CO2-e | H105: Manual | I105: Manual | J105: 1 | R105: -
A106: Manufacturing | B106: Carnegie, PA | C106: - | D106: Scope 1 | E106: Monthly | F106: Fertilizer | G106: metric tons/mtons CO2-e | H106: Manual | I106: Manual | J106: 1 | R106: -
A107: Manufacturing | B107: Chicago, IL | C107: - | D107: Scope 1 | E107: Monthly | F107: Fertilizer | G107: metric tons/mtons CO2-e | H107: Manual | I107: Manual | J107: 1 | R107: -
A108: Manufacturing | B108: Englewood, OH | C108: - | D108: Scope 1 | E108: Monthly | F108: Fertilizer | G108: metric tons/mtons CO2-e | H108: Manual | I108: Manual | J108: 1 | R108: -
A109: Manufacturing | B109: Fairfield | C109: - | D109: Scope 1 | E109: Monthly | F109: Fertilizer | G109: metric tons/mtons CO2-e | H109: Manual | I109: Manual | J109: 1 | R109: -
A110: Manufacturing | B110: Gurnee, IL | C110: - | D110: Scope 1 | E110: Monthly | F110: Fertilizer | G110: metric tons/mtons CO2-e | H110: Manual | I110: Manual | J110: 1 | R110: -
A111: Manufacturing | B111: Les Borges | C111: - | D111: Scope 1 | E111: Monthly | F111: Fertilizer | G111: metric tons/mtons CO2-e | H111: Manual | I111: Manual | J111: 1 | R111: -
A112: Manufacturing | B112: Leuna | C112: - | D112: Scope 1 | E112: Monthly | F112: Fertilizer | G112: metric tons/mtons CO2-e | H112: Manual | I112: Manual | J112: 1 | R112: -
A113: Manufacturing | B113: Tucson | C113: - | D113: Scope 1 | E113: Monthly | F113: Fertilizer | G113: metric tons/mtons CO2-e | H113: Manual | I113: Manual | J113: 1 | R113: -
A114: Office | B114: Barcelona | C114: - | D114: Scope 1 | E114: Monthly | F114: Fertilizer | G114: metric tons/mtons CO2-e | H114: Manual | I114: Manual | J114: 1 | R114: -
... A126: Warehouse | B126: South Africa | C126: - | D126: Scope 1 | E126: Monthly | F126: Fertilizer | G126: metric tons/mtons CO2-e | H126: Manual | I126: Manual | J126: 1 | R126: -
A127: Farm | B127: Agrinsa | C127: Non Regional | D127: Scope 1 | E127: Monthly | F127: Gas Oil | G127: grams/liters | H127: Department for Environment Food and Rural Affairs (DEFRA) | I127: 2023 Guideline to DEFRA | J127: 2724.17 | K127: 3.34952 | L127: 28.94073 | Q127: The 2023 GHG Conversion factors are suitable for all UK based organisations, and international organisations with a UK operations footprint. Expiration Date: 7/31/2024 | R127: 2023
A128: Farm | B128: Dateland | C128: Non Regional | D128: Scope 1 | E128: Monthly | F128: Gas Oil | G128: grams/liters | H128: Department for Environment Food and Rural Affairs (DEFRA) | I128: 2023 Guideline to DEFRA | J128: 2724.17 | K128: 3.34952 | L128: 28.94073 | Q128: The 2023 GHG Conversion factors are suitable for all UK based organisations, and international organisations with a UK operations footprint. Expiration Date: 7/31/2024 | R128: 2023
A129: Food | B129: Pittsburgh, PA | C129: Non Regional | D129: Scope 1 | E129: Monthly | F129: Gas Oil | G129: grams/liters | H129: Department for Environment Food and Rural Affairs (DEFRA) | I129: 2023 Guideline to DEFRA | J129: 2724.17 | K129: 3.34952 | L129: 28.94073 | Q129: The 2023 GHG Conversion factors are suitable for all UK based organisations, and international organisations with a UK operations footprint. Expiration Date: 7/31/2024 | R129: 2023
A130: Manufacturing | B130: Carnegie, PA | C130: Non Regional | D130: Scope 1 | E130: Monthly | F130: Gas Oil | G130: grams/liters | H130: Department for Environment Food and Rural Affairs (DEFRA) | I130: 2023 Guideline to DEFRA | J130: 2724.17 | K130: 3.34952 | L130: 28.94073 | Q130: The 2023 GHG Conversion factors are suitable for all UK based organisations, and international organisations with a UK operations footprint. Expiration Date: 7/31/2024 | R130: 2023
A131: Manufacturing | B131: Chicago, IL | C131: Non Regional | D131: Scope 1 | E131: Monthly | F131: Gas Oil | G131: grams/liters | H131: Department for Environment Food and Rural Affairs (DEFRA) | I131: 2023 Guideline to DEFRA | J131: 2724.17 | K131: 3.34952 | L131: 28.94073 | Q131: The 2023 GHG Conversion factors are suitable for all UK based organisations, and international organisations with a UK operations footprint. Expiration Date: 7/31/2024 | R131: 2023
A132: Manufacturing | B132: Englewood, OH | C132: Non Regional | D132: Scope 1 | E132: Monthly | F132: Gas Oil | G132: grams/liters | H132: Department for Environment Food and Rural Affairs (DEFRA) | I132: 2023 Guideline to DEFRA | J132: 2724.17 | K132: 3.34952 | L132: 28.94073 | Q132: The 2023 GHG Conversion factors are suitable for all UK based organisations, and international organisations with a UK operations footprint. Expiration Date: 7/31/2024 | R132: 2023
A133: Manufacturing | B133: Fairfield | C133: Non Regional | D133: Scope 1 | E133: Monthly | F133: Gas Oil | G133: grams/liters | H133: Department for Environment Food and Rural Affairs (DEFRA) | I133: 2023 Guideline to DEFRA | J133: 2724.17 | K133: 3.34952 | L133: 28.94073 | Q133: The 2023 GHG Conversion factors are suitable for all UK based organisations, and international organisations with a UK operations footprint. Expiration Date: 7/31/2024 | R133: 2023
A134: Manufacturing | B134: Gurnee, IL | C134: Non Regional | D134: Scope 1 | E134: Monthly | F134: Gas Oil | G134: grams/liters | H134: Department for Environment Food and Rural Affairs (DEFRA) | I134: 2023 Guideline to DEFRA | J134: 2724.17 | K134: 3.34952 | L134: 28.94073 | Q134: The 2023 GHG Conversion factors are suitable for all UK based organisations, and international organisations with a UK operations footprint. Expiration Date: 7/31/2024 | R134: 2023
A135: Manufacturing | B135: Les Borges | C135: Non Regional | D135: Scope 1 | E135: Monthly | F135: Gas Oil | G135: grams/liters | H135: Department for Environment Food and Rural Affairs (DEFRA) | I135: 2023 Guideline to DEFRA | J135: 2724.17 | K135: 3.34952 | L135: 28.94073 | Q135: The 2023 GHG Conversion factors are suitable for all UK based organisations, and international organisations with a UK operations footprint. Expiration Date: 7/31/2024 | R135: 2023
A136: Manufacturing | B136: Leuna | C136: Non Regional | D136: Scope 1 | E136: Monthly | F136: Gas Oil | G136: grams/liters | H136: Department for Environment Food and Rural Affairs (DEFRA) | I136: 2023 Guideline to DEFRA | J136: 2724.17 | K136: 3.34952 | L136: 28.94073 | Q136: The 2023 GHG Conversion factors are suitable for all UK based organisations, and international organisations with a UK operations footprint. Expiration Date: 7/31/2024 | R136: 2023
A137: Manufacturing | B137: Tucson | C137: Non Regional | D137: Scope 1 | E137: Monthly | F137: Gas Oil | G137: grams/liters | H137: Department for Environment Food and Rural Affairs (DEFRA) | I137: 2023 Guideline to DEFRA | J137: 2724.17 | K137: 3.34952 | L137: 28.94073 | Q137: The 2023 GHG Conversion factors are suitable for all UK based organisations, and international organisations with a UK operations footprint. Expiration Date: 7/31/2024 | R137: 2023
A138: Office | B138: Barcelona | C138: Non Regional | D138: Scope 1 | E138: Monthly | F138: Gas Oil | G138: grams/liters | H138: Department for Environment Food and Rural Affairs (DEFRA) | I138: 2023 Guideline to DEFRA | J138: 2724.17 | K138: 3.34952 | L138: 28.94073 | Q138: The 2023 GHG Conversion factors are suitable for all UK based organisations, and international organisations with a UK operations footprint. Expiration Date: 7/31/2024 | R138: 2023
... A174: Warehouse | B174: South Africa | C174: Non Regional | D174: Scope 1 | E174: Monthly | F174: Gasoline | G174: grams/liters | H174: Department for Environment Food and Rural Affairs (DEFRA) | I174: 2023 Guideline to DEFRA | J174: 2083.54 | K174: 8.5824 | L174: 6.04695 | Q174: The 2023 GHG Conversion factors are suitable for all UK based organisations, and international organisations with a UK operations footprint. Expiration Date: 7/31/2024 | R174: 2023
A175: Farm | B175: Agrinsa | C175: - | D175: Scope 1 | E175: Monthly | F175: Gasoline – 87 octane (regular) | G175: grams/liters | H175: Manual | I175: Manual | J175: 2083.54 | K175: 8.5824 | L175: 6.04695 | Q175: Manual entry using DEFRA Gasoline 2023 | R175: -
A176: Farm | B176: Dateland | C176: - | D176: Scope 1 | E176: Monthly | F176: Gasoline – 87 octane (regular) | G176: grams/liters | H176: Manual | I176: Manual | J176: 2083.54 | K176: 8.5824 | L176: 6.04695 | Q176: Manual entry using DEFRA Gasoline 2023 | R176: -
A177: Food | B177: Pittsburgh, PA | C177: - | D177: Scope 1 | E177: Monthly | F177: Gasoline – 87 octane (regular) | G177: grams/liters | H177: Manual | I177: Manual | J177: 2083.54 | K177: 8.5824 | L177: 6.04695 | Q177: Manual entry using DEFRA Gasoline 2023 | R177: -
A178: Manufacturing | B178: Carnegie, PA | C178: - | D178: Scope 1 | E178: Monthly | F178: Gasoline – 87 octane (regular) | G178: grams/liters | H178: Manual | I178: Manual | J178: 2083.54 | K178: 8.5824 | L178: 6.04695 | Q178: Manual entry using DEFRA Gasoline 2023 | R178: -
A179: Manufacturing | B179: Chicago, IL | C179: - | D179: Scope 1 | E179: Monthly | F179: Gasoline – 87 octane (regular) | G179: grams/liters | H179: Manual | I179: Manual | J179: 2083.54 | K179: 8.5824 | L179: 6.04695 | Q179: Manual entry using DEFRA Gasoline 2023 | R179: -
A180: Manufacturing | B180: Englewood, OH | C180: - | D180: Scope 1 | E180: Monthly | F180: Gasoline – 87 octane (regular) | G180: grams/liters | H180: Manual | I180: Manual | J180: 2083.54 | K180: 8.5824 | L180: 6.04695 | Q180: Manual entry using DEFRA Gasoline 2023 | R180: -
A181: Manufacturing | B181: Fairfield | C181: - | D181: Scope 1 | E181: Monthly | F181: Gasoline – 87 octane (regular) | G181: grams/liters | H181: Manual | I181: Manual | J181: 2083.54 | K181: 8.5824 | L181: 6.04695 | Q181: Manual entry using DEFRA Gasoline 2023 | R181: -
A182: Manufacturing | B182: Gurnee, IL | C182: - | D182: Scope 1 | E182: Monthly | F182: Gasoline – 87 octane (regular) | G182: grams/liters | H182: Manual | I182: Manual | J182: 2083.54 | K182: 8.5824 | L182: 6.04695 | Q182: Manual entry using DEFRA Gasoline 2023 | R182: -
A183: Manufacturing | B183: Les Borges | C183: - | D183: Scope 1 | E183: Monthly | F183: Gasoline – 87 octane (regular) | G183: grams/liters | H183: Manual | I183: Manual | J183: 2083.54 | K183: 8.5824 | L183: 6.04695 | Q183: Manual entry using DEFRA Gasoline 2023 | R183: -
A184: Manufacturing | B184: Leuna | C184: - | D184: Scope 1 | E184: Monthly | F184: Gasoline – 87 octane (regular) | G184: grams/liters | H184: Manual | I184: Manual | J184: 2083.54 | K184: 8.5824 | L184: 6.04695 | Q184: Manual entry using DEFRA Gasoline 2023 | R184: -
A185: Manufacturing | B185: Tucson | C185: - | D185: Scope 1 | E185: Monthly | F185: Gasoline – 87 octane (regular) | G185: grams/liters | H185: Manual | I185: Manual | J185: 2083.54 | K185: 8.5824 | L185: 6.04695 | Q185: Manual entry using DEFRA Gasoline 2023 | R185: -
A186: Office | B186: Barcelona | C186: - | D186: Scope 1 | E186: Monthly | F186: Gasoline – 87 octane (regular) | G186: grams/liters | H186: Manual | I186: Manual | J186: 2083.54 | K186: 8.5824 | L186: 6.04695 | Q186: Manual entry using DEFRA Gasoline 2023 | R186: -
... A222: Warehouse | B222: South Africa | C222: - | D222: Scope 1 | E222: Monthly | F222: Gasoline - 95 octane (premium) | G222: grams/liters | H222: Manual | I222: Manual | J222: 2083.54 | K222: 8.5824 | L222: 6.04695 | Q222: Manual entry using DEFRA gasoline 2023 factors | R222: -
A223: Farm | B223: Agrinsa | C223: Non Regional | D223: Scope 1 | E223: Monthly | F223: Liquefied Petroleum Gas (LPG) | G223: grams/liters | H223: Department for Environment Food and Rural Affairs (DEFRA) | I223: 2023 Guideline to DEFRA | J223: 1554.91 | K223: 1.44232 | L223: 0.88998 | Q223: The 2023 GHG Conversion factors are suitable for all UK based organisations, and international organisations with a UK operations footprint. Expiration Date: 7/31/2024 | R223: 2023
A224: Farm | B224: Dateland | C224: Non Regional | D224: Scope 1 | E224: Monthly | F224: Liquefied Petroleum Gas (LPG) | G224: grams/liters | H224: Department for Environment Food and Rural Affairs (DEFRA) | I224: 2023 Guideline to DEFRA | J224: 1554.91 | K224: 1.44232 | L224: 0.88998 | Q224: The 2023 GHG Conversion factors are suitable for all UK based organisations, and international organisations with a UK operations footprint. Expiration Date: 7/31/2024 | R224: 2023
A225: Food | B225: Pittsburgh, PA | C225: Non Regional | D225: Scope 1 | E225: Monthly | F225: Liquefied Petroleum Gas (LPG) | G225: grams/liters | H225: Department for Environment Food and Rural Affairs (DEFRA) | I225: 2023 Guideline to DEFRA | J225: 1554.91 | K225: 1.44232 | L225: 0.88998 | Q225: The 2023 GHG Conversion factors are suitable for all UK based organisations, and international organisations with a UK operations footprint. Expiration Date: 7/31/2024 | R225: 2023
...

Sheet LB-CarbonMap
A1: Vantage Specialty Chemicals | B1: Vantage Specialty Chemicals | C1: Vantage Specialty Chemicals | D1: Vantage Specialty Chemicals | E1: Vantage Specialty Chemicals | F1: Vantage Specialty Chemicals | G1: Vantage Specialty Chemicals | H1: Vantage Specialty Chemicals | I1: Vantage Specialty Chemicals | J1: Vantage Specialty Chemicals | K1: Vantage Specialty Chemicals | L1: Vantage Specialty Chemicals | M1: Vantage Specialty Chemicals | N1: Vantage Specialty Chemicals | O1: Vantage Specialty Chemicals | P1: Vantage Specialty Chemicals | Q1: Vantage Specialty Chemicals | R1: Vantage Specialty Chemicals
A2: CarbonMap Details | B2: CarbonMap Details | C2: CarbonMap Details | D2: CarbonMap Details | E2: CarbonMap Details | F2: CarbonMap Details | G2: CarbonMap Details | H2: CarbonMap Details | I2: CarbonMap Details | J2: CarbonMap Details | K2: CarbonMap Details | L2: CarbonMap Details | M2: CarbonMap Details | N2: CarbonMap Details | O2: CarbonMap Details | P2: CarbonMap Details | Q2: CarbonMap Details | R2: CarbonMap Details
A3: Division/Group - All, Site(s) - All | B3: Division/Group - All, Site(s) - All | C3: Division/Group - All, Site(s) - All | D3: Division/Group - All, Site(s) - All | E3: Division/Group - All, Site(s) - All | F3: Division/Group - All, Site(s) - All | G3: Division/Group - All, Site(s) - All | H3: Division/Group - All, Site(s) - All | I3: Division/Group - All, Site(s) - All | J3: Division/Group - All, Site(s) - All | K3: Division/Group - All, Site(s) - All | L3: Division/Group - All, Site(s) - All | M3: Division/Group - All, Site(s) - All | N3: Division/Group - All, Site(s) - All | O3: Division/Group - All, Site(s) - All | P3: Division/Group - All, Site(s) - All | Q3: Division/Group - All, Site(s) - All | R3: Division/Group - All, Site(s) - All
A4: CarbonMap Name - Secondary: Vantage Specialty Chemicals Location-Based CM (Location-based),CarbonMap Version -CY 2023 | B4: CarbonMap Name - Secondary: Vantage Specialty Chemicals Location-Based CM (Location-based),CarbonMap Version -CY 2023 | C4: CarbonMap Name - Secondary: Vantage Specialty Chemicals Location-Based CM (Location-based),CarbonMap Version -CY 2023 | D4: CarbonMap Name - Secondary: Vantage Specialty Chemicals Location-Based CM (Location-based),CarbonMap Version -CY 2023 | E4: CarbonMap Name - Secondary: Vantage Specialty Chemicals Location-Based CM (Location-based),CarbonMap Version -CY 2023 | F4: CarbonMap Name - Secondary: Vantage Specialty Chemicals Location-Based CM (Location-based),CarbonMap Version -CY 2023 | G4: CarbonMap Name - Secondary: Vantage Specialty Chemicals Location-Based CM (Location-based),CarbonMap Version -CY 2023 | H4: CarbonMap Name - Secondary: Vantage Specialty Chemicals Location-Based CM (Location-based),CarbonMap Version -CY 2023 | I4: CarbonMap Name - Secondary: Vantage Specialty Chemicals Location-Based CM (Location-based),CarbonMap Version -CY 2023 | J4: CarbonMap Name - Secondary: Vantage Specialty Chemicals Location-Based CM (Location-based),CarbonMap Version -CY 2023 | K4: CarbonMap Name - Secondary: Vantage Specialty Chemicals Location-Based CM (Location-based),CarbonMap Version -CY 2023 | L4: CarbonMap Name - Secondary: Vantage Specialty Chemicals Location-Based CM (Location-based),CarbonMap Version -CY 2023 | M4: CarbonMap Name - Secondary: Vantage Specialty Chemicals Location-Based CM (Location-based),CarbonMap Version -CY 2023 | N4: CarbonMap Name - Secondary: Vantage Specialty Chemicals Location-Based CM (Location-based),CarbonMap Version -CY 2023 | O4: CarbonMap Name - Secondary: Vantage Specialty Chemicals Location-Based CM (Location-based),CarbonMap Version -CY 2023 | P4: CarbonMap Name - Secondary: Vantage Specialty Chemicals Location-Based CM (Location-based),CarbonMap Version -CY 2023 | Q4: CarbonMap Name - Secondary: Vantage Specialty Chemicals Location-Based CM (Location-based),CarbonMap Version -CY 2023 | R4: CarbonMap Name - Secondary: Vantage Specialty Chemicals Location-Based CM (Location-based),CarbonMap Version -CY 2023
A5: Note : all values CO2-e (The emission factors below are displayed as CO2-equivalents. Global Warming Potential (GWP) has been applied to the native pollutant emission factors.) | B5: Note : all values CO2-e (The emission factors below are displayed as CO2-equivalents. Global Warming Potential (GWP) has been applied to the native pollutant emission factors.) | C5: Note : all values CO2-e (The emission factors below are displayed as CO2-equivalents. Global Warming Potential (GWP) has been applied to the native pollutant emission factors.) | D5: Note : all values CO2-e (The emission factors below are displayed as CO2-equivalents. Global Warming Potential (GWP) has been applied to the native pollutant emission factors.) | E5: Note : all values CO2-e (The emission factors below are displayed as CO2-equivalents. Global Warming Potential (GWP) has been applied to the native pollutant emission factors.) | F5: Note : all values CO2-e (The emission factors below are displayed as CO2-equivalents. Global Warming Potential (GWP) has been applied to the native pollutant emission factors.) | G5: Note : all values CO2-e (The emission factors below are displayed as CO2-equivalents. Global Warming Potential (GWP) has been applied to the native pollutant emission factors.) | H5: Note : all values CO2-e (The emission factors below are displayed as CO2-equivalents. Global Warming Potential (GWP) has been applied to the native pollutant emission factors.) | I5: Note : all values CO2-e (The emission factors below are displayed as CO2-equivalents. Global Warming Potential (GWP) has been applied to the native pollutant emission factors.) | J5: Note : all values CO2-e (The emission factors below are displayed as CO2-equivalents. Global Warming Potential (GWP) has been applied to the native pollutant emission factors.) | K5: Note : all values CO2-e (The emission factors below are displayed as CO2-equivalents. Global Warming Potential (GWP) has been applied to the native pollutant emission factors.) | L5: Note : all values CO2-e (The emission factors below are displayed as CO2-equivalents. Global Warming Potential (GWP) has been applied to the native pollutant emission factors.) | M5: Note : all values CO2-e (The emission factors below are displayed as CO2-equivalents. Global Warming Potential (GWP) has been applied to the native pollutant emission factors.) | N5: Note : all values CO2-e (The emission factors below are displayed as CO2-equivalents. Global Warming Potential (GWP) has been applied to the native pollutant emission factors.) | O5: Note : all values CO2-e (The emission factors below are displayed as CO2-equivalents. Global Warming Potential (GWP) has been applied to the native pollutant emission factors.) | P5: Note : all values CO2-e (The emission factors below are displayed as CO2-equivalents. Global Warming Potential (GWP) has been applied to the native pollutant emission factors.) | Q5: Note : all values CO2-e (The emission factors below are displayed as CO2-equivalents. Global Warming Potential (GWP) has been applied to the native pollutant emission factors.) | R5: Note : all values CO2-e (The emission factors below are displayed as CO2-equivalents. Global Warming Potential (GWP) has been applied to the native pollutant emission factors.)
A6: Division | B6: Site | C6: Region/Utility | D6: Scope | E6: Frequency | F6: Source | G6: Units | H6: Emission Factor Set | I6: Emission Factor Version | J6: CO2 | K6: CH4 | L6: N2O | M6: HFC | N6: PFC | O6: SF6 | P6: NF3 | Q6: Comments | R6: As of Year
A7: Farm | B7: Agrinsa | C7: Non Regional | D7: Scope 1 | E7: Monthly | F7: Diesel | G7: grams/liters | H7: Department for Environment Food and Rural Affairs (DEFRA) | I7: 2023 Guideline to DEFRA | J7: 2478.87 | K7: 0.30992 | L7: 33.89568 | Q7: The 2023 GHG Conversion factors are suitable for all UK based organisations, and international organisations with a UK operations footprint. Expiration Date: 7/31/2024 | R7: 2023
A8: Farm | B8: Dateland | C8: Non Regional | D8: Scope 1 | E8: Monthly | F8: Diesel | G8: grams/liters | H8: Department for Environment Food and Rural Affairs (DEFRA) | I8: 2023 Guideline to DEFRA | J8: 2478.87 | K8: 0.30992 | L8: 33.89568 | Q8: The 2023 GHG Conversion factors are suitable for all UK based organisations, and international organisations with a UK operations footprint. Expiration Date: 7/31/2024 | R8: 2023
A9: Food | B9: Pittsburgh, PA | C9: Non Regional | D9: Scope 1 | E9: Monthly | F9: Diesel | G9: grams/liters | H9: Department for Environment Food and Rural Affairs (DEFRA) | I9: 2023 Guideline to DEFRA | J9: 2478.87 | K9: 0.30992 | L9: 33.89568 | Q9: The 2023 GHG Conversion factors are suitable for all UK based organisations, and international organisations with a UK operations footprint. Expiration Date: 7/31/2024 | R9: 2023
A10: Manufacturing | B10: Carnegie, PA | C10: Non Regional | D10: Scope 1 | E10: Monthly | F10: Diesel | G10: grams/liters | H10: Department for Environment Food and Rural Affairs (DEFRA) | I10: 2023 Guideline to DEFRA | J10: 2478.87 | K10: 0.30992 | L10: 33.89568 | Q10: The 2023 GHG Conversion factors are suitable for all UK based organisations, and international organisations with a UK operations footprint. Expiration Date: 7/31/2024 | R10: 2023
A11: Manufacturing | B11: Chicago, IL | C11: Non Regional | D11: Scope 1 | E11: Monthly | F11: Diesel | G11: grams/liters | H11: Department for Environment Food and Rural Affairs (DEFRA) | I11: 2023 Guideline to DEFRA | J11: 2478.87 | K11: 0.30992 | L11: 33.89568 | Q11: The 2023 GHG Conversion factors are suitable for all UK based organisations, and international organisations with a UK operations footprint. Expiration Date: 7/31/2024 | R11: 2023
A12: Manufacturing | B12: Englewood, OH | C12: Non Regional | D12: Scope 1 | E12: Monthly | F12: Diesel | G12: grams/liters | H12: Department for Environment Food and Rural Affairs (DEFRA) | I12: 2023 Guideline to DEFRA | J12: 2478.87 | K12: 0.30992 | L12: 33.89568 | Q12: The 2023 GHG Conversion factors are suitable for all UK based organisations, and international organisations with a UK operations footprint. Expiration Date: 7/31/2024 | R12: 2023
A13: Manufacturing | B13: Fairfield | C13: Non Regional | D13: Scope 1 | E13: Monthly | F13: Diesel | G13: grams/liters | H13: Department for Environment Food and Rural Affairs (DEFRA) | I13: 2023 Guideline to DEFRA | J13: 2478.87 | K13: 0.30992 | L13: 33.89568 | Q13: The 2023 GHG Conversion factors are suitable for all UK based organisations, and international organisations with a UK operations footprint. Expiration Date: 7/31/2024 | R13: 2023
A14: Manufacturing | B14: Gurnee, IL | C14: Non Regional | D14: Scope 1 | E14: Monthly | F14: Diesel | G14: grams/liters | H14: Department for Environment Food and Rural Affairs (DEFRA) | I14: 2023 Guideline to DEFRA | J14: 2478.87 | K14: 0.30992 | L14: 33.89568 | Q14: The 2023 GHG Conversion factors are suitable for all UK based organisations, and international organisations with a UK operations footprint. Expiration Date: 7/31/2024 | R14: 2023
A15: Manufacturing | B15: Les Borges | C15: Non Regional | D15: Scope 1 | E15: Monthly | F15: Diesel | G15: grams/liters | H15: Department for Environment Food and Rural Affairs (DEFRA) | I15: 2023 Guideline to DEFRA | J15: 2478.87 | K15: 0.30992 | L15: 33.89568 | Q15: The 2023 GHG Conversion factors are suitable for all UK based organisations, and international organisations with a UK operations footprint. Expiration Date: 7/31/2024 | R15: 2023
A16: Manufacturing | B16: Leuna | C16: Non Regional | D16: Scope 1 | E16: Monthly | F16: Diesel | G16: grams/liters | H16: Department for Environment Food and Rural Affairs (DEFRA) | I16: 2023 Guideline to DEFRA | J16: 2478.87 | K16: 0.30992 | L16: 33.89568 | Q16: The 2023 GHG Conversion factors are suitable for all UK based organisations, and international organisations with a UK operations footprint. Expiration Date: 7/31/2024 | R16: 2023
A17: Manufacturing | B17: Tucson | C17: Non Regional | D17: Scope 1 | E17: Monthly | F17: Diesel | G17: grams/liters | H17: Department for Environment Food and Rural Affairs (DEFRA) | I17: 2023 Guideline to DEFRA | J17: 2478.87 | K17: 0.30992 | L17: 33.89568 | Q17: The 2023 GHG Conversion factors are suitable for all UK based organisations, and international organisations with a UK operations footprint. Expiration Date: 7/31/2024 | R17: 2023
A18: Office | B18: Barcelona | C18: Non Regional | D18: Scope 1 | E18: Monthly | F18: Diesel | G18: grams/liters | H18: Department for Environment Food and Rural Affairs (DEFRA) | I18: 2023 Guideline to DEFRA | J18: 2478.87 | K18: 0.30992 | L18: 33.89568 | Q18: The 2023 GHG Conversion factors are suitable for all UK based organisations, and international organisations with a UK operations footprint. Expiration Date: 7/31/2024 | R18: 2023
... A30: Warehouse | B30: South Africa | C30: Non Regional | D30: Scope 1 | E30: Monthly | F30: Diesel | G30: grams/liters | H30: Department for Environment Food and Rural Affairs (DEFRA) | I30: 2023 Guideline to DEFRA | J30: 2478.87 | K30: 0.30992 | L30: 33.89568 | Q30: The 2023 GHG Conversion factors are suitable for all UK based organisations, and international organisations with a UK operations footprint. Expiration Date: 7/31/2024 | R30: 2023
A31: Farm | B31: Agrinsa | C31: - | D31: Scope 1 | E31: Monthly | F31: Diesel - Clear Diesel | G31: grams/liters | H31: Manual | I31: Manual | J31: 2478.87 | K31: 0.30992 | L31: 33.89568 | Q31: Manual Input of DEFRA Diesel EF | R31: -
A32: Farm | B32: Dateland | C32: - | D32: Scope 1 | E32: Monthly | F32: Diesel - Clear Diesel | G32: grams/liters | H32: Manual | I32: Manual | J32: 2478.87 | K32: 0.30992 | L32: 33.89568 | Q32: Manual Input of DEFRA Diesel EF | R32: -
A33: Food | B33: Pittsburgh, PA | C33: - | D33: Scope 1 | E33: Monthly | F33: Diesel - Clear Diesel | G33: grams/liters | H33: Manual | I33: Manual | J33: 2478.87 | K33: 0.30992 | L33: 33.89568 | Q33: Manual Input of DEFRA Diesel EF | R33: -
A34: Manufacturing | B34: Carnegie, PA | C34: - | D34: Scope 1 | E34: Monthly | F34: Diesel - Clear Diesel | G34: grams/liters | H34: Manual | I34: Manual | J34: 2478.87 | K34: 0.30992 | L34: 33.89568 | Q34: Manual Input of DEFRA Diesel EF | R34: -
A35: Manufacturing | B35: Chicago, IL | C35: - | D35: Scope 1 | E35: Monthly | F35: Diesel - Clear Diesel | G35: grams/liters | H35: Manual | I35: Manual | J35: 2478.87 | K35: 0.30992 | L35: 33.89568 | Q35: Manual Input of DEFRA Diesel EF | R35: -
A36: Manufacturing | B36: Englewood, OH | C36: - | D36: Scope 1 | E36: Monthly | F36: Diesel - Clear Diesel | G36: grams/liters | H36: Manual | I36: Manual | J36: 2478.87 | K36: 0.30992 | L36: 33.89568 | Q36: Manual Input of DEFRA Diesel EF | R36: -
A37: Manufacturing | B37: Fairfield | C37: - | D37: Scope 1 | E37: Monthly | F37: Diesel - Clear Diesel | G37: grams/liters | H37: Manual | I37: Manual | J37: 2478.87 | K37: 0.30992 | L37: 33.89568 | Q37: Manual Input of DEFRA Diesel EF | R37: -
A38: Manufacturing | B38: Gurnee, IL | C38: - | D38: Scope 1 | E38: Monthly | F38: Diesel - Clear Diesel | G38: grams/liters | H38: Manual | I38: Manual | J38: 2478.87 | K38: 0.30992 | L38: 33.89568 | Q38: Manual Input of DEFRA Diesel EF | R38: -
A39: Manufacturing | B39: Les Borges | C39: - | D39: Scope 1 | E39: Monthly | F39: Diesel - Clear Diesel | G39: grams/liters | H39: Manual | I39: Manual | J39: 2478.87 | K39: 0.30992 | L39: 33.89568 | Q39: Manual Input of DEFRA Diesel EF | R39: -
A40: Manufacturing | B40: Leuna | C40: - | D40: Scope 1 | E40: Monthly | F40: Diesel - Clear Diesel | G40: grams/liters | H40: Manual | I40: Manual | J40: 2478.87 | K40: 0.30992 | L40: 33.89568 | Q40: Manual Input of DEFRA Diesel EF | R40: -
A41: Manufacturing | B41: Tucson | C41: - | D41: Scope 1 | E41: Monthly | F41: Diesel - Clear Diesel | G41: grams/liters | H41: Manual | I41: Manual | J41: 2478.87 | K41: 0.30992 | L41: 33.89568 | Q41: Manual Input of DEFRA Diesel EF | R41: -
A42: Office | B42: Barcelona | C42: - | D42: Scope 1 | E42: Monthly | F42: Diesel - Clear Diesel | G42: grams/liters | H42: Manual | I42: Manual | J42: 2478.87 | K42: 0.30992 | L42: 33.89568 | Q42: Manual Input of DEFRA Diesel EF | R42: -
... A54: Warehouse | B54: South Africa | C54: - | D54: Scope 1 | E54: Monthly | F54: Diesel - Clear Diesel | G54: grams/liters | H54: Manual | I54: Manual | J54: 2478.87 | K54: 0.30992 | L54: 33.89568 | Q54: Manual Input of DEFRA Diesel EF | R54: -
A55: Farm | B55: Agrinsa | C55: Non Regional | D55: Scope 1 | E55: Monthly | F55: Diesel - Ultra Low Sulfur Diesel (ULSD) | G55: grams/liters | H55: Department for Environment Food and Rural Affairs (DEFRA) | I55: 2023 Guideline to DEFRA | J55: 2478.87 | K55: 0.30992 | L55: 33.89568 | Q55: The 2023 GHG Conversion factors are suitable for all UK based organisations, and international organisations with a UK operations footprint. Expiration Date: 7/31/2024 | R55: 2023
A56: Farm | B56: Dateland | C56: Non Regional | D56: Scope 1 | E56: Monthly | F56: Diesel - Ultra Low Sulfur Diesel (ULSD) | G56: grams/liters | H56: Department for Environment Food and Rural Affairs (DEFRA) | I56: 2023 Guideline to DEFRA | J56: 2478.87 | K56: 0.30992 | L56: 33.89568 | Q56: The 2023 GHG Conversion factors are suitable for all UK based organisations, and international organisations with a UK operations footprint. Expiration Date: 7/31/2024 | R56: 2023
A57: Food | B57: Pittsburgh, PA | C57: Non Regional | D57: Scope 1 | E57: Monthly | F57: Diesel - Ultra Low Sulfur Diesel (ULSD) | G57: grams/liters | H57: Department for Environment Food and Rural Affairs (DEFRA) | I57: 2023 Guideline to DEFRA | J57: 2478.87 | K57: 0.30992 | L57: 33.89568 | Q57: The 2023 GHG Conversion factors are suitable for all UK based organisations, and international organisations with a UK operations footprint. Expiration Date: 7/31/2024 | R57: 2023
A58: Manufacturing | B58: Carnegie, PA | C58: Non Regional | D58: Scope 1 | E58: Monthly | F58: Diesel - Ultra Low Sulfur Diesel (ULSD) | G58: grams/liters | H58: Department for Environment Food and Rural Affairs (DEFRA) | I58: 2023 Guideline to DEFRA | J58: 2478.87 | K58: 0.30992 | L58: 33.89568 | Q58: The 2023 GHG Conversion factors are suitable for all UK based organisations, and international organisations with a UK operations footprint. Expiration Date: 7/31/2024 | R58: 2023
A59: Manufacturing | B59: Chicago, IL | C59: Non Regional | D59: Scope 1 | E59: Monthly | F59: Diesel - Ultra Low Sulfur Diesel (ULSD) | G59: grams/liters | H59: Department for Environment Food and Rural Affairs (DEFRA) | I59: 2023 Guideline to DEFRA | J59: 2478.87 | K59: 0.30992 | L59: 33.89568 | Q59: The 2023 GHG Conversion factors are suitable for all UK based organisations, and international organisations with a UK operations footprint. Expiration Date: 7/31/2024 | R59: 2023
A60: Manufacturing | B60: Englewood, OH | C60: Non Regional | D60: Scope 1 | E60: Monthly | F60: Diesel - Ultra Low Sulfur Diesel (ULSD) | G60: grams/liters | H60: Department for Environment Food and Rural Affairs (DEFRA) | I60: 2023 Guideline to DEFRA | J60: 2478.87 | K60: 0.30992 | L60: 33.89568 | Q60: The 2023 GHG Conversion factors are suitable for all UK based organisations, and international organisations with a UK operations footprint. Expiration Date: 7/31/2024 | R60: 2023
A61: Manufacturing | B61: Fairfield | C61: Non Regional | D61: Scope 1 | E61: Monthly | F61: Diesel - Ultra Low Sulfur Diesel (ULSD) | G61: grams/liters | H61: Department for Environment Food and Rural Affairs (DEFRA) | I61: 2023 Guideline to DEFRA | J61: 2478.87 | K61: 0.30992 | L61: 33.89568 | Q61: The 2023 GHG Conversion factors are suitable for all UK based organisations, and international organisations with a UK operations footprint. Expiration Date: 7/31/2024 | R61: 2023
A62: Manufacturing | B62: Gurnee, IL | C62: Non Regional | D62: Scope 1 | E62: Monthly | F62: Diesel - Ultra Low Sulfur Diesel (ULSD) | G62: grams/liters | H62: Department for Environment Food and Rural Affairs (DEFRA) | I62: 2023 Guideline to DEFRA | J62: 2478.87 | K62: 0.30992 | L62: 33.89568 | Q62: The 2023 GHG Conversion factors are suitable for all UK based organisations, and international organisations with a UK operations footprint. Expiration Date: 7/31/2024 | R62: 2023
A63: Manufacturing | B63: Les Borges | C63: Non Regional | D63: Scope 1 | E63: Monthly | F63: Diesel - Ultra Low Sulfur Diesel (ULSD) | G63: grams/liters | H63: Department for Environment Food and Rural Affairs (DEFRA) | I63: 2023 Guideline to DEFRA | J63: 2478.87 | K63: 0.30992 | L63: 33.89568 | Q63: The 2023 GHG Conversion factors are suitable for all UK based organisations, and international organisations with a UK operations footprint. Expiration Date: 7/31/2024 | R63: 2023
A64: Manufacturing | B64: Leuna | C64: Non Regional | D64: Scope 1 | E64: Monthly | F64: Diesel - Ultra Low Sulfur Diesel (ULSD) | G64: grams/liters | H64: Department for Environment Food and Rural Affairs (DEFRA) | I64: 2023 Guideline to DEFRA | J64: 2478.87 | K64: 0.30992 | L64: 33.89568 | Q64: The 2023 GHG Conversion factors are suitable for all UK based organisations, and international organisations with a UK operations footprint. Expiration Date: 7/31/2024 | R64: 2023
A65: Manufacturing | B65: Tucson | C65: Non Regional | D65: Scope 1 | E65: Monthly | F65: Diesel - Ultra Low Sulfur Diesel (ULSD) | G65: grams/liters | H65: Department for Environment Food and Rural Affairs (DEFRA) | I65: 2023 Guideline to DEFRA | J65: 2478.87 | K65: 0.30992 | L65: 33.89568 | Q65: The 2023 GHG Conversion factors are suitable for all UK based organisations, and international organisations with a UK operations footprint. Expiration Date: 7/31/2024 | R65: 2023
A66: Office | B66: Barcelona | C66: Non Regional | D66: Scope 1 | E66: Monthly | F66: Diesel - Ultra Low Sulfur Diesel (ULSD) | G66: grams/liters | H66: Department for Environment Food and Rural Affairs (DEFRA) | I66: 2023 Guideline to DEFRA | J66: 2478.87 | K66: 0.30992 | L66: 33.89568 | Q66: The 2023 GHG Conversion factors are suitable for all UK based organisations, and international organisations with a UK operations footprint. Expiration Date: 7/31/2024 | R66: 2023
... A78: Warehouse | B78: South Africa | C78: Non Regional | D78: Scope 1 | E78: Monthly | F78: Diesel - Ultra Low Sulfur Diesel (ULSD) | G78: grams/liters | H78: Department for Environment Food and Rural Affairs (DEFRA) | I78: 2023 Guideline to DEFRA | J78: 2478.87 | K78: 0.30992 | L78: 33.89568 | Q78: The 2023 GHG Conversion factors are suitable for all UK based organisations, and international organisations with a UK operations footprint. Expiration Date: 7/31/2024 | R78: 2023
A79: Farm | B79: Agrinsa | C79: Non Regional | D79: Scope 1 | E79: Monthly | F79: Dry Ice | G79: metric tons/mtons CO2-e | H79: 1 to 1 EF set | I79: 1 to 1 | J79: 1 | Q79: Where data is provided/loaded as pre-calculated emissions. Therefore 1:1 ratio is applied. Emissions calculation information would be provided by client and/or third-party documentation. | R79: -
A80: Farm | B80: Dateland | C80: Non Regional | D80: Scope 1 | E80: Monthly | F80: Dry Ice | G80: metric tons/mtons CO2-e | H80: 1 to 1 EF set | I80: 1 to 1 | J80: 1 | Q80: Where data is provided/loaded as pre-calculated emissions. Therefore 1:1 ratio is applied. Emissions calculation information would be provided by client and/or third-party documentation. | R80: -
A81: Food | B81: Pittsburgh, PA | C81: Non Regional | D81: Scope 1 | E81: Monthly | F81: Dry Ice | G81: metric tons/mtons CO2-e | H81: 1 to 1 EF set | I81: 1 to 1 | J81: 1 | Q81: Where data is provided/loaded as pre-calculated emissions. Therefore 1:1 ratio is applied. Emissions calculation information would be provided by client and/or third-party documentation. | R81: -
A82: Manufacturing | B82: Carnegie, PA | C82: Non Regional | D82: Scope 1 | E82: Monthly | F82: Dry Ice | G82: metric tons/mtons CO2-e | H82: 1 to 1 EF set | I82: 1 to 1 | J82: 1 | Q82: Where data is provided/loaded as pre-calculated emissions. Therefore 1:1 ratio is applied. Emissions calculation information would be provided by client and/or third-party documentation. | R82: -
A83: Manufacturing | B83: Chicago, IL | C83: Non Regional | D83: Scope 1 | E83: Monthly | F83: Dry Ice | G83: metric tons/mtons CO2-e | H83: 1 to 1 EF set | I83: 1 to 1 | J83: 1 | Q83: Where data is provided/loaded as pre-calculated emissions. Therefore 1:1 ratio is applied. Emissions calculation information would be provided by client and/or third-party documentation. | R83: -
A84: Manufacturing | B84: Englewood, OH | C84: Non Regional | D84: Scope 1 | E84: Monthly | F84: Dry Ice | G84: metric tons/mtons CO2-e | H84: 1 to 1 EF set | I84: 1 to 1 | J84: 1 | Q84: Where data is provided/loaded as pre-calculated emissions. Therefore 1:1 ratio is applied. Emissions calculation information would be provided by client and/or third-party documentation. | R84: -
A85: Manufacturing | B85: Fairfield | C85: Non Regional | D85: Scope 1 | E85: Monthly | F85: Dry Ice | G85: metric tons/mtons CO2-e | H85: 1 to 1 EF set | I85: 1 to 1 | J85: 1 | Q85: Where data is provided/loaded as pre-calculated emissions. Therefore 1:1 ratio is applied. Emissions calculation information would be provided by client and/or third-party documentation. | R85: -
A86: Manufacturing | B86: Gurnee, IL | C86: Non Regional | D86: Scope 1 | E86: Monthly | F86: Dry Ice | G86: metric tons/mtons CO2-e | H86: 1 to 1 EF set | I86: 1 to 1 | J86: 1 | Q86: Where data is provided/loaded as pre-calculated emissions. Therefore 1:1 ratio is applied. Emissions calculation information would be provided by client and/or third-party documentation. | R86: -
A87: Manufacturing | B87: Les Borges | C87: Non Regional | D87: Scope 1 | E87: Monthly | F87: Dry Ice | G87: metric tons/mtons CO2-e | H87: 1 to 1 EF set | I87: 1 to 1 | J87: 1 | Q87: Where data is provided/loaded as pre-calculated emissions. Therefore 1:1 ratio is applied. Emissions calculation information would be provided by client and/or third-party documentation. | R87: -
A88: Manufacturing | B88: Leuna | C88: Non Regional | D88: Scope 1 | E88: Monthly | F88: Dry Ice | G88: metric tons/mtons CO2-e | H88: 1 to 1 EF set | I88: 1 to 1 | J88: 1 | Q88: Where data is provided/loaded as pre-calculated emissions. Therefore 1:1 ratio is applied. Emissions calculation information would be provided by client and/or third-party documentation. | R88: -
A89: Manufacturing | B89: Tucson | C89: Non Regional | D89: Scope 1 | E89: Monthly | F89: Dry Ice | G89: metric tons/mtons CO2-e | H89: 1 to 1 EF set | I89: 1 to 1 | J89: 1 | Q89: Where data is provided/loaded as pre-calculated emissions. Therefore 1:1 ratio is applied. Emissions calculation information would be provided by client and/or third-party documentation. | R89: -
A90: Office | B90: Barcelona | C90: Non Regional | D90: Scope 1 | E90: Monthly | F90: Dry Ice | G90: metric tons/mtons CO2-e | H90: 1 to 1 EF set | I90: 1 to 1 | J90: 1 | Q90: Where data is provided/loaded as pre-calculated emissions. Therefore 1:1 ratio is applied. Emissions calculation information would be provided by client and/or third-party documentation. | R90: -
... A102: Warehouse | B102: South Africa | C102: Non Regional | D102: Scope 1 | E102: Monthly | F102: Dry Ice | G102: metric tons/mtons CO2-e | H102: 1 to 1 EF set | I102: 1 to 1 | J102: 1 | Q102: Where data is provided/loaded as pre-calculated emissions. Therefore 1:1 ratio is applied. Emissions calculation information would be provided by client and/or third-party documentation. | R102: -
A103: Farm | B103: Agrinsa | C103: - | D103: Scope 1 | E103: Monthly | F103: Fertilizer | G103: metric tons/mtons CO2-e | H103: Manual | I103: Manual | R103: -
A104: Farm | B104: Dateland | C104: - | D104: Scope 1 | E104: Monthly | F104: Fertilizer | G104: metric tons/mtons CO2-e | H104: Manual | I104: Manual | R104: -
A105: Food | B105: Pittsburgh, PA | C105: - | D105: Scope 1 | E105: Monthly | F105: Fertilizer | G105: metric tons/mtons CO2-e | H105: Manual | I105: Manual | R105: -
A106: Manufacturing | B106: Carnegie, PA | C106: - | D106: Scope 1 | E106: Monthly | F106: Fertilizer | G106: metric tons/mtons CO2-e | H106: Manual | I106: Manual | R106: -
A107: Manufacturing | B107: Chicago, IL | C107: - | D107: Scope 1 | E107: Monthly | F107: Fertilizer | G107: metric tons/mtons CO2-e | H107: Manual | I107: Manual | R107: -
A108: Manufacturing | B108: Englewood, OH | C108: - | D108: Scope 1 | E108: Monthly | F108: Fertilizer | G108: metric tons/mtons CO2-e | H108: Manual | I108: Manual | R108: -
A109: Manufacturing | B109: Fairfield | C109: - | D109: Scope 1 | E109: Monthly | F109: Fertilizer | G109: metric tons/mtons CO2-e | H109: Manual | I109: Manual | R109: -
A110: Manufacturing | B110: Gurnee, IL | C110: - | D110: Scope 1 | E110: Monthly | F110: Fertilizer | G110: metric tons/mtons CO2-e | H110: Manual | I110: Manual | R110: -
A111: Manufacturing | B111: Les Borges | C111: - | D111: Scope 1 | E111: Monthly | F111: Fertilizer | G111: metric tons/mtons CO2-e | H111: Manual | I111: Manual | R111: -
A112: Manufacturing | B112: Leuna | C112: - | D112: Scope 1 | E112: Monthly | F112: Fertilizer | G112: metric tons/mtons CO2-e | H112: Manual | I112: Manual | R112: -
A113: Manufacturing | B113: Tucson | C113: - | D113: Scope 1 | E113: Monthly | F113: Fertilizer | G113: metric tons/mtons CO2-e | H113: Manual | I113: Manual | R113: -
A114: Office | B114: Barcelona | C114: - | D114: Scope 1 | E114: Monthly | F114: Fertilizer | G114: metric tons/mtons CO2-e | H114: Manual | I114: Manual | R114: -
... A126: Warehouse | B126: South Africa | C126: - | D126: Scope 1 | E126: Monthly | F126: Fertilizer | G126: metric tons/mtons CO2-e | H126: Manual | I126: Manual | R126: -
A127: Farm | B127: Agrinsa | C127: Non Regional | D127: Scope 1 | E127: Monthly | F127: Gas Oil | G127: grams/liters | H127: Department for Environment Food and Rural Affairs (DEFRA) | I127: 2023 Guideline to DEFRA | J127: 2724.17 | K127: 3.34952 | L127: 28.94073 | Q127: The 2023 GHG Conversion factors are suitable for all UK based organisations, and international organisations with a UK operations footprint. Expiration Date: 7/31/2024 | R127: 2023
A128: Farm | B128: Dateland | C128: Non Regional | D128: Scope 1 | E128: Monthly | F128: Gas Oil | G128: grams/liters | H128: Department for Environment Food and Rural Affairs (DEFRA) | I128: 2023 Guideline to DEFRA | J128: 2724.17 | K128: 3.34952 | L128: 28.94073 | Q128: The 2023 GHG Conversion factors are suitable for all UK based organisations, and international organisations with a UK operations footprint. Expiration Date: 7/31/2024 | R128: 2023
A129: Food | B129: Pittsburgh, PA | C129: Non Regional | D129: Scope 1 | E129: Monthly | F129: Gas Oil | G129: grams/liters | H129: Department for Environment Food and Rural Affairs (DEFRA) | I129: 2023 Guideline to DEFRA | J129: 2724.17 | K129: 3.34952 | L129: 28.94073 | Q129: The 2023 GHG Conversion factors are suitable for all UK based organisations, and international organisations with a UK operations footprint. Expiration Date: 7/31/2024 | R129: 2023
A130: Manufacturing | B130: Carnegie, PA | C130: Non Regional | D130: Scope 1 | E130: Monthly | F130: Gas Oil | G130: grams/liters | H130: Department for Environment Food and Rural Affairs (DEFRA) | I130: 2023 Guideline to DEFRA | J130: 2724.17 | K130: 3.34952 | L130: 28.94073 | Q130: The 2023 GHG Conversion factors are suitable for all UK based organisations, and international organisations with a UK operations footprint. Expiration Date: 7/31/2024 | R130: 2023
A131: Manufacturing | B131: Chicago, IL | C131: Non Regional | D131: Scope 1 | E131: Monthly | F131: Gas Oil | G131: grams/liters | H131: Department for Environment Food and Rural Affairs (DEFRA) | I131: 2023 Guideline to DEFRA | J131: 2724.17 | K131: 3.34952 | L131: 28.94073 | Q131: The 2023 GHG Conversion factors are suitable for all UK based organisations, and international organisations with a UK operations footprint. Expiration Date: 7/31/2024 | R131: 2023
A132: Manufacturing | B132: Englewood, OH | C132: Non Regional | D132: Scope 1 | E132: Monthly | F132: Gas Oil | G132: grams/liters | H132: Department for Environment Food and Rural Affairs (DEFRA) | I132: 2023 Guideline to DEFRA | J132: 2724.17 | K132: 3.34952 | L132: 28.94073 | Q132: The 2023 GHG Conversion factors are suitable for all UK based organisations, and international organisations with a UK operations footprint. Expiration Date: 7/31/2024 | R132: 2023
A133: Manufacturing | B133: Fairfield | C133: Non Regional | D133: Scope 1 | E133: Monthly | F133: Gas Oil | G133: grams/liters | H133: Department for Environment Food and Rural Affairs (DEFRA) | I133: 2023 Guideline to DEFRA | J133: 2724.17 | K133: 3.34952 | L133: 28.94073 | Q133: The 2023 GHG Conversion factors are suitable for all UK based organisations, and international organisations with a UK operations footprint. Expiration Date: 7/31/2024 | R133: 2023
A134: Manufacturing | B134: Gurnee, IL | C134: Non Regional | D134: Scope 1 | E134: Monthly | F134: Gas Oil | G134: grams/liters | H134: Department for Environment Food and Rural Affairs (DEFRA) | I134: 2023 Guideline to DEFRA | J134: 2724.17 | K134: 3.34952 | L134: 28.94073 | Q134: The 2023 GHG Conversion factors are suitable for all UK based organisations, and international organisations with a UK operations footprint. Expiration Date: 7/31/2024 | R134: 2023
A135: Manufacturing | B135: Les Borges | C135: Non Regional | D135: Scope 1 | E135: Monthly | F135: Gas Oil | G135: grams/liters | H135: Department for Environment Food and Rural Affairs (DEFRA) | I135: 2023 Guideline to DEFRA | J135: 2724.17 | K135: 3.34952 | L135: 28.94073 | Q135: The 2023 GHG Conversion factors are suitable for all UK based organisations, and international organisations with a UK operations footprint. Expiration Date: 7/31/2024 | R135: 2023
A136: Manufacturing | B136: Leuna | C136: Non Regional | D136: Scope 1 | E136: Monthly | F136: Gas Oil | G136: grams/liters | H136: Department for Environment Food and Rural Affairs (DEFRA) | I136: 2023 Guideline to DEFRA | J136: 2724.17 | K136: 3.34952 | L136: 28.94073 | Q136: The 2023 GHG Conversion factors are suitable for all UK based organisations, and international organisations with a UK operations footprint. Expiration Date: 7/31/2024 | R136: 2023
A137: Manufacturing | B137: Tucson | C137: Non Regional | D137: Scope 1 | E137: Monthly | F137: Gas Oil | G137: grams/liters | H137: Department for Environment Food and Rural Affairs (DEFRA) | I137: 2023 Guideline to DEFRA | J137: 2724.17 | K137: 3.34952 | L137: 28.94073 | Q137: The 2023 GHG Conversion factors are suitable for all UK based organisations, and international organisations with a UK operations footprint. Expiration Date: 7/31/2024 | R137: 2023
A138: Office | B138: Barcelona | C138: Non Regional | D138: Scope 1 | E138: Monthly | F138: Gas Oil | G138: grams/liters | H138: Department for Environment Food and Rural Affairs (DEFRA) | I138: 2023 Guideline to DEFRA | J138: 2724.17 | K138: 3.34952 | L138: 28.94073 | Q138: The 2023 GHG Conversion factors are suitable for all UK based organisations, and international organisations with a UK operations footprint. Expiration Date: 7/31/2024 | R138: 2023
... A174: Warehouse | B174: South Africa | C174: Non Regional | D174: Scope 1 | E174: Monthly | F174: Gasoline | G174: grams/liters | H174: Department for Environment Food and Rural Affairs (DEFRA) | I174: 2023 Guideline to DEFRA | J174: 2083.54 | K174: 8.5824 | L174: 6.04695 | Q174: The 2023 GHG Conversion factors are suitable for all UK based organisations, and international organisations with a UK operations footprint. Expiration Date: 7/31/2024 | R174: 2023
A175: Farm | B175: Agrinsa | C175: - | D175: Scope 1 | E175: Monthly | F175: Gasoline – 87 octane (regular) | G175: grams/liters | H175: Manual | I175: Manual | J175: 2083.54 | K175: 8.5824 | L175: 6.04695 | Q175: Manual Input from DEFRA Gasoline EFs 2023 | R175: -
A176: Farm | B176: Dateland | C176: - | D176: Scope 1 | E176: Monthly | F176: Gasoline – 87 octane (regular) | G176: grams/liters | H176: Manual | I176: Manual | J176: 2083.54 | K176: 8.5824 | L176: 6.04695 | Q176: Manual Input from DEFRA Gasoline EFs 2023 | R176: -
A177: Food | B177: Pittsburgh, PA | C177: - | D177: Scope 1 | E177: Monthly | F177: Gasoline – 87 octane (regular) | G177: grams/liters | H177: Manual | I177: Manual | J177: 2083.54 | K177: 8.5824 | L177: 6.04695 | Q177: Manual Input from DEFRA Gasoline EFs 2023 | R177: -
A178: Manufacturing | B178: Carnegie, PA | C178: - | D178: Scope 1 | E178: Monthly | F178: Gasoline – 87 octane (regular) | G178: grams/liters | H178: Manual | I178: Manual | J178: 2083.54 | K178: 8.5824 | L178: 6.04695 | Q178: Manual Input from DEFRA Gasoline EFs 2023 | R178: -
A179: Manufacturing | B179: Chicago, IL | C179: - | D179: Scope 1 | E179: Monthly | F179: Gasoline – 87 octane (regular) | G179: grams/liters | H179: Manual | I179: Manual | J179: 2083.54 | K179: 8.5824 | L179: 6.04695 | Q179: Manual Input from DEFRA Gasoline EFs 2023 | R179: -
A180: Manufacturing | B180: Englewood, OH | C180: - | D180: Scope 1 | E180: Monthly | F180: Gasoline – 87 octane (regular) | G180: grams/liters | H180: Manual | I180: Manual | J180: 2083.54 | K180: 8.5824 | L180: 6.04695 | Q180: Manual Input from DEFRA Gasoline EFs 2023 | R180: -
A181: Manufacturing | B181: Fairfield | C181: - | D181: Scope 1 | E181: Monthly | F181: Gasoline – 87 octane (regular) | G181: grams/liters | H181: Manual | I181: Manual | J181: 2083.54 | K181: 8.5824 | L181: 6.04695 | Q181: Manual Input from DEFRA Gasoline EFs 2023 | R181: -
A182: Manufacturing | B182: Gurnee, IL | C182: - | D182: Scope 1 | E182: Monthly | F182: Gasoline – 87 octane (regular) | G182: grams/liters | H182: Manual | I182: Manual | J182: 2083.54 | K182: 8.5824 | L182: 6.04695 | Q182: Manual Input from DEFRA Gasoline EFs 2023 | R182: -
A183: Manufacturing | B183: Les Borges | C183: - | D183: Scope 1 | E183: Monthly | F183: Gasoline – 87 octane (regular) | G183: grams/liters | H183: Manual | I183: Manual | J183: 2083.54 | K183: 8.5824 | L183: 6.04695 | Q183: Manual Input from DEFRA Gasoline EFs 2023 | R183: -
A184: Manufacturing | B184: Leuna | C184: - | D184: Scope 1 | E184: Monthly | F184: Gasoline – 87 octane (regular) | G184: grams/liters | H184: Manual | I184: Manual | J184: 2083.54 | K184: 8.5824 | L184: 6.04695 | Q184: Manual Input from DEFRA Gasoline EFs 2023 | R184: -
A185: Manufacturing | B185: Tucson | C185: - | D185: Scope 1 | E185: Monthly | F185: Gasoline – 87 octane (regular) | G185: grams/liters | H185: Manual | I185: Manual | J185: 2083.54 | K185: 8.5824 | L185: 6.04695 | Q185: Manual Input from DEFRA Gasoline EFs 2023 | R185: -
A186: Office | B186: Barcelona | C186: - | D186: Scope 1 | E186: Monthly | F186: Gasoline – 87 octane (regular) | G186: grams/liters | H186: Manual | I186: Manual | J186: 2083.54 | K186: 8.5824 | L186: 6.04695 | Q186: Manual Input from DEFRA Gasoline EFs 2023 | R186: -
... A222: Warehouse | B222: South Africa | C222: - | D222: Scope 1 | E222: Monthly | F222: Gasoline - 95 octane (premium) | G222: grams/liters | H222: Manual | I222: Manual | J222: 2083.54 | K222: 8.5824 | L222: 6.04695 | Q222: Manual input from DEFRA Gasoline EF 2023 | R222: -
A223: Farm | B223: Agrinsa | C223: Non Regional | D223: Scope 1 | E223: Monthly | F223: Liquefied Petroleum Gas (LPG) | G223: grams/liters | H223: Department for Environment Food and Rural Affairs (DEFRA) | I223: 2023 Guideline to DEFRA | J223: 1554.91 | K223: 1.44232 | L223: 0.88998 | Q223: The 2023 GHG Conversion factors are suitable for all UK based organisations, and international organisations with a UK operations footprint. Expiration Date: 7/31/2024 | R223: 2023
A224: Farm | B224: Dateland | C224: Non Regional | D224: Scope 1 | E224: Monthly | F224: Liquefied Petroleum Gas (LPG) | G224: grams/liters | H224: Department for Environment Food and Rural Affairs (DEFRA) | I224: 2023 Guideline to DEFRA | J224: 1554.91 | K224: 1.44232 | L224: 0.88998 | Q224: The 2023 GHG Conversion factors are suitable for all UK based organisations, and international organisations with a UK operations footprint. Expiration Date: 7/31/2024 | R224: 2023
A225: Food | B225: Pittsburgh, PA | C225: Non Regional | D225: Scope 1 | E225: Monthly | F225: Liquefied Petroleum Gas (LPG) | G225: grams/liters | H225: Department for Environment Food and Rural Affairs (DEFRA) | I225: 2023 Guideline to DEFRA | J225: 1554.91 | K225: 1.44232 | L225: 0.88998 | Q225: The 2023 GHG Conversion factors are suitable for all UK based organisations, and international organisations with a UK operations footprint. Expiration Date: 7/31/2024 | R225: 2023
...
